tree
version=v4
num_class=1
num_tree_per_iteration=1
label_index=0
max_feature_idx=39
objective=binary sigmoid:1
feature_names=price log_price ret_1h ret_6h ret_24h ret_72h ret_120h ma_5 ma_20 ma_60 ma_120 ma5_over_ma60 ma20_over_ma60 ma60_over_ma120 vol_5 vol_20 vol_60 dd_60 dd_120 momentum_z_20 momentum_z_60 accel vol_total_5 vol_total_20 vol_total_60 vol_ratio_5_60 vol_zscore_60 buy_ratio_20 buy_ratio_60 buy_sell_imbalance_5 n_trades_5 n_trades_60 high_low_range_5 days_to_resolution log_days_to_resolution pct_from_peak_24h pct_from_peak_72h pct_from_trough_24h pct_from_trough_72h lifetime_pct
feature_infos=[0.001:0.99900000099899999] [-6.9077552789821368:-0.001000499333583541] [-6.0638561019063859:2.8134107167600364] [-5.8902515606666501:2.8902775500665667] [-5.9559408449950384:3.6763454161844189] [-6.5572464784864373:4.6598950856773378] [-6.7684932096486286:4.2626798770413155] [0.001:0.99900000099899999] [0.0010000000000000002:0.99900000099899999] [0.001:0.99900000000000011] [0.0010000000000000005:0.99900000000000022] [0.0071078733588821391:6.4983660979751496] [0.01524827580451571:2.7035212137937465] [0.019741461655743399:1.8951395316505824] [0:2.4847308352347404] [0:1.4968761980729905] [0:0.92255649173513332] [0:0.99868421051228073] [0:0.99885057471034477] [-1769.4538597099588:727.04670984042343] [-508.67723554438595:950.52861794072271] [-2.8902775500665667:5.8902515606666501] [0:7366817] [0:11998461.751] [0:21616233.361000001] [0:0.99999999992761313] [-1.1142837726169632:2762934400] [0:1] [0:1] [-0.99999999998165445:0.99999999999888578] [0:511] [0:982] [0:116.05226724901804] [0.2537152777777778:13.999131944444445] [-1.3715425943328194:2.638995323724679] [0:0.99767458346675797] [0:0.99868421051228073] [0:65.434782608695642] [0:210.25] [0:1]
tree_sizes=3357 3425 3447 3438 3435 3465 3448 3445 3457 3464 3467 3472 3451 3472 3469 3462 3461 3466 3469 3464 3451 3462 3460 3465 3465 3471 3465 3465 3456 3455 3481 3460 3477 3480 3463 3470 3461 3502 3467 3471 3472 3479 3473 3467 3476 3462 3485 3476 3476 3469 3466 3474 3481 3464 3468 3485 3459 3486 3461 3472 3479 3475 3469 3473 3470 3483 3466 3483 3485 3472 3444 3479 3470 3455 3477 3458 3484 3466 3450 3466 3479 3473 3470 3478 3455 3472 3455 3468 3477 3441

Tree=0
num_leaves=31
num_cat=0
split_feature=37 14 16 31 1 14 34 7 24 37 34 7 8 34 38 19 6 31 24 8 37 10 30 7 1 23 11 1 1 18
split_gain=3860.34 697.856 547.517 309.687 188.35 171.208 205.987 150.747 169.475 121.476 67.581 65.5212 54.0843 63.4917 53.7733 52.3703 42.5305 34.0125 32.2416 32.684 30.0557 28.2824 28.2022 26.2238 33.8873 26.4982 25.1984 24.2568 23.9391 23.6795
threshold=0.051036697040269571 0.048544342801706997 0.0069773252741293168 17.500000000000004 -6.9073663829679512 0.019516065667772822 0.67651954236523648 0.9000000203591717 1247.7801830000001 1.223869662905595 1.1715321102622698 0.48000004117592654 0.89917238164783131 0.15786316386912613 0.66666666551965104 1.845667065931613 -0.20266266777792993 78.500000000000014 9063.0606920000009 0.087000874695256303 0.016537432734411588 0.97185298255150532 8.5000000000000018 0.76600000480069907 -4.6038943614450805 386.82405100000005 0.4289678113477956 -4.3428064090208496 -0.025696634108473136 0.33333333341666677
decision_type=2 2 2 2 2 2 2 2 2 2 2 2 2 2 2 2 2 2 2 2 2 2 2 2 2 2 2 2 2 2
left_child=2 7 21 -3 -4 12 16 8 -2 10 11 26 13 -6 -10 -12 17 -7 27 29 -15 -1 -17 24 -8 -26 -5 -11 -9 -20
right_child=1 3 4 9 5 6 23 28 14 18 15 -13 -14 20 -16 22 -18 -19 19 -21 -22 -23 -24 -25 25 -27 -28 -29 -30 -31
leaf_value=-1.7752854368539532 -1.7111197364610697 -1.6861774411612913 -1.7923400285259579 -1.5046764610624883 -1.6420791999349809 -1.6295687961065919 -1.7361898348672899 -1.7260785506919216 -1.6670646383670575 -1.6416259244339524 -1.6337875804661151 -1.6705981502691145 -1.7725417410675419 -1.7443831791519886 -1.6200491599339173 -1.5971293794163126 -1.6943758608661543 -1.5327661830069879 -1.4230038561993421 -1.5964116932063508 -1.7099532020134729 -1.7898886900415734 -1.5134510467196702 -1.7721151681058693 -1.7240053502673482 -1.6757488712406987 -1.5659657910086056 -1.5410907514690499 -1.7811839667284002 -1.5082439423125276
leaf_weight=501.33126400411129 200.07315397262573 89.956360682845116 144.82336081564426 22.074397727847099 16.970490738749504 16.587697714567184 83.704074621200562 43.766002431511879 168.42893064022064 8.293848857283594 127.08728402853012 13.142560496926306 133.84996078908443 518.17415706813335 95.187865346670151 34.834165200591087 9.6974232792854291 20.032834932208061 11.100997701287268 7.9110558331012717 72.220283895730972 979.0569581836462 14.163341894745825 19.777639582753181 46.828346624970436 72.475479245185852 69.795928075909615 21.69160470366478 35.854946598410606 30.623441934585571
leaf_count=3929 1568 705 1135 173 133 130 656 343 1320 65 996 103 1049 4061 746 273 76 157 87 62 566 7673 111 155 367 568 547 170 281 240
internal_value=-1.73314 -1.64918 -1.76481 -1.60318 -1.73901 -1.73137 -1.69721 -1.68734 -1.67642 -1.58248 -1.59792 -1.56618 -1.74377 -1.73743 -1.65009 -1.61686 -1.60127 -1.57661 -1.52796 -1.50323 -1.74017 -1.78494 -1.57294 -1.71716 -1.7118 -1.69469 -1.55124 -1.5689 -1.75089 -1.48557
internal_weight=3629.52 993.986 2635.53 450.675 1155.14 1010.32 269.103 543.311 463.69 360.719 281.098 105.013 741.215 607.365 263.617 176.085 46.318 36.6205 79.6209 49.6355 590.394 1480.39 48.9975 222.786 203.008 119.304 91.8703 29.9855 79.6209 41.7244
internal_count=28445 7790 20655 3532 9053 7918 2109 4258 3634 2827 2203 823 5809 4760 2066 1380 363 287 624 389 4627 11602 384 1746 1591 935 720 235 624 327
is_linear=0
shrinkage=1


Tree=1
num_leaves=31
num_cat=0
split_feature=37 14 9 0 31 33 0 32 31 3 23 22 33 11 10 3 9 2 34 33 38 0 4 39 23 10 28 32 38 0
split_gain=3349.64 521.34 493.047 309.33 222.701 202.359 128.875 125.503 106.233 87.5907 61.5064 52.3082 40.4188 38.4701 36.8039 35.5673 35.3997 33.1702 31.7876 31.0292 30.1775 27.0159 25.4738 24.242 40.5787 24.0168 21.4669 19.8888 21.5754 19.6132
threshold=0.051036697040269571 0.048544342801706997 0.92390263176336729 0.001000389047293513 19.500000000000004 2.7941608796296298 0.89396863860620612 0.058590848466175488 16.500000000000004 0.21189283687310356 2498.2294175000002 91.14230400000001 0.58073495370370376 0.31024589848722911 0.012005803132893619 0.029279178112513609 0.54234531163966537 0.018927982702148932 0.86948297240568484 1.04509837962963 0.41089182063998336 0.97200000285857069 0.58778666540211921 0.0064275730374729464 303.35314550000004 0.48981479224845798 0.51092740047654195 0.0027000826251534099 0.26021828678830461 0.46999999878583337
decision_type=2 2 2 2 2 2 2 2 2 2 2 2 2 2 2 2 2 2 2 2 2 2 2 2 2 2 2 2 2 2
left_child=2 6 3 -1 -3 7 8 12 18 10 -6 20 -5 -12 -13 25 26 22 -2 -9 -7 -8 -11 24 -14 -10 -16 28 -20 -15
right_child=1 4 -4 5 9 11 21 19 15 17 13 14 23 29 16 -17 -18 -19 27 -21 -22 -23 -24 -25 -26 -27 -28 -29 -30 -31
leaf_value=-0.058393902641019714 0.089043188913915994 0.047482528504320526 -0.052760169332164403 0.14072064933514006 0.075409517785656743 -0.017147171849470871 0.0099829211483012433 0.19795165839938261 0.072544348731016436 0.12639809691316853 0.20186820522272969 -0.01818883157981396 -0.0167324951553031 0.12706534670169364 -0.0045464196452193011 0.10239204649080419 -0.0036076248763640055 0.18974246466828892 -0.0047228829560550106 0.10241968750888097 0.01331380115507149 -0.045972030589485756 0.18593415868643084 0.0090268432866478163 0.11401233523495442 0.030451463212073794 0.054961902700560172 0.10520105696115033 0.030529596072889294 0.064842776732548665
leaf_weight=255.63033402711153 18.545573174953461 102.95942026376724 1262.6296600028872 7.7430266216397277 79.746577709913254 588.19763611257076 53.634568825364113 13.15614792704582 136.61174802482128 70.431003078818321 16.360058143734932 61.597110383212566 9.4851286709308642 127.58833792805672 18.360677115619183 78.426199093461037 59.809327989816666 57.506227299571037 68.975953608751297 24.016165420413017 94.350702255964279 36.084798723459244 24.11988990008831 80.898975774645805 15.853854611515997 45.066309183835983 86.798652127385139 6.6908870339393607 117.0676289498806 14.060254693031309
leaf_count=2077 141 776 10268 58 574 4655 415 92 1013 498 111 485 74 905 142 583 471 398 530 174 744 292 166 629 119 338 667 51 895 104
internal_value=0.00025612 0.0753601 -0.0304398 -0.00902298 0.112886 0.00288034 0.0424039 0.0564506 0.0528581 0.130161 0.111207 -0.00602649 0.0304322 0.129274 0.0147904 0.0742509 0.0271044 0.159798 0.0265217 0.136231 -0.0129365 -0.012522 0.141586 0.0223939 0.0650707 0.062103 0.0445718 0.0205057 0.0174597 0.120889
internal_weight=3632.4 1053.88 2578.53 1315.9 492.772 1060.27 561.104 151.153 471.384 389.812 237.755 909.114 113.981 158.009 226.566 260.104 164.969 152.057 211.28 37.1723 682.548 89.7194 94.5509 106.238 25.339 181.678 105.159 192.734 186.044 141.649
internal_count=28445 7790 20655 10387 3532 8310 4258 1146 3551 2756 1694 7164 880 1120 1765 1934 1280 1062 1617 266 5399 707 664 822 193 1351 809 1476 1425 1009
is_linear=0
shrinkage=0.05


Tree=2
num_leaves=31
num_cat=0
split_feature=37 16 32 1 32 24 8 1 34 9 31 1 3 34 37 8 24 2 16 9 34 16 1 34 17 34 34 8 8 24
split_gain=2931.74 508.151 384.338 168.603 152.852 149.507 182.107 115.782 106.425 62.6399 56.8466 53.7421 53.0637 42.316 38.5686 43.2546 37.9969 37.8701 33.949 31.0945 29.4573 40.5056 29.0403 27.7184 27.3697 25.4161 23.0961 22.8985 27.181 33.3294
threshold=0.051036697040269571 0.0069773252741293168 0.01999999999999999 -6.9073663829679512 0.011764705882352915 1080.0813675000002 0.49246802749417956 -0.61618613728662208 0.67651954236523648 0.89390319796344175 19.500000000000004 -0.030459207718041909 0.019048208779671724 0.15786316386912613 0.51264922047535622 0.35799999543008659 456.17798800000008 0.0046335274573968696 0.11806064807321469 0.98197615563263529 1.7811838753658262 0.06906234113070929 -4.8292283000489862 0.67651954236523648 0.26666667911522696 0.19703245619969129 1.8156180212341331 0.0093336316333686633 0.56588353333636288 3058.0114195000006
decision_type=2 2 2 2 2 2 2 2 2 2 2 2 2 2 2 2 2 2 2 2 2 2 2 2 2 2 2 2 2 2
left_child=1 19 5 -3 9 20 14 10 18 13 -4 -8 23 -5 15 25 -15 -14 -6 -1 21 -2 -10 -12 -16 -7 -26 -18 29 -29
right_child=2 3 7 4 8 6 11 -9 22 -11 12 -13 17 16 24 -17 27 -19 -20 -21 -22 -23 -24 -25 26 -27 -28 28 -30 -31
leaf_value=-0.040537780555521451 0.0043977712116555854 -0.057856087229449994 0.049604113820111602 0.063279741868454656 0.037336689981099812 0.14992799631344461 0.032481590327741339 0.036265302534627293 -0.014761154825910325 -0.038352652302015677 0.13915494495295286 -0.043099921199342514 0.1287212756414407 -0.015974003375659736 0.12752163780645906 0.16475568590105291 -0.011019591730199979 0.18013097409082132 0.13965265765136603 -0.055978364904603867 0.0066536947264250919 0.072099942285917026 0.040123793816949256 0.089501329462909285 0.10551127392958433 0.060474421053796981 0.051320058560995564 0.011528592243881147 -0.0076168177082982652 0.056318050302916735
leaf_weight=529.44326866418123 40.024229519069195 133.19078382104635 24.18911948800087 25.103415086865425 10.776497587561606 8.2922371923923475 110.59107215702534 44.050210453569889 36.278955936431885 128.60184786468744 41.934184581041336 29.872087799012661 86.843989908695221 307.84374928474426 64.933062136173248 11.329302877187727 118.39858159422874 60.971549153327942 32.733231619000435 848.78478595614433 180.18914725631475 49.312383100390434 71.798235103487968 85.236566051840782 49.761315107345581 187.25679893791676 32.505139663815498 129.97359158098698 88.973834700882435 61.042054548859596
leaf_count=4413 303 1135 175 179 78 56 812 315 284 1065 265 248 563 2441 439 80 936 381 211 7189 1356 363 538 570 333 1310 221 1017 702 467
internal_value=0.00017097 -0.0295965 0.0679956 -0.00497448 0.00198862 0.0482524 0.0645804 0.111947 0.0482821 -0.00617185 0.12309 0.0164078 0.129554 -0.000513005 0.0836905 0.0697707 -0.00278056 0.149927 0.114311 -0.0500469 0.0182927 0.0417683 0.0217002 0.105874 0.103254 0.0642677 0.0840992 0.00741433 0.0152094 0.0258418
internal_weight=3630.24 2522.94 1107.29 1144.71 1011.52 764.067 494.541 343.226 151.587 859.937 299.175 140.463 274.986 731.335 354.078 206.878 706.232 147.816 43.5097 1378.23 269.526 89.3366 108.077 127.171 147.2 195.549 82.2665 398.388 279.989 191.016
internal_count=28445 20655 7790 9053 7918 5521 3499 2269 1111 6807 1954 1060 1779 5742 2439 1446 5563 944 289 11602 2022 666 822 835 993 1366 554 3122 2186 1484
is_linear=0
shrinkage=0.05


Tree=3
num_leaves=31
num_cat=0
split_feature=37 16 14 31 1 32 1 7 34 9 23 17 31 33 33 33 1 31 3 25 9 8 8 31 4 27 21 3 37 33
split_gain=2583.01 472.391 352.933 162.211 148.035 141.878 100.014 92.2638 84.0792 73.2866 56.8952 44.7393 43.5891 43.4323 38.4671 30.3835 28.4083 27.4924 24.5777 24.6619 23.4112 23.3094 20.6396 33.5281 20.6328 20.8065 20.4809 19.4871 19.3148 19.2469
threshold=0.045454054882802984 0.0053714650945577156 0.020242047882053114 19.500000000000004 -6.9073663829679512 0.017747906762127941 -0.61618613728662208 0.9000000203591717 0.67651954236523648 0.89390319796344175 2242.1500945000007 0.26666667911522696 11.500000000000002 1.2160821759259262 3.1667071759259264 2.9191435185185188 -4.8292283000489862 2.5000000000000004 0.029279178112513609 0.017121374130802187 0.98197615563263529 0.010400000004800004 0.56588353333636288 28.500000000000004 0.2513144287809061 0.93019338282147268 0.062520216013284599 0.13353139262452271 1.6060604436998813 6.2148206018518524
decision_type=2 2 2 2 2 2 2 2 2 2 2 2 2 2 2 2 2 2 2 2 2 2 2 2 2 2 2 2 2 2
left_child=1 20 7 17 -3 9 10 12 -7 13 24 -12 15 26 -13 -2 -10 -4 19 -14 -1 29 23 -23 -5 27 -6 -26 -16 -15
right_child=2 4 3 6 5 8 -8 -9 16 -11 11 14 18 21 28 -17 -18 -19 -20 -21 -22 22 -24 -25 25 -27 -28 -29 -30 -31
leaf_value=-0.041499546266562874 0.078334300224863443 -0.057414463228986773 -0.04845779034673868 0.067608775432231982 0.034356190245198065 0.10563201812852463 0.042349601022178475 -0.024351455374081774 -0.014172750049014938 -0.036903855875531126 0.14702056326384716 0.12548893725774998 0.052470884072947824 0.0010954220218101867 0.076851033492980336 0.0079451156918703501 0.042287653109094971 0.042085261787523809 0.082386812745488869 0.01379070787800674 -0.055690807448587232 0.0018650780802166461 -0.01420354277250831 0.041030982923843176 0.07298850601101195 0.059337032129354143 0.13027981140189743 0.15448210554191219 0.13739502405930692 -0.02855516341894937
leaf_weight=454.65888104587793 17.2837800309062 127.64479175209999 8.9329578429460508 108.49809245765209 21.071506105363373 42.340075649321079 75.333775535225868 71.753444612026215 35.905604846775532 172.04738100618124 87.257762148976326 115.22203895449638 157.3667520955205 92.822977028787136 101.20593982934952 135.68043114989996 58.70477918535471 136.38079556822777 46.712020173668861 55.828119218349457 805.48048657923937 294.42027071118355 128.38287120312452 67.09538795799017 10.741954550147055 15.919461935758589 7.5615225732326499 23.133730754256248 15.144286319613455 133.36978324502707
leaf_count=3905 121 1135 66 702 147 259 528 581 284 1471 519 673 1093 737 636 1014 426 972 317 390 7108 2324 1026 499 69 97 50 137 89 1070
internal_value=0.000100593 -0.0292757 0.0607592 0.0835249 -0.00656091 -0.000400664 0.0958889 0.0279807 0.0470687 -0.00749179 0.104342 0.116508 0.0370756 -0.00069697 0.105011 0.0158986 0.0208604 0.0365193 0.049539 0.0423419 -0.0505706 -0.00311148 0.00301821 0.00913406 0.079838 0.106484 0.0596881 0.128641 0.0847315 -0.0163874
internal_weight=3623.9 2441.51 1182.4 697.771 1181.37 1053.72 552.457 484.625 136.95 916.772 477.123 318.83 412.871 744.724 231.572 152.964 94.6104 145.314 259.907 213.195 1260.14 716.091 489.899 361.516 158.293 49.7951 28.633 33.8757 116.35 226.193
internal_count=28445 20441 8004 4488 9428 8293 3450 3516 969 7324 2922 1917 2935 5853 1398 1135 710 1038 1800 1483 11013 5656 3849 2823 1005 303 197 206 725 1807
is_linear=0
shrinkage=0.05


Tree=4
num_leaves=31
num_cat=0
split_feature=37 16 14 0 31 32 0 0 34 9 24 23 34 3 24 0 9 31 34 25 37 2 34 16 2 3 13 19 37 34
split_gain=2289.92 454.719 288.033 140.386 130.528 124.856 83.9639 72.8244 68.6825 68.421 59.2604 48.4166 36.5484 34.5251 28.6474 28.309 23.7089 22.0583 21.34 20.1373 24.8351 22.8746 20.034 19.8823 18.5471 18.2343 21.1044 18.2132 18.092 17.1456
threshold=0.045454054882802984 0.0053714650945577156 0.020242047882053114 0.001000389047293513 16.500000000000004 0.017747906762127941 0.5600000003107346 0.90004175494173866 1.0563564963308465 0.89390319796344175 1080.0813675000002 2242.1500945000007 0.15786316386912613 0.019048208779671724 766.17700000000013 0.0089990898047153812 0.98197615563263529 2.5000000000000004 1.1781384802901991 0.017121374130802187 0.46570455561528945 7.0409480098890315e-08 2.5694823366310446 0.088759726223702165 0.0046335274573968696 0.2513144287809061 1.2409758678905125 1.5287883227514427 0.48821640181789488 -0.2564930544121487
decision_type=2 2 2 2 2 2 2 2 2 2 2 2 2 2 2 2 2 2 2 2 2 2 2 2 2 2 2 2 2 2
left_child=1 16 7 -3 17 9 11 10 23 12 22 25 -5 18 -14 -10 -1 -4 -13 20 -12 -21 -2 -7 -15 26 -6 -20 -19 -25
right_child=2 3 4 5 6 8 -8 -9 15 -11 19 13 14 24 -16 -17 -18 28 27 21 -22 -23 -24 29 -26 -27 -28 -29 -30 -31
leaf_value=-0.040678958163590927 0.01799822159480665 -0.05700075823756931 -0.047624845097911143 0.054482128047377038 0.055599481955922452 0.018663060837584393 0.037139545867691436 -0.021165849730119091 -0.021899134496118484 -0.03604609916479181 0.045022892048123028 0.10511633906535689 -0.012051606520224042 0.10485611936669981 0.0080398858317904231 0.037818647712530601 -0.05520870508405902 0.01842107880798818 0.055037259072068634 0.013947224415135318 0.084681092675931699 0.088137732915037709 -0.037448363259197204 0.15610450480106594 0.1367536592195451 0.095308272203934563 0.13866167947003774 0.11199645998276567 0.057940953713884608 0.082918449904097302
leaf_weight=440.98853991925716 165.95068257302046 122.27838844060898 8.6421481072902662 28.871734820306301 117.7140127569437 9.3693983629345876 79.019317850470543 69.9926548153162 32.713067159056664 167.45227526128292 107.78072115778923 74.93888558447361 389.41366158425808 112.40161596238613 325.90289033949375 50.451368942856789 772.71814700961113 68.563522823154926 61.777073711156845 56.572635143995285 62.292202964425087 12.726836107671259 18.064779907464981 10.122805476188658 76.648945212364197 55.915715053677559 8.1785893589258176 18.160184040665627 50.136181399226189 38.209965571761131
leaf_count=3905 1220 1135 66 191 739 63 540 576 262 1471 723 414 3130 636 2532 357 7108 484 376 381 396 86 134 55 411 321 50 106 345 232
internal_value=4.29265e-05 -0.0284659 0.0556075 -0.00629119 0.0755071 -0.000399848 0.0851951 0.0260796 0.0434099 -0.00716932 0.0338901 0.092418 -0.000671664 0.10345 -0.00289779 0.0143284 -0.0499295 0.0294983 0.0859475 0.0502912 0.0595484 0.0275723 0.012555 0.0853241 0.117789 0.0715486 0.0609956 0.0679773 0.0351134 0.0982465
internal_weight=3613.97 2388.49 1225.48 1174.79 732.096 1052.51 604.754 493.381 140.867 911.641 423.388 525.735 744.188 343.927 715.317 83.1644 1213.71 127.342 154.876 239.372 170.073 69.2995 184.015 57.7022 189.051 181.808 125.893 79.9373 118.7 48.3328
internal_count=28445 20441 8004 9428 4488 8293 3593 3516 969 7324 2940 3053 5853 1943 5662 619 11013 895 896 1586 1119 467 1354 350 1047 1110 789 482 829 287
is_linear=0
shrinkage=0.05


Tree=5
num_leaves=31
num_cat=0
split_feature=37 16 32 0 0 0 32 31 34 39 0 37 34 2 29 10 33 38 10 38 23 15 13 3 33 17 33 16 34 0
split_gain=2097.77 410.246 222.569 133.224 115.913 89.3982 85.8964 79.446 62.314 53.1469 39.1652 38.0241 34.1313 32.9463 32.3173 28.0787 26.7977 24.8956 23.7699 21.4723 20.8456 20.4568 17.9897 17.5297 16.9952 17.0013 16.7168 16.2251 16.209 16.1771
threshold=0.042578858973469975 0.0069773252741293168 0.010053726756144741 0.001000389047293513 0.94000000013800011 0.51999999420571197 0.0074895130345210585 16.500000000000004 -0.31515478062251578 0.031250000920410345 0.93500002290742446 0.23076923076923084 0.15786316386912613 0.0046335274573968696 0.99999998718590877 0.96223319438816135 1.1613946759259262 0.20689655172413798 0.0019427221773342729 0.41089182063998336 464.50000000000006 0.13343411088745613 0.82540610108038015 0.60606228873751122 1.3897569444444449 0.36596967910789652 6.3553761574074086 0.23896733477175638 -0.43793090951855568 0.0039865707815169458
decision_type=2 2 2 2 2 2 2 2 2 2 2 2 2 2 2 2 2 2 2 2 2 2 2 2 2 2 2 2 2 2
left_child=1 15 4 -3 7 13 10 17 -9 16 12 -10 -5 24 19 18 -8 -2 -1 -14 26 -22 -18 -13 -4 -26 -19 -28 -7 -11
right_child=2 3 5 6 -6 28 9 8 11 29 -12 23 14 -15 -16 -17 22 20 -20 -21 21 -23 -24 -25 25 -27 27 -29 -30 -31
leaf_value=-0.057070957981218279 -0.0014711539952143144 -0.05661286961997937 0.10884299456546496 0.053180269050827858 -0.033326605013620676 -0.040533652996391389 0.11125860993857715 0.15346721346643916 0.033824925829945361 -0.050220923933021501 -0.041066209459744603 0.059001352317791515 -0.012914551242754783 0.10725100543338772 0.028698857062565971 -0.053256237158738999 0.014922623010640214 0.042348788002019314 -0.028160717932589258 0.011981009111684843 0.028807989805801737 0.092325081413771715 0.066859156696657943 0.10048109552321956 0.088312522868165905 0.05989351884484552 0.018718040718157719 -0.032828055112047942 0.037467563440923161 0.012608403450518866
leaf_weight=99.536283895373344 85.898278959095478 117.0915400609374 36.610950499773026 25.593619041144848 56.857272922992706 7.3340023681521407 19.234741270542145 15.331615284085272 184.71033208817244 11.791252888739107 76.833760678768158 209.55199852585793 541.07358139008284 145.24863602221012 62.607612334191799 856.41075998544693 29.3692761734128 63.961218312382698 248.86292876303196 103.11757090687752 27.309517219662666 23.657878965139389 38.569371357560158 28.995081514120102 91.645174413919449 123.60733030736446 93.353195562958717 18.251089230179787 72.504242710769176 78.129625342786312
leaf_count=917 635 1135 193 165 484 51 99 88 1214 95 690 1260 4348 768 482 8166 199 439 2242 811 187 153 262 156 527 702 674 130 493 561
internal_value=0.000288583 -0.0282151 0.051496 -0.00618867 0.0355062 0.0785803 -0.000202534 0.0407173 0.0544428 0.0313389 -0.00710518 0.0508559 -0.0035424 0.0882864 -0.00559636 -0.0483877 0.0591581 0.0214495 -0.0364203 -0.00892945 0.0301407 0.0582911 0.0444075 0.0640432 0.0773496 0.0719931 0.0219686 0.0102885 0.0303023 0.00436964
internal_weight=3593.05 2308.22 1284.83 1103.41 807.877 476.95 986.32 751.02 438.589 177.094 809.226 423.257 732.392 397.112 706.799 1204.81 87.1734 312.431 348.399 644.191 226.533 50.9674 67.9386 238.547 251.863 215.253 175.566 111.604 79.8382 89.9209
internal_count=28326 20172 8154 8847 5420 2734 7712 4936 2718 1216 6496 2630 5806 2190 5641 11325 560 2218 3159 5159 1583 340 461 1416 1422 1229 1243 804 544 656
is_linear=0
shrinkage=0.05


Tree=6
num_leaves=31
num_cat=0
split_feature=37 16 32 1 7 24 32 1 9 34 39 33 37 9 29 33 17 34 38 33 39 33 38 6 36 8 32 7 39 33
split_gain=1873.56 395.105 185.255 120.426 109.852 107.23 84.6364 73.5771 51.6239 45.6861 45.324 36.9205 35.9592 23.9087 23.8612 22.5894 24.648 22.4118 19.5467 18.1536 20.7771 22.4511 18.084 17.22 16.4705 15.825 15.6589 15.4684 22.5708 16.9328
threshold=0.042578858973469975 0.0053714650945577156 0.010053726756144741 -6.9073663829679512 0.90379999945699818 668.28760700000009 0.0085329335444925079 -0.6539264785495259 0.89390319796344175 -0.056161746190131548 0.031250000920410345 0.58073495370370376 0.24999991358899545 0.98197615563263529 0.99999998718590877 2.7234837962962968 0.36596967910789652 0.52301491579871551 0.41089182063998336 9.3072280092592603 0.19531527003806945 11.21633101851852 1.5000000176683448 0.21977554498776083 0.054960528239585998 0.0055885499351929916 0.025152392869649376 0.011999999042016931 0.052631583826774679 4.3476967592592599
decision_type=2 2 2 2 2 2 2 2 2 2 2 2 2 2 2 2 2 2 2 2 2 2 2 2 2 2 2 2 2 2
left_child=1 13 4 -3 5 -2 8 15 11 -7 17 -5 -11 23 18 -4 -17 -8 -13 24 -21 -22 -18 -1 -14 -12 -19 29 -29 -20
right_child=2 3 7 6 -6 9 10 -9 -10 12 25 14 19 -15 -16 16 22 26 27 20 21 -23 -24 -25 -26 -27 -28 28 -30 -31
leaf_value=-0.041159063895074288 0.0090910477973746833 -0.056248892808134325 0.094912232900510804 0.11755370339911038 -0.026369855616019591 0.12062260079261292 0.087521605561291474 0.028218663190367491 -0.03535198325048141 0.032116945973523985 -0.049789428948070584 -0.010555058274130561 0.095944493784756266 -0.054428657849898011 0.025173237492868962 0.086975230066806297 0.046231245481488228 0.10420531722035734 0.055460899692411851 0.020689780650705258 0.023026412941888966 0.10156280959455466 0.091818022818320078 0.01379890369766165 0.060214691228569463 0.012542399451916847 0.025631822675505775 0.10194551651396833 0.016480564879738393 -0.023409209111724755
leaf_weight=388.52067700773478 218.27323084324598 112.08337560296059 160.37166698276997 6.3292637020349494 71.150051601231098 22.368139535188675 32.960419148206711 81.382440522313118 145.23064549267292 216.20985412597656 11.75849801301956 539.08283439278603 40.11951057612896 699.46098709106445 64.87231383472681 123.46430952847004 103.30740620195866 7.2718761414289466 8.2767198011279088 54.300061002373695 15.520160228013991 21.997693672776222 27.558226361870766 14.79594888538122 164.51898336410522 75.984783932566643 49.526826985180378 8.9902629852294904 54.901516787707806 38.277650944888592
leaf_count=3665 1552 1135 806 37 605 120 168 544 1344 1399 98 4329 233 6988 484 663 577 50 63 336 93 130 144 135 952 541 340 68 423 304
internal_value=0.000234092 -0.0274299 0.0475436 -0.00699916 0.0330167 0.0386258 -0.00170902 0.0716863 -0.00815609 0.0506748 0.0297436 -0.00267599 0.047623 -0.0488382 -0.00374117 0.0802166 0.07095 0.054724 -0.00662902 0.0589317 0.0404603 0.0690743 0.0558311 -0.0391429 0.0672195 0.0041893 0.0356915 0.0125338 0.0285064 -0.0093872
internal_weight=3578.87 2258.32 1320.54 1155.55 824.458 753.308 1043.46 496.084 865.961 535.034 177.502 720.731 512.666 1102.78 714.401 414.702 254.33 89.7591 649.529 296.456 91.8179 37.5179 130.866 403.317 204.638 87.7433 56.7987 110.446 63.8918 46.5544
internal_count=28326 20172 8154 9384 5420 4815 8249 2734 7052 3263 1197 5708 3143 10788 5671 2190 1384 558 5187 1744 559 223 721 3800 1185 639 390 858 491 367
is_linear=0
shrinkage=0.05


Tree=7
num_leaves=31
num_cat=0
split_feature=37 16 14 0 31 14 7 33 0 9 34 18 33 34 9 31 33 7 7 38 0 38 6 4 12 5 32 34 38 19
split_gain=1678.27 380.459 183.626 114.532 80.7364 76.2044 70.8619 61.4522 50.6785 37.9699 36.6847 36.6948 28.6337 24.8416 24.256 23.4648 18.5102 18.3894 17.202 16.7866 21.9376 20.0218 16.3713 16.3469 22.4382 16.9259 18.8916 15.4558 16.7129 15.5277
threshold=0.042578858973469975 0.0053714650945577156 0.016715413868959087 0.001000389047293513 16.500000000000004 0.019516065667772822 0.9000000203591717 2.9191435185185188 0.5600000003107346 0.92390263176336729 0.98846495541911283 0.35909887509096045 0.93750000000000011 0.15786316386912613 0.98197615563263529 58.500000000000007 0.51706018518518526 0.6545195124051485 0.021000000012727008 0.1111735330836455 0.019000000013260344 0.62500001074092382 0.21977554498776083 0.015748286491935274 1.0798595720114987 0.064504333931001176 0.0072557985916679038 1.2464068309093863 0.2307691752961232 2.2929817996114106
decision_type=2 2 2 2 2 2 2 2 2 2 2 2 2 2 2 2 2 2 2 2 2 2 2 2 2 2 2 2 2 2
left_child=1 14 6 -3 -4 9 12 17 10 13 16 -12 -2 -5 22 -13 -6 18 -7 -14 21 -21 -1 -10 25 -25 -27 28 -22 -29
right_child=2 3 4 5 8 7 -8 -9 23 -11 11 15 19 -15 -16 -17 -18 -19 -20 20 27 -23 -24 24 -26 26 -28 29 -30 -31
leaf_value=-0.040381582261834692 0.10613056476273218 -0.055907106858335914 0.023975134697808632 0.046227829485605609 0.13650960549243374 0.04115494009916254 -0.026429029723057926 0.0045978471898973326 0.0027170128809282535 -0.037065723484043044 0.083013830309110456 0.034523984578656304 -0.00027475207064824313 -0.0073694657017677363 -0.054008137907653776 0.06436859574204111 0.083088165031847655 -0.017702269278505971 0.087035321812611061 -0.0055099072880241831 0.011898542380630862 0.030670929932415471 0.012970851205137447 0.025466424920855314 0.002487373139694854 0.15764294388107256 0.064788150658197749 0.05167764322603359 0.095608140411232348 0.022136942877953432
leaf_weight=376.50807999819517 11.340700298547743 107.25229680538177 142.57003784924746 22.416632696986198 17.73417204618454 47.763149872422218 70.141669988632202 207.35261858254671 32.569779925048351 111.92700927704573 134.69890417158604 119.37501856684685 54.515944302082062 607.54260139167309 670.39751935750246 146.91589576005936 189.29746639728546 8.1970325335860235 35.699723735451698 66.768009051680565 8.1706869751214999 89.482581585645676 14.949411071836947 16.016976311802864 20.061218500137329 7.5257529243826893 20.128505006432533 76.062616720795631 22.0647012591362 107.14933077991009
leaf_count=3665 63 1135 944 140 84 281 607 1563 213 1073 702 659 378 4925 6988 772 921 60 207 441 54 552 135 104 128 50 131 494 136 721
internal_value=0.000186191 -0.0266613 0.0440526 -0.00671054 0.0582884 -0.00164142 0.0202116 0.0196684 0.0652342 -0.0102302 0.0705719 0.0617471 0.0277226 -0.00546225 -0.0482335 0.0509896 0.0876642 0.0537609 0.0607794 0.0256265 0.029446 0.0152104 -0.0383441 0.0315336 0.04626 0.0663678 0.0900574 0.0398669 0.0729868 0.0344011
internal_weight=3562.6 2210.01 1352.59 1148.15 846.894 1040.9 505.696 299.013 704.324 741.886 608.021 400.99 435.555 629.959 1061.86 266.291 207.032 91.6599 83.4629 424.214 369.698 156.251 391.457 96.3022 63.7325 43.6712 27.6543 213.447 30.2354 183.212
internal_count=28326 20172 8154 9384 4708 8249 3446 2111 3764 6138 3138 2133 2839 5065 10788 1431 1005 548 488 2776 2398 993 3800 626 413 285 181 1405 190 1215
is_linear=0
shrinkage=0.05


Tree=8
num_leaves=31
num_cat=0
split_feature=37 16 14 0 0 24 0 33 0 24 24 33 8 9 9 2 37 31 27 33 33 14 22 18 33 10 8 29 8 26
split_gain=1506.69 366.281 159.441 108.965 80.4592 71.1249 69.5287 108.286 46.5317 38.4096 37.4531 33.8601 32.561 25.3135 24.6137 20.9949 20.0033 19.4331 18.9608 18.6835 17.5896 17.1769 17.3954 17.0869 24.3793 16.2129 22.3452 16.0368 15.9531 15.6353
threshold=0.042578858973469975 0.0053714650945577156 0.098708354771286685 0.001000389047293513 0.97200000285857069 1080.0813675000002 0.4900000011451317 2.7941608796296298 0.010012774536566221 583.6092275000002 1371.4596715000002 0.58073495370370376 0.49246802749417956 0.24361191058469564 0.98197615563263529 0.0041302172566058731 0.27997389750241247 78.500000000000014 0.2363317472452254 10.540526620370372 0.93750000000000011 0.05349765180334861 1531.1676865000002 0.647058824764706 2.7234837962962968 0.0019427221773342729 0.91923058177860717 0.96464504783821348 0.94199998495980508 -0.25038649097439075
decision_type=2 2 2 2 2 2 2 2 2 2 2 2 2 2 2 2 2 2 2 2 2 2 2 2 2 2 2 2 2 2
left_child=1 14 4 -3 5 -2 7 11 -9 -4 -10 -5 13 20 25 -14 29 -13 -12 27 -7 -20 -23 -22 -25 -1 -27 -18 -8 -11
right_child=2 3 9 6 -6 12 28 8 10 16 18 17 15 -15 -16 -17 19 -19 21 -21 23 22 -24 24 -26 26 -28 -29 -30 -31
leaf_value=-0.056156656828417265 0.0094797845195473893 -0.055585916990525334 0.015693565654793757 0.12088098918505351 -0.041214212234094043 0.10044633504319454 -0.013232035628176944 -0.018517691455484878 -0.002448766633666354 0.098776057462448552 -0.020279598415637437 0.024920878133490622 0.012008272528142988 0.079435472881911273 -0.053603743085500824 0.050622554794150836 0.082427886061462952 0.06781792954408139 0.054880514753688894 0.041449985576420559 0.048789509925333374 -0.005520804520651121 0.072891485979559065 0.069807450749611463 0.0094349186477894649 -0.013390874357990981 -0.042252383394664444 0.059106923256809309 -0.037390601007837858 0.034779228444750475
leaf_weight=89.509110622107983 258.69055656343699 102.59611345827579 39.622368708252907 13.866031035780905 40.211556099355221 13.15030227601528 182.93495432287455 259.69101600348949 229.66398660838604 11.121688470244406 15.198761045932768 83.784920290112495 123.60391093045473 58.327686309814453 642.39130219072104 49.218189314007759 245.30261622369289 38.54845517873764 66.622404381632805 45.759593546390533 230.02353279292583 29.763076528906822 9.2778710573911649 21.783763840794563 71.960688531398773 105.03390973061323 185.51138889044523 105.38693808019161 109.08204483240843 67.276528120040894
leaf_count=917 1808 1135 252 69 365 64 1516 2122 1840 59 112 576 826 321 6988 319 1189 205 485 245 1288 203 60 115 413 1008 1875 533 1061 357
internal_value=0.000144518 -0.0259032 0.0409379 -0.0064284 0.0278526 0.0312119 -0.00157169 0.00652068 -0.0024766 0.0629888 0.00940762 0.0468314 0.0411084 0.049024 -0.0476367 0.0230053 0.0669352 0.0384382 0.0319373 0.0714987 0.0437591 0.0394482 0.0131135 0.0414567 0.0234639 -0.0375507 -0.0318188 0.0754196 -0.0222564 0.0438579
internal_weight=3544.92 2163.48 1381.44 1141.03 866.97 826.759 1038.43 746.417 610.217 514.47 350.526 136.199 568.068 395.246 1022.45 172.822 474.847 122.333 120.862 396.449 336.918 105.663 39.0409 323.768 93.7445 380.054 290.545 350.69 292.017 78.3982
internal_count=28326 20172 8154 9384 5519 5154 8249 5672 4822 2635 2700 850 3346 2201 10788 1145 2383 781 860 1967 1880 748 263 1816 528 3800 2883 1722 2577 416
is_linear=0
shrinkage=0.05


Tree=9
num_leaves=31
num_cat=0
split_feature=15 38 9 1 2 39 32 14 23 33 24 1 33 24 33 35 28 4 33 13 3 9 9 7 39 7 7 9 10 38
split_gain=1328.6 243.148 174.606 113.407 95.4475 93.127 82.0713 51.0164 30.9838 28.9463 28.7764 25.9704 27.6507 29.7486 24.9629 23.3769 19.3294 19.27 17.5741 16.3466 16.4848 16.0528 19.6298 15.4605 14.8143 14.416 19.0832 14.243 13.5881 12.9456
threshold=0.013052232447894533 0.16666666666666677 0.92390263176336729 -6.9073663829679512 0.021611070019934963 1.0000000180025095e-35 0.0011093142959247243 0.098708354771286685 545.07271850000006 12.478425925925928 336.06423500000011 -0.036663982658014974 0.51706018518518526 1080.0813675000002 0.70679976851851867 1.2613254929847393e-10 0.99936774473323953 0.2513144287809061 6.1448726851851863 1.0730439656289892 0.019048208779671724 0.016170023483746347 0.91883333342161666 0.0048000000001500393 0.99999999999934197 0.48000004117592654 0.011400000881911806 0.98197615563263529 0.79997691404989768 2.0908307138908833
decision_type=2 2 2 2 2 2 2 2 2 2 2 2 2 2 2 2 2 2 2 2 2 2 2 2 2 2 2 2 2 2
left_child=2 3 5 -2 7 -1 8 11 18 24 -9 12 -3 -14 -8 23 28 -7 -5 29 -21 -16 -23 -15 -6 26 -17 -4 -10 -12
right_child=1 4 27 6 9 17 14 10 16 -11 19 -13 13 15 21 25 -18 -19 -20 20 -22 22 -24 -25 -26 -27 -28 -29 -30 -31
leaf_value=-0.049192504300192265 -0.055283892571172458 0.10803320941584277 -0.039184328512930647 0.0036138391773703352 0.07617476663462848 -0.0057447160475221333 0.10004856217280807 -0.0031274283889663997 0.017148802090347873 -0.0052972462158364471 0.053795955950932672 -0.034687800784938619 0.0090495019069238326 0.016088108330362349 -0.00073353064875687746 0.012123958965951542 0.089856563890702984 0.055331167403647685 -0.022774676842118938 0.0092634057424030025 0.057504993138588069 0.039816714387981428 -0.022232319807665185 0.063830158228077555 0.021241283002571817 0.0054597738616492296 0.041425983074107678 -0.052822138637790721 -0.026829657588000846 0.083796584383202172
leaf_weight=149.24449668079615 71.228522062301636 10.396808743476866 274.47496907413006 102.15771195292473 216.60755071789026 478.08485708385706 13.461535066366194 24.563581518828869 128.99037086218596 12.423187062144278 219.14757493138313 17.440716706216335 184.36398309469223 21.42638573050499 35.91458735615015 82.564120188355446 8.2330728024244291 13.273180432617663 164.99593275040388 38.07547627389431 33.105418153107166 186.32297626882792 13.682352527976034 81.302921175956726 13.010048143565653 65.12845516949892 169.91372478753328 632.90048517286777 20.332371257245541 43.016948848962784
leaf_count=1544 824 53 2828 783 1058 4019 64 160 903 71 1132 156 1291 120 251 509 56 90 1315 220 165 1142 112 463 73 425 956 7167 166 210
internal_value=0.000106487 0.0272602 -0.0345871 0.00471612 0.0408933 -0.0146015 0.0110561 0.0340149 -0.00231272 0.0690403 0.0491006 0.0254789 0.0271849 0.0257948 0.0338239 0.0331395 0.0152728 -0.00409486 -0.0126839 0.0529492 0.0317 0.0300451 0.0355719 0.0538725 0.0730623 0.0264335 0.0318438 -0.0486968 0.0111605 0.0587186
internal_weight=3525.78 1977.81 1547.98 745.319 1232.49 640.603 674.091 990.446 424.709 242.041 357.909 632.537 615.096 604.7 249.381 420.336 157.556 491.358 267.154 333.345 71.1809 235.92 200.005 102.729 229.618 317.606 252.478 907.375 149.323 262.165
internal_count=28326 12678 15648 5616 7062 5653 4792 5860 3223 1202 1887 3973 3817 3764 1569 2473 1125 4109 2098 1727 385 1505 1254 583 1131 1890 1465 9995 1069 1342
is_linear=0
shrinkage=0.05


Tree=10
num_leaves=31
num_cat=0
split_feature=16 37 24 0 8 33 8 23 0 33 33 0 0 24 10 8 3 34 2 0 29 22 3 29 8 26 33 36 27 33
split_gain=1232.49 347.355 118.037 111.513 80.2099 69.0999 53.6164 46.2703 44.0187 38.2124 37.9515 36.3996 35.2352 27.3494 24.6351 25.1572 24.211 21.6825 21.3167 21.1789 19.2611 17.0092 18.3848 16.5308 16.0294 15.2352 14.9683 16.8796 15.7382 16.1209
threshold=0.011606782451799897 0.051036697040269571 1080.0813675000002 0.001000389047293513 0.45439314840105433 6.2296527777777788 0.98094175532234862 1485.1056705000003 0.77000000085133802 0.99418981481481483 1.1060648148148149 0.010012774536566221 0.97463071656357647 927.32423950000009 0.0019427221773342729 0.89917238164783131 0.02603416212340421 1.1781384802901991 -0.074107972153721891 0.42000001812500459 0.99999998649833599 1.0000000180025095e-35 -0.30228061187274108 -0.51199920348134997 0.02187722079787335 -0.23284224866810038 2.2491203703703708 0.1112886532069589 0.70832667966932095 4.8941087962962966
decision_type=2 2 2 2 2 2 2 2 2 2 2 2 2 2 2 2 2 2 2 2 2 2 2 2 2 2 2 2 2 2
left_child=6 3 9 -2 7 8 14 26 10 -3 -5 -7 -6 -13 -1 -16 17 -9 23 21 -11 -15 -23 -12 -25 -24 -4 -28 29 -29
right_child=1 2 4 5 12 11 -8 16 -10 20 18 13 -14 19 15 -17 -18 -19 -20 -21 -22 22 25 24 -26 -27 27 28 -30 -31
leaf_value=-0.055543329971518646 -0.055008049847088819 0.10689346474963818 0.066831144124844449 0.066730022865856636 0.023542389482084234 -0.028628899075413355 -0.052346507098304712 0.064795986725195834 -0.020726063674254919 0.0018829585845938732 -0.018305201534836939 -0.013036756746015975 -0.042216089533699937 0.00022118292103693186 -0.010395592372677079 -0.035543299177356241 0.069512936378302512 0.036698475952039449 0.012745893636875226 -0.0081730755848003992 0.042191717827388509 -0.0069589330003107189 0.10883919227714088 0.019758843948573839 0.08409453555196171 0.043533821826812424 0.053532980224305651 0.048896011883057755 0.035159573441849362 -0.006106796881342802
leaf_weight=82.198056235909462 90.614479258656502 9.7600807100534421 32.566137343645096 47.995119050145149 173.74935715645552 162.98454487323761 648.32186917960644 121.58100867271423 60.609067417681217 266.64854494482279 7.7891974598169318 183.18717109411955 23.076633952558041 32.730664245784283 164.62683862447739 251.19755487143993 292.34340904653072 157.74855262041092 245.71927562355995 59.457643136382103 33.341837696731091 13.768298767507074 11.487934768199919 15.106321126222609 26.961738988757133 40.121078819036484 62.103956565260887 17.111601278185844 116.88307723402977 60.147469833493233
leaf_count=915 1095 54 164 244 1085 1367 7610 563 535 1807 50 1505 215 248 1488 2628 1355 825 1863 485 211 92 79 99 154 272 327 90 635 334
internal_value=-0.000318984 0.0203004 0.0366751 -0.00211776 0.0446273 0.00316094 -0.0428691 0.0512138 0.0185602 0.00953066 0.0254906 -0.00919487 0.0158326 0.000100571 -0.0305314 -0.0255872 0.0594549 0.0489282 0.0187943 0.0153741 0.006363 0.0296448 0.0443755 0.0486035 0.0609921 0.0580705 0.0349015 0.0308436 0.0235855 0.00607541
internal_weight=3511.94 2365.59 1367.06 998.533 1057.31 907.918 1146.34 860.485 404.181 309.75 343.572 503.737 196.826 340.753 498.022 415.824 571.673 279.33 295.577 157.566 299.99 98.108 65.3773 49.8573 42.0681 51.609 288.812 256.246 194.142 77.2591
internal_count=28394 15753 7665 8088 5593 6993 12641 4293 2945 2072 2410 4048 1300 2681 5031 4116 2743 1388 2166 1176 2018 691 443 303 253 351 1550 1386 1059 424
is_linear=0
shrinkage=0.05


Tree=11
num_leaves=31
num_cat=0
split_feature=16 37 14 0 33 8 23 14 0 0 7 24 26 10 8 24 0 23 11 0 5 19 2 5 30 35 35 13 14 33
split_gain=1137.41 306.655 111.014 103.092 61.5687 53.8868 52.6088 38.4397 36.7103 31.6889 30.4579 31.9152 24.7366 24.4088 24.0752 21.2701 23.8475 20.4203 20.1606 20.075 21.1611 18.9641 18.0025 16.7392 16.7355 18.9809 19.0351 15.5599 15.5193 14.0226
threshold=0.011606782451799897 0.041188538590706807 0.016715413868959087 0.001000389047293513 6.2296527777777788 0.98094175532234862 1536.3460310000003 0.025818096211544059 0.57383770832609449 0.010012774536566221 0.9729999999916602 668.28760700000009 -0.18960932630331587 0.0019427221773342729 0.89917238164783131 952.51132750000022 0.46999999878583337 2242.1500945000007 1.0871388324799136 0.96999999977366669 0.62691849597700722 0.28231381786757193 0.021611070019934963 -0.81093006954963454 3.5000000000000004 0.17647059811764712 0.76496164715000869 1.0797877511238729 0.016227511060535434 8.187754629629632
decision_type=2 2 2 2 2 2 2 2 2 2 2 2 2 2 2 2 2 2 2 2 2 2 2 2 2 2 2 2 2 2
left_child=5 3 10 -2 7 13 12 19 24 -6 11 -3 23 -1 27 -11 -17 -9 21 20 -5 -10 -14 -4 -8 -26 -27 28 -15 -24
right_child=1 2 6 4 9 -7 8 17 18 15 -12 -13 22 14 -16 16 -18 -19 -20 -21 -22 -23 29 -25 25 26 -28 -29 -30 -31
leaf_value=-0.05524383386682441 -0.054740006928003494 -0.0013574274845840704 -0.0014228342990813513 0.0048970711099401848 -0.027738179815668298 -0.051956877202522934 0.041069757612125765 0.017208940107331459 0.0053332544493087837 -0.012031624330366237 -0.044317483466198335 0.02633306193294363 0.013142952307657439 -0.017324598397983861 -0.034750377017072384 0.028032671309404261 -0.015164185324130131 0.052682843698708015 -0.010678255270766896 -0.052814829122364682 0.09204064780538776 0.067776690588816482 0.066289719976013003 0.060562789001189443 0.078404195322667319 0.049121347630643422 0.084991490854148533 0.047649151170044389 0.064560122155822575 0.016247658616465169
leaf_weight=78.602366238832474 86.606546148657799 153.66055198013783 12.777037113904951 206.33787299692631 159.39707294106483 621.21103689819574 112.48485773056746 77.496054328978062 21.188616991043091 178.63666570186615 20.870763413608074 322.3561906889081 193.76583218574524 146.39865536987782 244.26077888906002 96.770295709371567 47.699395909905434 85.135315634310246 30.105463773012161 14.572905093431471 7.2098027020692816 28.532134585082531 32.974041752517223 73.810828998684883 131.98941172659397 219.10185120999813 44.496330425143242 10.938334234058855 6.0245054289698592 24.327128954231739
leaf_count=915 1095 1077 67 1615 1365 7610 545 535 130 1484 211 1914 1119 1345 2628 671 403 468 181 150 52 172 175 391 590 1010 194 98 45 139
internal_value=-0.00033208 0.0191302 0.0338663 -0.00270761 0.00245279 -0.0421991 0.0441009 0.0172057 0.053135 -0.00949479 0.0148023 0.0173944 0.0283715 -0.0297324 -0.0248129 -0.000494827 0.0137704 0.035779 0.0216138 0.00396449 0.00783922 0.0411663 0.0204238 0.0514161 0.0580875 0.0629264 0.0551764 -0.00995432 -0.0140881 0.0450444
internal_weight=3489.74 2382.3 1422.44 959.862 873.255 1107.44 925.554 390.752 587.899 482.503 496.888 476.017 337.655 486.225 407.622 323.106 144.47 162.631 79.8262 228.121 213.548 49.7208 251.067 86.5879 508.072 395.588 263.598 163.361 152.423 57.3012
internal_count=28394 15753 7915 7838 6743 12641 4713 2820 2822 3923 3202 2991 1891 5031 4116 2558 1074 1003 483 1817 1667 302 1433 458 2339 1794 1204 1488 1390 314
is_linear=0
shrinkage=0.05


Tree=12
num_leaves=31
num_cat=0
split_feature=16 37 1 24 8 33 8 7 34 33 1 3 1 33 10 8 1 24 30 33 33 26 29 13 18 33 6 20 32 33
split_gain=1050.36 270.976 97.5751 94.3698 63.3494 55.7282 54.108 45.4012 35.9523 34.4586 30.53 27.6527 27.3562 25.5138 24.167 22.9922 20.656 23.0279 20.3822 16.5282 16.4918 16.2452 16.0187 15.8635 15.7191 22.4087 14.6659 18.5325 16.7028 13.8689
threshold=0.011606782451799897 0.041188538590706807 -6.9073663829679512 1080.0813675000002 0.49246802749417956 2.7406018518518525 0.98094175532234862 0.70167540948106233 -0.5249586303586754 0.99418981481481483 -0.025696634108473136 0.0060553877846644842 -4.6038943614450805 0.58073495370370376 0.0019427221773342729 0.89917238164783131 -0.7133498855404613 3152.5367280000005 8.5000000000000018 6.1448726851851863 4.5465625000000012 0.33647772568242545 0.99999998649833599 0.87648719970927991 0.020628278286276894 1.2767534722222225 -0.62860864067236977 -3.2249505863476484 0.23573334305819998 10.400954861111114
decision_type=2 2 2 2 2 2 2 2 2 2 2 2 2 2 2 2 2 2 2 2 2 2 2 2 2 2 2 2 2 2
left_child=6 2 -2 9 8 7 14 13 -5 -3 24 20 19 -4 -1 -16 17 29 -13 -7 26 -15 -11 -22 25 -6 27 28 -10 -14
right_child=1 3 5 4 10 12 -8 -9 11 22 -12 18 16 21 15 -17 -18 -19 -20 -21 23 -23 -24 -25 -26 -27 -28 -29 -30 -31
leaf_value=-0.054962009628645059 -0.054487513539474224 0.096844892669431318 0.10482821397624933 0.098202589840687096 -0.034145814631622466 0.00026966909523820718 -0.051576753097041565 -0.031987947646413904 0.018983542946421003 0.00083074432122205591 -0.039881834211657939 0.044265251314636794 0.011628833527913947 0.020188096192474303 -0.009539043532315758 -0.033961317058611773 -0.01458574284250355 0.03323844822258061 0.06773149193554473 -0.026890679773347567 0.0083076464165681204 0.05806973859542236 0.036786877975370884 0.034731934480799968 0.010031742444283833 0.052263054418664225 0.032172305581334618 0.088549391029660751 0.075853719593104288 -0.01207469333151116
leaf_weight=75.142567753791809 82.754794128239155 10.525813922286032 13.42455033957958 29.917623192071915 8.673986464738844 86.396959446370602 595.15956430882215 26.545908153057098 32.769043505191803 276.37023396790028 23.50921469181776 306.41294902563095 159.16984943300486 87.697135224938393 162.12836061418056 237.60984378308058 118.9594405144453 79.171919882297516 132.56964613497257 159.28019755333662 90.445687144994736 41.786715418100357 34.885699361562729 152.67433881014585 121.75780486315489 55.582041680812836 110.03692491352558 33.888563469052315 21.305305019021034 100.78448299318552
leaf_count=915 1095 55 60 127 55 686 7610 236 158 1867 232 1466 1245 558 1488 2628 1031 510 575 1390 481 220 214 804 743 354 534 159 91 807
internal_value=-0.000342413 0.0180433 -0.00259777 0.0317337 0.0385928 0.00231982 -0.0415335 0.0280613 0.0442998 0.00786962 0.0138054 0.0424675 -0.00387829 0.0392157 -0.0289464 -0.024056 0.00334099 0.00962936 0.0513519 -0.0173392 0.0336262 0.0324132 0.00486072 0.0249016 0.0205907 0.0405986 0.044339 0.0595589 0.0413904 0.00243896
internal_weight=3467.34 2397.3 955.972 1441.32 1119.54 873.217 1070.04 169.454 910.02 321.782 209.523 880.102 703.763 142.908 474.881 399.738 458.086 339.126 438.983 245.677 441.12 129.484 311.256 243.12 186.014 64.256 198 87.9629 54.0743 259.954
internal_count=28394 15753 7838 7915 5779 6743 12641 1074 4395 2136 1384 4268 5669 838 5031 4116 3593 2562 2041 2076 2227 778 2081 1285 1152 409 942 408 249 2052
is_linear=0
shrinkage=0.05


Tree=13
num_leaves=31
num_cat=0
split_feature=16 37 0 14 8 33 0 31 0 23 0 10 8 33 9 4 33 26 29 33 33 32 13 22 23 26 17 3 30 4
split_gain=970.495 240.249 95.9213 80.3605 54.3232 49.501 40.0816 34.9109 35.4037 34.319 27.4733 23.9252 21.9533 20.481 20.3519 18.2197 16.8762 19.6277 15.9284 15.8387 15.7511 14.4949 13.889 15.9745 13.6726 13.3297 12.7587 12.155 12.8868 13.502
threshold=0.011606782451799897 0.060606060606060511 0.001000389047293513 0.1032059580989637 0.98094175532234862 2.7406018518518525 0.75050000000000006 16.500000000000004 0.97100000039357159 3775.5593085000005 0.010012774536566221 0.0019427221773342729 0.89917238164783131 0.58073495370370376 0.90002727633029778 -0.28768207245178079 12.606493055555557 -0.091315949452354023 0.97988858738975615 5.7376909722222225 6.1448726851851863 0.11297273181673152 1.0797877511238729 233.06565300000003 75.040000000000006 0.33647772568242545 0.57142857228145005 0.02603416212340421 32.500000000000007 -0.44325967197098404
decision_type=2 2 2 2 2 2 2 2 2 2 2 2 2 2 2 2 2 2 2 2 2 2 2 2 2 2 2 2 2 2
left_child=4 2 -2 7 11 6 13 19 27 15 20 -1 22 -4 21 -5 17 -17 -11 -3 -7 -12 23 -13 -19 -15 -21 -9 29 -29
right_child=1 3 5 9 -6 10 -8 8 -10 18 14 12 -14 25 -16 16 -18 24 -20 26 -22 -23 -24 -25 -26 -27 -28 28 -30 -31
leaf_value=-0.054696647014515855 -0.054249543072094786 0.023539736469873215 0.094206160470755307 0.0057018068555214456 -0.051204921817660946 0.00071608145123054114 -0.027156028821552321 0.024158863468863655 -0.038385652169395636 0.062596062033658126 0.0051175971514528093 -0.01839215004412818 -0.033176045536578151 0.020039623868985116 -0.033249576436669495 0.064933780116310499 -0.0059354933062454839 -0.023673692390604816 0.031444083928567387 0.0027284446967304823 -0.025860045395940556 0.056531568227493417 0.044452119299245474 0.037766928785821781 0.036463417322007641 0.052875007917252373 -0.039292448652435225 -0.0070056172510469458 -0.011811599107066965 0.04551716180629669
leaf_weight=71.815818436443806 79.055367223918438 91.911883175373077 14.023468703031538 51.724449843168259 570.14087700843811 86.574980095028877 29.350014999508858 312.81788600981236 19.317652262747288 240.27019827067852 468.83383335918188 135.76369310170412 231.23598129302263 94.064500279724598 34.278469890356064 67.768313884735107 19.111806288361549 10.325498625636099 49.484721601009369 169.64656460285187 156.60330805182457 14.121480360627173 11.249489329755304 13.965289317071436 111.67320485413074 46.034594416618347 20.216790303587914 13.042498707771299 11.622141972184179 197.89298032969236
leaf_count=915 1095 570 61 254 7610 687 270 1705 197 1044 3553 1277 2628 592 341 327 101 66 219 1144 1393 84 98 113 555 237 135 63 64 996
internal_value=-0.000350278 0.0170377 -0.00134461 0.0305966 -0.0408666 0.00308646 0.0263972 0.0208337 0.0281141 0.0454349 -0.00253797 -0.0281643 -0.0233061 0.0365955 0.0039786 0.0322693 0.0388482 0.0433584 0.0572759 0.00650194 -0.0163986 0.00662093 -0.00912853 -0.0131542 0.0313736 0.0308289 -0.00174597 0.0305135 0.0394454 0.0422696
internal_weight=3443.94 2409.77 1022.94 1386.83 1034.17 943.885 183.473 836.468 554.693 550.358 760.412 464.03 392.214 154.123 517.234 260.603 208.879 189.767 289.755 281.775 243.178 482.955 160.978 149.729 121.999 140.099 189.863 535.376 222.558 210.935
internal_count=28394 15753 8313 7440 12641 7218 1160 4874 3025 2566 6058 5031 4116 890 3978 1303 1049 948 1263 1849 2080 3637 1488 1390 621 829 1279 2828 1123 1059
is_linear=0
shrinkage=0.05


Tree=14
num_leaves=31
num_cat=0
split_feature=16 37 0 14 9 33 23 14 7 0 26 10 8 26 24 0 0 5 33 4 23 9 33 24 37 33 22 22 9 7
split_gain=897.09 214.164 87.3315 78.5085 54.5046 46.1981 39.1556 28.0668 25.7506 24.713 24.6939 22.1631 23.4973 19.5119 18.2876 18.8154 17.2282 17.1831 16.7746 15.9838 15.4692 15.0092 16.6051 15.1696 13.9482 13.8286 14.7315 15.9214 13.7824 13.3949
threshold=0.011606782451799897 0.041188538590706807 0.001000389047293513 0.016715413868959087 0.98197615563263529 6.2296527777777788 1443.3278055000003 0.025818096211544059 0.54919998690413963 0.010012774536566221 -0.17668444025377436 0.0019427221773342729 0.89917238164783131 -0.13608184158810419 952.51132750000022 0.42000001812500459 0.96999999977366669 0.62691849597700722 0.72898148148148156 -0.28768207245178079 971.95134950000011 0.88761374089244927 1.2160821759259262 625.08727050000005 1.1254418217559736 10.925572916666669 151.17002300000004 27.135966500000006 0.097007734817279548 0.9729999999916602
decision_type=2 2 2 2 2 2 2 2 2 2 2 2 2 2 2 2 2 2 2 2 2 2 2 2 2 2 2 2 2 2
left_child=4 2 -2 10 11 7 13 16 24 -7 21 -1 -13 19 -11 -16 17 -4 -10 -5 -9 22 -3 -24 28 26 27 -21 -8 -12
right_child=1 3 5 6 -6 9 8 20 18 14 29 12 -14 -15 15 -17 -18 -19 -20 25 -22 -23 23 -25 -26 -27 -28 -29 -30 -31
leaf_value=-0.054446661519500533 -0.054025147521861175 0.072250277323690756 0.003873212185058593 -0.003412417411286141 -0.051489445306283382 -0.025288897392024709 0.036546181872506897 0.0097045688955232356 -0.051195056798383244 -0.011560776313681229 0.00087166518995674368 -0.0087436762176477945 -0.033204343359772383 0.01368621148063999 0.025413167786221942 -0.012178718468550925 -0.051871793702582984 0.079608774014001613 0.025236891474710355 0.041235432961768792 0.041280074493985811 -0.028458354947607557 0.0019860828984960641 0.026870767957471231 0.061789884055293176 0.0094958131136650727 0.0010111477423747027 0.087783283047284319 0.055933409319775598 -0.051847132898719173
leaf_weight=68.619036510586739 75.504232197999954 15.904032170772551 208.64849283546209 19.20525535941124 516.76627978682518 150.20442892611027 266.51993365585804 60.270686164498329 7.9372290894389144 177.14425063878298 162.67150590568781 159.84618722647429 254.49150056391954 215.99236260354519 95.514572449028492 51.091474302113056 13.380217030644415 7.7681201994419089 75.110021457076073 38.9853310957551 108.82788927853107 15.166439227759836 85.399088315665722 216.50334049761295 134.52731527388096 20.646329298615456 10.947489708662031 34.741070069372654 139.73429337143898 13.012728795409201
leaf_count=915 1095 79 1615 100 7239 1365 1193 415 49 1484 1038 1488 2999 1202 640 434 150 52 437 205 588 133 594 1215 567 110 53 170 627 143
internal_value=-0.000356057 0.0160959 -0.00243647 0.0280274 -0.0402031 0.00202611 0.0364109 0.0145648 0.0438545 -0.00852683 0.0121335 -0.0281266 -0.0237677 0.022774 -0.000750041 0.0123126 0.00318757 0.00659169 0.0179319 0.0385371 0.0300258 0.0201358 0.0224548 0.0198316 0.0478355 0.0461866 0.0551331 0.0631695 0.0432146 -0.00303316
internal_weight=3421.08 2421.36 948.354 1473 999.723 872.85 964.347 398.895 623.829 473.955 508.657 482.957 414.338 340.518 323.75 146.606 229.797 216.417 83.0473 124.525 169.099 332.973 317.806 301.902 540.782 105.32 84.6739 73.7264 406.254 175.684
internal_count=28394 15753 7838 7915 12641 6743 4713 2820 2873 3923 3202 5402 4487 1840 2558 1074 1817 1667 486 638 1003 2021 1888 1809 2387 538 428 375 1820 1181
is_linear=0
shrinkage=0.05


Tree=15
num_leaves=31
num_cat=0
split_feature=8 37 0 23 0 33 33 24 24 33 38 9 33 35 21 35 38 33 6 8 14 17 2 35 26 21 33 6 38 4
split_gain=787.447 288.789 135.569 71.7161 56.5656 52.4875 30.7708 28.3827 26.5009 25.7121 22.0414 22.7576 28.654 20.5002 18.3576 17.4006 16.7768 16.5085 16.1522 15.1545 14.3282 14.3092 15.8795 14.2416 14.0206 13.8394 13.136 12.9717 12.8841 13.3479
threshold=0.94799999936799806 0.014522799619588833 0.001000389047293513 1200.7084210000003 0.54000000115408531 2.7406018518518525 13.216996527777779 124.99141650000003 952.51132750000022 0.51706018518518526 1.3506465438247564 0.24361191058469564 9.3072280092592603 0.68051023139717703 -0.12516314295400591 0.87206296507540615 0.05882352941176458 0.72898148148148156 1.5777615470288786 0.98700000165635016 0.011194174272342249 0.58480115784266518 0.22430750291629434 0.27065397087658533 -0.2248877694933252 -0.8752000822320577 0.58073495370370376 0.65756445000825336 0.80000000090000001 -0.064359401767439026
decision_type=2 2 2 2 2 2 2 2 2 2 2 2 2 2 2 2 2 2 2 2 2 2 2 2 2 2 2 2 2 2
left_child=1 2 -1 6 10 13 7 -3 16 -9 11 12 15 26 -13 23 24 -6 21 -2 -19 22 25 -5 -7 -11 -4 -26 29 -22
right_child=19 3 5 4 17 8 -8 9 -10 18 -12 14 -14 -15 -16 -17 -18 20 -20 -21 28 -23 -24 -25 27 -27 -28 -29 -30 -31
leaf_value=-0.054006436210436284 -0.036475810184093536 -0.012103997768885849 0.070875511534050514 0.047172014950688256 -0.052389696758276399 -0.041489557888745719 -0.023501034221836289 0.099703318946240557 0.0050437659090962657 -0.039645425527497252 0.056438363453733369 0.00047212061320297725 0.0052514851362660282 0.050818312254328937 0.070430629278601636 0.087361741784313218 -0.00023229516273376847 -0.0063694193516400767 0.082401863384233692 -0.051477245061215982 -0.028585067079648908 -0.0028470002754264236 0.063999701686387342 0.026123635549647601 -0.017068145295130874 0.020542215157313897 0.0073716580944462751 0.053128119584566758 -0.021072713990301577 0.037072827892592017
leaf_weight=137.70606504380703 262.44330244511366 74.067070633172989 8.8853310719132406 146.64411029219627 9.9474717453122121 63.521715797483921 50.048095963895321 10.122071765363215 310.27751986682415 9.7421623319387418 191.13815339654684 10.847885757684706 81.606822468340397 52.656323209404945 69.169962495565414 17.117370739579201 151.34744951874018 56.892969541251659 9.9847357273101789 469.56600565463305 8.5064922347664815 70.587181061506271 20.755875825881958 177.80482740700245 238.15873496234417 486.47000733017921 97.521145388484001 6.7682731151580802 13.490767799317835 85.98471487313509
leaf_count=2010 3274 548 42 670 68 584 324 47 2393 57 819 49 398 251 325 71 1282 418 56 6825 51 396 101 811 2226 2986 658 59 78 522
internal_value=-0.00016096 0.0124439 -0.00770824 0.0258731 0.0355835 -0.000846452 0.0143399 0.017118 -0.00624748 0.0206798 0.041984 0.0364934 0.0318696 0.0253016 0.0609465 0.0382292 -0.013867 0.0101631 0.0193411 -0.0460989 0.0139371 0.0182695 0.0211528 0.0356371 -0.0205572 0.0193605 0.0126745 -0.0151284 0.0246361 0.031162
internal_weight=3399.78 2667.77 1066.84 1600.93 869.152 929.136 731.777 681.729 770.074 607.662 694.329 503.191 423.173 159.063 80.0178 341.566 459.796 174.822 597.54 732.009 164.875 587.555 516.968 324.449 308.449 496.212 106.406 244.927 107.982 94.4912
internal_count=28399 18300 9505 8795 4280 7495 4515 4191 6544 3643 3143 2324 1950 951 374 1552 4151 1137 3596 10099 1069 3540 3144 1481 2869 3043 700 2285 651 573
is_linear=0
shrinkage=0.05


Tree=16
num_leaves=31
num_cat=0
split_feature=16 14 0 0 9 31 0 38 3 0 0 33 7 31 3 34 2 31 33 33 8 34 15 16 6 6 3 32 18 19
split_gain=766.101 158.717 57.9436 56.3718 51.0028 50.9207 38.4102 35.0186 29.9248 27.493 21.639 20.1891 19.3221 16.6943 16.1129 26.351 20.1773 17.8008 15.657 19.0779 16.201 14.6271 14.2538 13.1784 12.3097 11.7659 11.821 11.691 12.8879 14.7374
threshold=0.010379675875295572 0.016715413868959087 0.001000389047293513 0.001000389047293513 0.96724490746931535 69.500000000000014 0.97000000095969552 0.1111735330836455 -0.16989891464723336 0.0018309512372728458 0.72999996787999255 8.8934953703703723 0.48000004117592654 14.500000000000002 0.0010251185796632488 0.73802759482501845 -0.40546510810816433 95.500000000000014 13.152609953703706 12.917604166666669 0.012000000389024877 -0.021975820373774258 0.37463802191615453 0.049735189533243469 -0.18232153879395313 0.48064394642286273 0.014170277993230729 0.29492349370096804 0.58011491369129042 -0.77333825480528562
decision_type=2 2 2 2 2 2 2 2 2 2 2 2 2 2 2 2 2 2 2 2 2 2 2 2 2 2 2 2 2 2
left_child=4 2 -2 -3 9 8 7 13 22 -1 14 12 27 -4 15 24 -17 -18 19 20 21 -9 -5 -23 -7 26 -11 28 29 -10
right_child=1 3 6 5 -6 10 -8 18 11 25 -12 -13 -14 -15 -16 16 17 -19 -20 -21 -22 23 -24 -25 -26 -27 -28 -29 -30 -31
leaf_value=-0.053999241088129923 -0.053615973601596992 -0.05360695539896182 -0.015695514279002881 -0.0020438586874396234 -0.048643187529392139 0.061453605273380979 -0.043560589187023553 0.062404756296818353 0.066577708016016118 -0.021809105033556656 0.0067048338351520234 0.011858035105854548 0.0085404925267229658 0.0047762870097837508 0.052909513381929278 -0.044834929003556789 0.051464710013111328 0.014437839980284847 -0.015829920944698327 0.071219680994132048 0.018674563976758769 -0.035839523618453467 0.036364128507029823 0.0032857198314499136 0.01734361446455697 0.048824862728831436 0.019095492831191999 0.08883834546865782 0.021069226537312663 0.034987800140621625
leaf_weight=62.634516909718513 47.169824033975601 21.839721322059631 227.1071647927165 180.99795128405094 568.5409998819232 88.333072990179062 42.626922324299812 9.3116745948791486 49.552277289330959 249.23422737419605 46.077244386076927 188.66904374212027 71.846821092069149 177.355299256742 211.04615312069654 10.682313434779642 47.765368305146694 101.29963023215532 46.93194368481636 14.296472080051897 392.69106727838516 24.714956067502499 27.876485519111156 166.60658588260412 19.266412958502769 6.5681394562125197 19.009553998708725 10.641390673816202 101.64108472317457 144.82829932123423
leaf_count=914 750 348 1941 1133 8480 372 501 42 267 2716 286 1072 452 1352 897 63 257 527 330 99 2588 189 145 1087 88 57 187 46 508 705
internal_value=-0.000173253 0.0142461 0.000651077 0.0260569 -0.0395036 0.0273947 0.00297467 0.00484778 0.0192613 -0.0241049 0.0394296 0.0252196 0.0318797 -0.0067187 0.0425816 0.0344286 0.0215455 0.0263025 0.011995 0.0141441 0.0127689 0.00120988 0.00308209 -0.00176849 0.0535554 -0.0172914 -0.0189103 0.0373477 0.0354967 0.0430408
internal_weight=3377.16 2471.18 1148.81 1322.36 905.987 1300.52 1101.64 1059.02 776.053 337.446 524.47 567.179 378.51 404.462 478.393 267.347 159.747 149.065 654.553 607.621 593.324 200.633 208.874 191.322 107.599 274.812 268.244 306.663 296.022 194.381
internal_count=28399 16045 8879 7166 12354 6818 8129 7628 4328 3874 2490 3050 1978 3293 2204 1307 847 784 4335 4005 3906 1318 1278 1276 460 2960 2903 1526 1480 972
is_linear=0
shrinkage=0.05


Tree=17
num_leaves=31
num_cat=0
split_feature=16 37 1 9 31 32 1 1 2 33 3 35 9 9 1 10 18 33 33 2 32 12 35 19 7 31 14 14 15 33
split_gain=708.999 155.847 73.7925 50.8945 49.4181 39.5825 38.3953 27.0112 25.6488 19.6206 18.8055 18.9181 17.8556 16.3632 15.3205 14.569 13.6534 13.3684 13.36 13.3164 13.1581 11.8422 13.9454 11.6127 11.525 11.1144 11.2249 14.3035 11.0105 10.6926
threshold=0.010379675875295572 0.039989516310315519 -6.9073663829679512 0.96724490746931535 10.500000000000002 0.001256622302640489 -0.05129335938756744 -6.3029203866425307 0.19336014739273091 0.51706018518518526 0.02603416212340421 0.76496164715000869 0.88761374089244927 0.0052625838099138135 -0.47803579624407494 0.8746971057937637 0.60000000092000016 13.152609953703706 2.3024942129629635 0.33647223962121292 0.18318104841915392 1.0055686215492368 0.87206296507540615 -2.9957672791092045 0.011400000881911806 272.50000000000006 0.044223576809812856 0.019516065667772822 0.067029519768129792 0.58073495370370376
decision_type=2 2 2 2 2 2 2 2 2 2 2 2 2 2 2 2 2 2 2 2 2 2 2 2 2 2 2 2 2 2
left_child=3 2 -2 7 15 12 8 -1 9 -6 11 -11 17 -7 25 18 -12 21 -3 23 28 22 29 -20 -23 26 27 -15 -18 -4
right_child=1 4 5 -5 6 13 -8 -9 -10 10 16 -13 -14 14 -16 -17 20 -19 19 -21 -22 24 -24 -25 -26 -27 -28 -29 -30 -31
leaf_value=-0.053789038215409202 -0.053424504899390282 0.049149910103439165 0.064111107626436667 -0.048232397812407166 0.072032512246165567 -0.030278144900251991 -0.017358947449155459 -0.016664473892321462 0.049191430018712512 0.017730715899599719 0.038157258384667159 0.064125827074359931 -0.036949922192622775 0.020289945767298454 -0.0039129787393799124 -0.05819519590375604 -0.0368957569576817 -0.028987309567416981 0.054026067474857623 0.062302859712085004 0.051771451095361687 -0.0081261073947666972 0.067754901812371052 -0.0026722940401142253 0.01867896176765246 0.069772599103980523 0.01860419863062945 0.085804483589317207 0.016886531141986804 -0.0075391040913868239
leaf_weight=59.806736789643764 65.869802176952362 16.309895142912865 5.2777797579765311 545.30328349769115 23.132060796022415 15.227830998599527 46.203444920480251 271.05836041271687 140.28974385559559 567.36441243439913 342.71452105790377 22.857353091239929 40.220381669700146 17.484436750411987 41.03309240937233 9.3384729921817762 10.560305118560789 44.536722786724567 9.4446283131837827 8.8756744712591154 25.144579187035561 59.385765217244625 6.4125138446688643 206.17571264505386 123.48076850920916 16.039300978183746 115.78263862431049 15.914079919457434 96.259191751480103 388.19558338820934
leaf_count=914 1098 89 23 8480 102 127 426 2960 594 2969 1638 100 456 114 344 81 55 377 61 48 104 494 42 1342 948 71 652 93 436 3161
internal_value=-0.000182876 0.013479 -0.00236088 -0.0388456 0.0233991 0.00142268 0.027387 -0.0233751 0.0290701 0.0264757 0.0254861 0.0195274 -0.00465465 0.0197388 0.0234316 0.00308002 0.0328953 -0.00258395 0.00545628 0.00228188 0.0192297 -0.000566082 -0.00538605 -0.000188786 0.00997404 0.0302227 0.0259704 0.051507 0.0115695 -0.00657804
internal_weight=3355.7 2479.53 954.861 876.168 1524.67 888.991 1274.53 330.865 1228.32 1088.03 1064.9 590.222 667.51 221.481 206.254 250.144 474.679 627.289 240.806 224.496 131.964 582.752 399.886 215.62 182.867 165.22 149.181 33.3985 106.819 393.473
internal_count=28399 16045 8000 12354 8045 6902 6424 3874 5998 5404 5302 3069 5501 1401 1274 1621 2233 5045 1540 1451 595 4668 3226 1403 1442 930 859 207 491 3184
is_linear=0
shrinkage=0.05


Tree=18
num_leaves=31
num_cat=0
split_feature=16 37 0 9 23 0 32 0 11 33 33 37 33 9 33 31 0 9 21 7 35 37 16 12 39 26 11 33 22 35
split_gain=656.231 139.055 69.9849 50.768 46.5451 48.2993 35.4707 26.5295 25.7855 25.5699 22.8386 18.2983 17.3736 17.0695 19.1025 16.9957 16.8964 16.7183 16.3023 14.5194 13.5536 13.5459 17.2919 15.0008 13.8482 13.4325 12.7403 15.3327 13.3731 12.4107
threshold=0.010379675875295572 0.039989516310315519 0.001000389047293513 0.96724490746931535 1200.7084210000003 0.54000000115408531 0.001256622302640489 0.0018309512372728458 0.99308005989228665 0.58073495370370376 13.216996527777779 1.223869662905595 0.72898148148148156 0.24361191058469564 9.3072280092592603 7.5000000000000009 0.0070000019878150299 0.88761374089244927 -0.12516314295400591 0.011000000000188357 0.87206296507540615 0.24999991358899545 0.10710164392972001 1.0256797554053432 0.24597754987776457 -0.16727466575610064 0.97680324705385335 7.1384027777777783 689.65900000000011 0.20000000100000007
decision_type=2 2 2 2 2 2 2 2 2 2 2 2 2 2 2 2 2 2 2 2 2 2 2 2 2 2 2 2 2 2
left_child=3 2 -2 7 9 11 17 -1 19 -3 15 13 -7 14 20 -11 -17 26 -15 -8 29 -18 23 -23 -24 -25 27 -4 -28 -6
right_child=1 4 6 -5 5 12 8 -9 -10 10 -12 -13 -14 18 -16 16 21 -19 -20 -21 -22 22 24 25 -26 -27 28 -29 -30 -31
leaf_value=-0.053590645174548306 -0.053246353754538435 0.092224750163150515 0.0025653440573951284 -0.047822588092636474 0.042201033466151401 -0.049068684782677771 0.004575684449904866 -0.01604654892876245 -0.012237292469234598 -0.0012757287821132113 -0.023552973216700714 0.051244347294865211 0.010316105363591231 -0.00087213374711914724 0.0073743995166152187 -0.0056009986301190761 0.012372488018856646 -0.036186908101621257 0.062411576061625874 0.037022095091135215 0.076139541681554845 0.077252219469446784 0.011466737782184433 0.057615891746345807 0.044850342005844791 -0.0069563489851072373 0.011512906137810509 -0.016321788021411484 -0.042424941197237692 0.023200262171770347
leaf_weight=57.095212452113628 62.861634112894535 9.8417225778102857 206.37003336846828 523.04191618785262 141.49584995210171 13.398763447999952 47.850118771195412 267.51369892060757 52.02905809879303 147.74081088602543 44.522647127509117 146.52231508493423 152.45044055581093 11.992400884628294 92.494992665946484 64.581356026232243 194.0610389187932 39.045129306614399 67.213162273168564 123.38796486705542 17.162492737174034 31.142779722809792 105.18075102567673 17.997050479054451 44.084819972515106 14.577502220869063 183.06751406937838 224.18671494722366 12.261441908776758 218.88181912899017
leaf_count=914 1098 42 1548 8480 623 114 303 2960 402 987 282 607 971 53 439 346 1150 456 297 696 70 163 538 100 221 77 1463 1933 101 965
internal_value=-0.000191017 0.0127609 -0.00226275 -0.0381828 0.0220673 0.0297655 0.00134558 -0.0226502 0.0185891 0.0122222 0.0110362 0.0355453 0.00551848 0.0313572 0.0277388 0.0135227 0.0181584 -0.00444436 0.0528299 0.0279554 0.032728 0.021928 0.0306347 0.0524403 0.0213264 0.028719 -0.00246414 -0.007269 0.00812705 0.0306606
internal_weight=3334.05 2486.4 951.06 847.651 1535.34 861.612 888.198 324.609 223.267 673.73 663.889 695.763 165.849 549.241 470.035 619.366 471.625 664.931 79.2056 171.238 377.54 407.044 212.983 63.7173 149.266 32.5746 625.886 430.557 195.329 360.378
internal_count=28399 16045 8000 12354 8045 4139 6902 3874 1401 3906 3864 3054 1085 2447 2097 3582 2595 5501 350 999 1658 2249 1099 340 759 177 5045 3481 1564 1588
is_linear=0
shrinkage=0.05


Tree=19
num_leaves=31
num_cat=0
split_feature=16 14 1 1 1 23 24 9 7 35 11 6 3 33 3 1 16 33 33 11 19 36 36 14 4 36 19 33 16 16
split_gain=609.426 127.75 47.6071 46.2943 43.6739 44.5135 35.3574 34.3902 22.8962 20.5739 19.0078 17.7486 15.975 14.8471 18.8833 14.8282 13.5488 13.225 13.1791 12.806 15.5969 14.3218 12.7157 11.9909 11.6005 10.9902 10.9029 10.823 10.9285 11.41
threshold=0.0069773252741293168 0.019516065667772822 -6.9073663829679512 -0.028399471580781748 -6.9073663829679512 2242.1500945000007 583.6092275000002 0.98197615563263529 0.79600000166896567 1.2613254929847393e-10 0.98793901087866753 0.48064394642286273 -0.18232155347061338 4.0798553240740754 -0.20712653528040406 -6.3029203866425307 0.25786613898273364 2.9191435185185188 2.2282407407407412 0.9824766515805593 4.5870929308133261 0.1387113930510849 0.72731782168296155 0.07077196042459219 0.87927508922700326 0.32488722949999965 -6.6666662018461436 12.727540509259262 0.057816304524634946 0.10710164392972001
decision_type=2 2 2 2 2 2 2 2 2 2 2 2 2 2 2 2 2 2 2 2 2 2 2 2 2 2 2 2 2 2
left_child=7 2 -2 6 -3 12 10 11 13 19 17 15 16 -7 -15 -1 22 18 -4 -8 21 -21 23 -6 -16 -23 -11 28 -14 -30
right_child=1 4 3 -5 5 8 9 -9 -10 26 -12 -13 27 14 24 -17 -18 -19 -20 20 -22 25 -24 -25 -26 -27 -28 -29 29 -31
leaf_value=-0.053403307092037812 -0.053080441654539456 -0.053072784174056802 -0.010305415096413847 -0.043568643655309859 0.060838861900127675 0.040902532778799301 0.0010079624336517864 -0.049641289749676021 -0.0045099136561014812 0.036678451066581907 0.0030411309736188726 0.056128298567406358 0.0074332388231318162 0.00047611785533752403 0.029126379324207759 -0.024814306557621624 0.031336553849790574 -0.021922603144992857 0.060774722304688271 0.032200669548369885 0.012689750946769744 0.1188730271025043 -0.042895941116654804 -0.0047438721419900323 0.073172299444927563 0.049474037362809441 0.0032578597785885375 -0.0079992604316660842 0.039814105051530026 0.018811921907079185
leaf_weight=54.496349185705185 40.998866647481918 18.981816932559013 18.788708992302421 53.949446454644203 7.483149789273738 365.64166477322578 49.014469966292381 413.50089191645384 40.542329676449299 25.803204491734505 233.98152558505535 6.1503983363509169 114.49999099224806 58.905073188245296 213.41818483918905 270.40754052996635 27.881835654377937 196.94488131254911 9.9878630712628347 73.539874330163002 74.047022111713886 9.3971067443490046 20.808252967894077 101.56829363107681 16.074772566556931 14.518913954496382 449.91913249343634 36.144962780177593 95.781931631267071 199.08400145918131
leaf_count=914 750 348 126 702 44 1575 351 7181 255 181 1789 54 723 322 994 3395 157 1742 76 480 443 53 145 674 65 87 3074 210 504 985
internal_value=-0.000197903 0.0113511 -9.16874e-05 0.00170391 0.022221 0.0233222 0.00381684 -0.0400263 0.0319519 0.0109224 -0.0069449 -0.0280167 0.0133861 0.0342121 0.0257296 -0.0296096 -0.000288 -0.0172964 0.0143653 0.0235467 0.0299881 0.0431314 -0.00707803 -0.000243561 0.0322116 0.0767424 0.00507059 0.0182276 0.0205433 0.0256341
internal_weight=3312.26 2567.71 1250.89 1209.89 1316.82 1297.83 1155.94 744.555 694.582 696.24 459.703 331.054 603.252 654.04 288.398 324.904 157.742 225.721 28.7766 220.517 171.503 97.4559 129.86 109.051 229.493 23.916 475.722 445.511 409.366 294.866
internal_count=28399 16855 9854 9104 7001 6653 8402 11544 3211 4669 3733 4363 3442 2956 1381 4309 1020 1944 202 1414 1063 620 863 718 1059 140 3255 2422 2212 1489
is_linear=0
shrinkage=0.05


Tree=20
num_leaves=31
num_cat=0
split_feature=9 0 31 3 0 34 38 10 7 29 33 21 33 18 9 6 29 16 16 4 7 27 31 20 5 24 17 15 5 21
split_gain=571.625 183.963 102.636 46.061 39.5078 39.2 29.8109 24.1215 20.2833 19.6526 19.5357 17.8466 17.6106 16.8442 17.5971 15.533 13.7271 13.323 12.9571 12.286 12.3938 13.8981 10.6813 11.3655 12.1456 10.4766 14.4139 14.2441 10.1846 10.14
threshold=0.91883333342161666 0.001000389047293513 16.500000000000004 0.019048208779671724 0.4900000011451317 -0.43793090951855568 0.24549237364232668 0.011305027843580498 0.98200000046676805 0.99999998916396782 5.9368807870370377 -0.70155531525082082 10.314097222222225 0.1732051530051317 0.31112204758711354 0.17048546383666294 0.46431837282362026 0.09824781028459742 0.24482760302868875 0.40546510810816455 0.11599998799999832 0.85083952914120653 11.500000000000002 -6.1040023669187704 -0.49247647665277522 1801.5786920000003 0.12500018146529898 0.049583886227502975 -0.37469342072320982 -0.31015505756962664
decision_type=2 2 2 2 2 2 2 2 2 2 2 2 2 2 2 2 2 2 2 2 2 2 2 2 2 2 2 2 2 2
left_child=1 -1 6 4 5 -4 9 11 -2 17 -8 -7 16 14 15 -9 -13 22 28 -5 21 -21 -3 24 -24 27 -27 -15 -12 -18
right_child=8 2 3 19 -6 7 10 13 -10 -11 18 12 -14 25 -16 -17 29 -19 -20 20 -22 -23 23 -25 -26 26 -28 -29 -30 -31
leaf_value=-0.053064473006462998 -0.029938711415397695 -0.0097104108135098316 0.071016227638414406 0.028027322844260134 -0.0069596806964390828 0.056464167291167058 0.024572001481784983 0.0057306741218619587 -0.048718774582559556 0.026579699545728936 0.0364209122118807 0.018534881190285245 -0.03568547812869162 0.030496542312485109 0.095853307040253674 0.062629749036779661 0.028232446996693042 -0.025615393380470104 -0.028983763453245565 0.070139915364074698 0.014784190047439923 0.03332652830844568 0.011098898709259781 0.00031129911870082187 0.098948717478254802 -0.022913468206317709 0.024093034858380616 -0.013726365857982864 0.0021194128880304489 -0.017375989506793126
leaf_weight=110.81936202198267 215.32475335150957 330.59050322324038 34.50984089076519 435.40305779129267 180.97492063045502 14.371995866298674 147.60891143977642 25.72518116235733 432.68608282878995 38.50994461029768 24.28691527992487 90.666593834757805 31.332960084080696 28.557980090379715 14.049274481832979 22.472524762153625 14.751345843076704 112.8635072261095 30.31429760158062 56.203745007514954 26.097089074552059 47.142678335309029 9.0863513574004191 46.506591126322746 6.9389081150293341 17.00083926320076 400.2521056830883 50.245596416294575 198.5694181099534 70.096259199082851
leaf_count=2042 2813 2979 142 2047 1338 66 875 145 7665 267 162 561 201 211 79 110 71 937 205 231 119 196 68 362 55 87 1998 318 1357 460
internal_value=-0.000437082 0.00997721 0.012766 0.0206444 0.0141708 0.0188685 -0.000234727 0.0165599 -0.0424784 -0.0078526 0.0101149 0.00258721 -0.00115623 0.0220964 0.0466134 0.0322603 0.00500797 -0.0104732 0.00168574 0.0320481 0.0455724 0.0533471 -0.00612595 0.0128242 0.0491377 0.0190199 0.0221778 0.00229977 0.0058576 -0.00944665
internal_weight=3263.96 2615.95 2505.13 1559.85 995.007 814.032 945.275 779.523 648.011 544.496 400.78 221.219 206.847 558.304 62.247 48.1977 175.514 505.986 253.171 564.847 129.444 103.346 393.122 62.5319 16.0253 496.057 417.253 78.8036 222.856 84.8476
internal_count=28167 17689 15647 8380 5787 4449 7267 4307 10478 4668 2599 1359 1293 2948 334 255 1092 4401 1724 2593 546 427 3464 485 123 2614 2085 529 1519 531
is_linear=0
shrinkage=0.05


Tree=21
num_leaves=31
num_cat=0
split_feature=9 0 37 31 33 14 0 9 8 35 38 8 33 31 7 38 29 38 37 20 26 7 33 35 28 31 33 8 26 18
split_gain=532.341 171.419 93.2383 40.87 33.2163 24.4558 23.161 25.5305 20.8279 17.5338 14.7172 13.8933 13.8897 13.656 12.8797 12.866 12.6379 14.8841 12.052 11.997 11.9802 11.5058 13.31 11.2959 10.7903 10.3732 10.3362 14.9571 10.21 12.3482
threshold=0.91883333342161666 0.001000389047293513 0.017373087863295052 10.500000000000002 2.7406018518518525 0.016715413868959087 0.0060000000030000005 0.51105242348650293 0.98369991605965346 1.2613254929847393e-10 2.0000000003750009 0.42955247849998718 5.9368807870370377 73.500000000000014 0.73000000016733424 1.0000000010000003 0.99999997778024707 0.046207069784435562 1.0000000017555604 6.9625759391536066 2.0339321150699528 0.0029985500000000004 0.51706018518518526 0.88657162813287493 0.30332565920247612 131.50000000000003 10.993506944444446 0.14000000017200007 -0.17915645554698612 0.15002747208424913
decision_type=2 2 2 2 2 2 2 2 2 2 2 2 2 2 2 2 2 2 2 2 2 2 2 2 2 2 2 2 2 2
left_child=1 -1 4 12 14 9 -6 11 -2 10 19 16 15 24 21 -4 17 -8 23 25 -9 -3 -23 -15 -7 -5 28 -28 29 -26
right_child=8 2 3 5 6 13 7 20 -10 -11 -12 -13 -14 18 -16 -17 -18 -19 -20 -21 -22 22 -24 -25 26 -27 27 -29 -30 -31
leaf_value=-0.052906151361660263 -0.030061908317145974 -0.014787739425249191 0.0057908353267601504 0.043024449722300628 -0.021829859974977155 0.054635709449318261 -0.0078686147547603318 -0.023637311757734598 -0.048946453616832149 0.0042401882126893121 -0.01247649030857223 0.068262246551556216 -0.0064880419947609654 0.027102659735944924 -0.030060135853146076 0.046696351585168223 0.027646994271213254 0.012079350899007343 0.049262733717000122 0.0017627787375093474 0.047838603402353047 0.081195128813574685 0.023698916232788775 0.069175683128474594 0.063330340813918001 -0.0097477531103107428 -0.012912587896655621 0.031408556605911235 0.018233291356406583 0.026555400161140226
leaf_weight=105.72212103009224 232.71246361732483 17.439934410154819 69.863244242966175 104.80269857496023 165.83743549883366 23.961672976613045 215.0845145881176 122.12882367521524 391.8690791092813 245.48474407941103 22.290383256971836 8.5505594164133054 179.37937492877245 301.92815943062305 12.153031036257742 26.519848674535751 49.559265241026878 165.43791419267654 99.450005754828453 27.853095673024654 6.1581137999892226 10.955924533307551 123.85768724232912 16.843363493680954 30.078813292086124 10.220050647854803 50.07907572388649 30.708073601126671 280.94748346507549 94.672324672341347
leaf_count=2042 3164 101 444 612 1511 115 1832 1155 7314 1438 121 64 1227 1347 104 141 331 1281 411 194 56 46 699 68 144 61 250 161 1302 431
internal_value=-0.000433072 0.00946235 0.012087 0.0192662 -0.000837035 0.0228753 -0.00539415 -0.000586311 -0.0419103 0.0127148 0.0253106 0.00515195 0.00173746 0.0273682 0.0194739 0.017046 0.00389724 0.000804067 0.0340666 0.0312058 -0.0202063 0.0234278 0.0283715 0.0293257 0.02188 0.0383355 0.0202666 0.00393436 0.0235188 0.0354222
internal_weight=3242.55 2617.97 2512.25 1615.08 897.163 1339.32 732.757 566.919 624.582 410.651 165.166 438.632 275.762 928.669 164.407 96.3831 430.082 380.522 418.222 142.876 128.287 152.254 134.814 318.772 510.447 115.023 486.486 80.7871 405.699 124.751
internal_count=28167 17689 15647 8467 7180 6655 6230 4719 10478 2426 988 3508 1812 4229 950 585 3444 3113 1826 867 1211 846 745 1415 2403 673 2288 411 1877 575
is_linear=0
shrinkage=0.05


Tree=22
num_leaves=31
num_cat=0
split_feature=9 0 31 0 33 3 38 8 10 37 29 33 33 5 18 9 21 12 24 29 16 16 10 8 29 35 9 27 25 25
split_gain=495.798 159.886 83.4698 38.5519 35.0061 27.9566 25.203 21.1162 20.6622 19.4105 16.8171 15.859 15.8455 14.491 13.647 13.7805 13.4487 13.3744 13.3679 13.0876 12.3356 11.6594 11.0719 10.6003 10.5963 10.5702 10.5071 17.1188 10.7689 11.8044
threshold=0.91883333342161666 0.001000389047293513 16.500000000000004 0.4900000011451317 0.51706018518518526 0.019048208779671724 0.24549237364232668 0.98369991605965346 0.011305027843580498 0.021983777064097026 0.99999998916396782 10.22715277777778 5.9775405092592599 0.28768207245178096 0.1732051530051317 0.31112204758711354 -0.20397392831243435 1.0897400497513205 5730.9518074999996 0.46431837282362026 0.09824781028459742 0.24482760302868875 0.0023857612992623394 0.013300000073697258 0.8797269030914534 1.2613254929847393e-10 0.013000087253359056 0.94416763971313622 0.0046577901807566642 0.0015335139802587566
decision_type=2 2 2 2 2 2 2 2 2 2 2 2 2 2 2 2 2 2 2 2 2 2 2 2 2 2 2 2 2 2
left_child=1 -1 6 4 -4 8 10 -2 11 -5 20 16 23 26 15 -10 18 25 -6 -18 -3 -14 -20 -8 -15 -11 27 -7 29 -28
right_child=7 2 3 9 5 13 12 -9 14 17 -12 -13 21 24 -16 -17 19 -19 22 -21 -22 -23 -24 -25 -26 -27 28 -29 -30 -31
leaf_value=-0.052756441758345179 -0.029299810926802974 -0.0056780376067029244 0.07215347240868504 -0.02271200808186476 -0.017828292341551557 0.02277135461903268 0.0069191113374213924 -0.048620412108895165 0.029243135675664195 0.030895964688879923 0.024063762961906654 -0.02917736472807201 0.0053723888417862549 0.057196941290092888 0.017543428046179695 0.084122010949152476 0.014357035804603475 -0.01746663335635568 -0.0012578298358813167 -0.016699359607284022 -0.02461644622792182 -0.027986884701683624 0.05843312514676785 0.033521918564100014 0.028985573287198804 0.0059949683461684757 0.030325827186772559 -0.027271304698446353 0.035259524676028949 -0.036764759781177457
leaf_weight=100.84416100382805 226.97477204352617 389.99037354439497 34.199812233448029 61.895473830401897 11.583278343081473 74.185344055294991 66.596846155822277 375.1943729929626 49.08345003426075 63.917956359684467 39.427121005952358 33.878682434558868 222.61859759688377 74.493929043412209 511.96225876361132 14.915300741791723 71.912359938025475 40.073803439736366 10.462888605892656 64.216378264129162 110.3021385371685 29.685618065297604 30.168961063027382 85.546562798321247 60.169005647301674 127.88549037277699 15.18716110289097 22.204879924654961 190.17604244500399 11.536739379167555
leaf_count=2042 3164 3464 139 536 62 313 390 7314 255 387 267 220 1511 312 2655 79 459 264 50 427 937 204 145 494 252 789 71 97 815 53
internal_value=-0.000428234 0.00897742 0.0114496 0.0184996 0.0222477 0.0208781 -0.000304184 -0.0413379 0.0152677 0.00216409 -0.0073758 0.00231651 0.00913261 0.030875 0.0202646 0.042033 0.00798153 0.00880432 0.0295546 -0.000293282 -0.00985349 0.0014474 0.0430624 0.0218772 0.0445918 0.0142932 0.024979 0.0112433 0.0310832 0.00136274
internal_weight=3221.29 2619.12 2518.28 1574.11 1280.34 1246.14 944.167 602.169 798.184 293.773 539.72 222.223 404.448 447.953 575.961 63.9988 188.344 231.877 52.2151 136.129 500.293 252.304 40.6318 152.143 134.663 191.803 313.29 96.3902 216.9 26.7239
internal_count=28167 17689 15647 8380 6404 6265 7267 10478 4352 1976 4668 1363 2599 1913 2989 334 1143 1440 257 886 4401 1715 195 884 564 1176 1349 410 939 124
is_linear=0
shrinkage=0.05


Tree=23
num_leaves=31
num_cat=0
split_feature=9 0 37 31 33 8 14 0 9 29 23 2 11 35 26 4 14 24 35 0 33 0 7 25 25 26 37 4 7 33
split_gain=461.776 149.261 76.2747 33.4673 28.3785 21.3821 21.3078 20.8179 22.1033 17.1693 12.4401 11.9772 15.4587 11.9678 15.4096 15.1811 12.2071 11.9356 15.7489 15.2205 11.759 11.5195 11.0176 10.7536 12.2163 10.6494 10.1589 10.0774 9.94452 10.6719
threshold=0.91883333342161666 0.001000389047293513 0.017373087863295052 10.500000000000002 2.7406018518518525 0.98369991605965346 0.1032059580989637 0.0060000000030000005 0.51105242348650293 0.9723728114787823 3612.8134315000007 -1.0000000180025095e-35 0.4289678113477956 1.2613254929847393e-10 -0.46687973277663025 0.82163382239495408 0.012900972235182539 1000.6150000000001 0.3000005199389067 0.40000001200000196 5.9368807870370377 0.14000000017200004 0.73000000016733424 0.43868284859591899 0.33720410637380588 2.0339321150699528 1.0000000017555604 -1.4663370671367595 0.0029985500000000004 0.51706018518518526
decision_type=2 2 2 2 2 2 2 2 2 2 2 2 2 2 2 2 2 2 2 2 2 2 2 2 2 2 2 2 2 2
left_child=1 -1 4 20 22 -2 13 -6 17 10 11 -8 -13 15 -15 23 -16 19 -19 -9 26 -20 28 24 -5 -10 -4 -12 -3 -30
right_child=5 2 3 6 7 -7 9 8 25 -11 27 12 -14 14 16 -17 -18 18 21 -21 -22 -23 -24 -25 -26 -27 -28 -29 29 -31
leaf_value=-0.052614835939889595 -0.028542262144581051 -0.01436776779945758 0.0071983583324512872 0.02817233176745166 -0.020907804396789159 -0.048294297227986852 -0.011557827084707942 -0.0036710417458829039 -0.022503197946217659 0.014132482076662978 0.069944347816711439 -0.02603610758795695 0.034738419510629052 0.056641104314004077 0.00039809883047995048 -0.017246659768682487 0.015842507186079598 0.028940661987273839 0.0050024736667229844 0.074426398674822189 -0.0061965222911068638 -0.057829519179712754 -0.028825002972596867 -0.0093399515368367478 0.086352435649507744 0.043809932315159041 0.047151528461444076 0.037183406214159713 0.072974979365738532 0.021739630922247909
leaf_weight=96.17758372426033 221.49023645743728 17.282230377197266 77.736377097666264 218.18006964027882 162.45983455702662 359.24548829346895 22.439039267599583 265.09787199646235 118.98230399936438 152.52440319955349 26.286772564053535 11.672276973724363 101.02059569209814 18.107542708516121 211.45820671319962 20.420686259865761 323.935502178967 92.736035138368607 68.454157918691635 6.3890798911452285 178.61032056063414 8.1648790985345823 11.77021788805723 18.222272634506226 9.4117691591382009 6.3789239302277556 20.004974260926247 219.3181284815073 11.059119090437887 125.49592915922403
leaf_count=2042 3164 101 484 1204 1511 7314 102 2347 1155 670 107 51 446 93 1229 108 1590 618 442 52 1227 49 104 97 48 56 101 910 46 699
internal_value=-0.000422507 0.0085194 0.0108493 0.0172891 -0.000884037 -0.040761 0.0205277 -0.0051303 -0.000603281 0.0283073 0.0339858 0.0218013 0.0284436 0.0154669 0.0112769 0.0241779 0.00974261 0.00466481 0.0150814 -0.00183312 0.00143323 -0.00169319 0.0177993 0.0276191 0.0305783 -0.0191289 0.0153757 0.0406898 0.0213665 0.025889
internal_weight=3200.53 2619.8 2523.62 1629.35 894.271 580.736 1353 728.663 566.203 533.261 380.737 135.132 112.693 819.736 553.501 266.235 535.394 440.842 169.355 271.487 276.352 76.619 165.607 245.814 227.592 125.361 97.7414 245.605 153.837 136.555
internal_count=28167 17689 15647 8467 7180 10478 6655 6230 4719 2286 1616 599 497 4369 2912 1457 2819 3508 1109 2399 1812 491 950 1349 1252 1211 585 1017 846 745
is_linear=0
shrinkage=0.05


Tree=24
num_leaves=31
num_cat=0
split_feature=8 37 8 24 33 14 9 7 8 29 23 25 7 29 8 6 6 4 24 33 23 13 22 3 10 2 8 33 16 29
split_gain=432.095 126.307 88.3849 30.6863 25.8297 24.3895 19.6466 18.1933 14.9225 14.2723 13.6333 11.2056 11.0954 10.792 12.8482 11.5634 13.3208 10.3839 12.9987 10.3663 9.54521 9.52076 9.49562 9.51335 10.1202 9.49362 13.8103 24.0907 11.751 9.46044
threshold=0.94799999936799806 0.016537432734411588 0.0022500000000562508 143.05420450000003 2.7406018518518525 0.1032059580989637 0.51105242348650293 0.011999999042016931 0.98984987459997797 0.9723728114787823 3612.8134315000007 0.027848058952021835 0.0029985500000000004 0.99999998169744175 0.42955247849998718 0.33647224776682444 1.329934323655882 -0.44325967197098404 243.21727250000001 0.51706018518518526 4847.1831235000018 0.7833796202636748 6593.8662035000007 -0.22314355131420974 0.003409160224545607 0.0041302172566058731 0.56588353333636288 0.58073495370370376 0.13125717614662563 0.76094018469257341
decision_type=2 2 2 2 2 2 2 2 2 2 2 2 2 2 2 2 2 2 2 2 2 2 2 2 2 2 2 2 2 2
left_child=1 2 -1 -3 12 25 7 -6 -2 10 11 21 -4 14 15 17 -17 20 -19 -14 -9 -7 23 -11 -25 26 27 -5 -27 -13
right_child=8 3 4 5 6 9 -8 13 -10 22 -12 29 19 -15 -16 16 -18 18 -20 -21 -22 -23 -24 24 -26 28 -28 -29 -30 -31
leaf_value=-0.046173336389383354 -0.032910540948702625 -0.011911849676701896 -0.021655983194991475 0.090339414053924386 -0.011905660397861936 0.0070025422574267514 -0.021143001567270579 -0.032342910348258994 -0.049947268394545413 -0.0074118185249419811 0.038548371548624505 0.0030034125568477654 0.066518910936785705 0.030806871255539582 0.066564898132330783 0.042477829005105557 -0.022066838351442922 -0.012508858668313295 0.012798817051105277 0.017462955319326755 0.027422417097152603 0.058134196387031815 -0.026797327559939767 -0.013977371694273606 0.028367863105748282 0.031414757814887624 -0.00018235730637486747 0.013427421150170624 -0.0038136943450291557 0.037483272332222005
leaf_weight=121.82522225007415 236.05285908654332 91.608804062008858 16.723400238901377 10.352069661021231 220.84021579474211 13.451865643262861 147.34204513579607 41.915615394711494 282.17828424274921 31.07658290117979 246.62957675755024 84.142684921622276 11.677685908973215 40.159458093345165 7.8134681433439246 31.258804507553577 10.740367569029329 85.226218491792679 125.38303103297949 138.41319368034601 7.9474995136260977 28.166792407631874 13.049061939120291 16.029547557234764 117.81726565957069 122.30421847105026 207.55243616551161 616.96340062469244 29.352602921426296 26.053843334317207
leaf_count=2235 3930 674 168 42 2047 59 1550 324 6033 147 1020 388 52 246 55 235 83 806 904 816 43 124 54 68 532 651 1428 3208 131 114
internal_value=-0.000416548 0.00771579 -0.00624346 0.016214 -0.00074962 0.0178625 -0.0048641 -0.000665553 -0.0421871 0.0260337 0.031292 0.0195036 0.0169753 0.00641765 0.00326101 0.00162574 0.0259719 -0.0022999 0.00255768 0.0212797 -0.0228171 0.0416076 0.0142615 0.0175102 0.0232966 0.0130882 0.0109976 0.0146966 0.0245964 0.0111555
internal_weight=3180.05 2661.82 1007.27 1654.55 885.441 1562.94 718.627 571.285 518.231 576.417 398.445 151.815 166.814 350.444 310.285 302.472 41.9992 260.472 210.609 150.091 49.8631 41.6187 177.972 164.923 133.847 986.525 834.868 627.315 151.657 110.197
internal_count=28167 18204 9564 8640 7329 7966 6293 4743 9963 2506 1705 685 1036 2696 2450 2395 318 2077 1710 868 367 183 801 747 600 5460 4678 3250 782 502
is_linear=0
shrinkage=0.05


Tree=25
num_leaves=31
num_cat=0
split_feature=8 0 24 37 34 9 0 6 8 35 34 9 0 10 0 34 23 9 34 39 23 4 35 29 15 34 29 6 28 5
split_gain=405.503 131.412 87.8639 34.2393 33.4227 19.1835 19.3707 19.0836 17.8522 15.9704 15.9688 15.008 13.4641 12.5748 13.9952 12.493 14.1303 12.2955 12.1476 12.4242 11.0874 14.69 11.0614 11.2638 10.9563 13.0417 10.5107 10.4227 13.0252 10.1912
threshold=0.94799999936799806 0.001000389047293513 1053.1729560000001 0.23076923076923084 0.19703245619969129 0.0072312879314577238 0.46999999878583337 0.011980659140080297 0.98700000165635016 0.028571552990888285 1.7919591004593773 0.065725000023730232 0.93000000670704874 0.88920044378554419 0.0070000000011050138 1.7065866709695772 4.9999440000000011 0.086861051636114989 2.2917698741903432 0.011356471397455005 1076.6939940000004 -0.22314354811420969 0.028571552990888285 -0.91811326818943251 0.0056416437321566313 0.15786316386912613 0.99999998649833599 0.034289066917004098 0.88231854513004804 -1.3929452391971642
decision_type=2 2 2 2 2 2 2 2 2 2 2 2 2 2 2 2 2 2 2 2 2 2 2 2 2 2 2 2 2 2
left_child=1 -1 4 5 7 -4 11 -3 -2 24 15 29 18 14 -12 26 -17 -13 -5 -20 21 -19 -22 -24 -8 -26 -6 -27 -29 -7
right_child=8 2 3 12 10 6 9 -9 -10 -11 13 17 -14 -15 -16 16 -18 20 19 -21 22 -23 23 -25 25 27 -28 28 -30 -31
leaf_value=-0.052374074879938941 -0.029341056895449642 0.01261732876184803 -0.011646237591963792 0.027923835488978754 -0.0021168002532158162 -0.01471823892146153 -0.022354825359206909 0.08857114537805387 -0.048574005365204259 -0.012951653389627124 -0.024250030225247111 0.060949475088024264 -0.024792699017657006 -0.038133735266771634 -0.0036577981454057268 0.078147650743035826 0.010072299591187363 -0.028549170794387863 -0.035684911485803945 0.016357773982270958 0.072505577421983866 0.019720576184490916 -0.02172692800346954 0.029994808273290208 -0.04518309102502456 -9.6265097626881298e-05 0.031489633513135613 0.046938801849941952 0.008044764948202849 0.013292531222445225
leaf_weight=87.669947929680347 199.27473444491625 18.622587911784649 92.623063817620277 641.69070121645927 223.32983282208443 38.196395441889763 20.523956403136253 14.876102671027182 305.80947149544954 112.2925787717104 100.65368615835905 22.914217598736286 13.811516620218752 35.316741324961185 457.77211340516806 11.728582784533499 21.774895250797272 20.758906707167625 12.597922921180723 127.86630743741989 14.09704966843128 65.481510505080223 11.340813413262365 146.57086699455976 7.9891397207975379 41.244612358510494 25.971890456974506 50.509811900556087 37.512404017150402 216.69530039280653
leaf_count=2031 3280 100 721 2767 1679 210 218 75 6806 787 931 121 108 445 3720 104 163 125 63 590 63 358 61 691 52 283 150 330 229 1250
internal_value=0.00012449 0.00783655 0.00986309 0.0165925 -0.00266855 0.00990422 0.0123803 0.0463469 -0.0409859 0.00146079 -0.00454176 0.0178818 0.0241444 -0.00919936 -0.00736945 0.00523677 0.0339035 0.0258475 0.0250085 0.0116902 0.0227329 0.00810158 0.0300687 0.0262803 0.0117182 0.0168131 0.00138427 0.0206447 0.0303633 0.00909502
internal_weight=3197.52 2692.43 2604.76 1694.72 910.046 898.751 806.128 33.4987 505.084 270.073 876.548 536.055 795.966 593.743 558.426 282.805 33.5035 281.163 782.155 140.464 258.249 86.2404 172.009 157.912 157.78 137.256 249.302 129.267 88.0222 254.892
internal_count=28511 18425 16394 9027 7367 5499 4778 175 10086 1899 7192 2879 3528 5096 4651 2096 267 1419 3420 653 1298 483 815 752 1112 894 1829 842 559 1460
is_linear=0
shrinkage=0.05


Tree=26
num_leaves=31
num_cat=0
split_feature=8 0 24 37 34 7 8 6 0 9 34 31 24 16 35 7 9 31 34 16 37 13 35 34 4 8 16 31 20 18
split_gain=377.95 122.947 78.8418 30.7553 29.7334 19.7218 18.0687 16.3678 15.5239 16.2969 14.4983 15.3872 17.1807 14.9537 14.4074 13.4801 11.8995 11.6043 11.2578 11.2097 14.2036 12.9248 12.5863 11.0113 10.4752 12.6047 10.8281 13.0873 15.2423 13.0578
threshold=0.94799999936799806 0.001000389047293513 1053.1729560000001 0.23076923076923084 0.19703245619969129 0.00320000000026946 0.98700000165635016 0.011980659140080297 0.46999999878583337 0.065725000023730232 1.7919591004593773 9.5000000000000018 210.41205400000004 0.16557025955268206 0.028571552990888285 0.82081291520069521 0.086861051636114989 38.500000000000007 0.44540504761611838 0.09824781028459742 1.223869662905595 1.1631776203284392 0.76496164715000869 2.0449112003932868 -0.04082198368691671 0.67827774154611964 0.2753169600398187 12.500000000000002 -7.3523884025704929 0.49999999979229154
decision_type=2 2 2 2 2 2 2 2 2 2 2 2 2 2 2 2 2 2 2 2 2 2 2 2 2 2 2 2 2 2
left_child=1 -1 4 5 7 23 -2 -3 9 -7 11 13 -13 -6 17 19 -11 -10 -19 -5 22 -22 -21 -4 -12 26 27 -26 -29 -30
right_child=6 2 3 15 10 8 -8 -9 14 16 24 12 -14 -15 -16 -17 -18 18 -20 20 21 -23 -24 -25 25 -27 -28 28 29 -31
leaf_value=-0.052252962423261086 -0.028609833677929644 0.011924401956943914 -0.0027366805209736167 0.039076929734351201 0.0084934230588487227 0.00766221747057594 -0.048278991714299481 0.081611683068656238 -0.0034738750741010876 0.058875859891924988 -0.019738092941658958 -0.036658599794903372 0.0039535248115132463 0.050083095821192525 -0.012405102497477234 -0.013416631144390895 0.021421920488612512 -0.024975410235416176 0.030439650598703405 0.014650835129895302 0.038397874178125541 0.0026598088122549417 0.04634999426975004 -0.049081551128681386 -0.00353116677533563 -0.022503468135744345 -0.04143072070530171 0.087127334762470476 0.026503155194001267 -0.029231594105109351
leaf_weight=83.58264334872365 194.27804996818304 18.717008583247662 35.444705627858639 106.45515863597393 134.36571927368641 293.72001530230045 292.62797911092639 15.325113311409948 73.680233955383301 23.097467303276062 159.68973902240396 37.294056713581085 86.310984961688519 25.756082937121391 111.40129736810923 24.831982128322124 259.07558297365904 10.448539443314074 74.616422884166241 438.52165165543556 165.65173842012882 29.85917566716671 33.722353234887123 20.076000429689884 269.71897345036268 81.059004440903664 15.527367047965525 7.8025204166769973 41.912757411599159 14.025580897927282
leaf_count=2031 3280 100 257 484 1073 1730 6806 75 540 119 1386 282 567 174 787 168 1293 71 501 1914 695 127 140 201 2276 887 113 60 270 104
internal_value=0.000106812 0.00743977 0.00935276 0.0157033 -0.00254766 0.00937309 -0.0404309 0.0432963 0.0112675 0.0159063 -0.00433438 0.00495284 -0.00829995 0.0151832 0.00137866 0.0228456 0.0244877 0.0110516 0.023633 0.0240087 0.0216065 0.0329398 0.0169144 -0.0194947 -0.00880253 -0.00474181 -0.000616325 0.00128417 0.0216603 0.0125286
internal_weight=3178.6 2691.69 2608.11 1700.6 907.505 901.56 486.906 34.0421 846.04 575.893 873.463 283.727 123.605 160.122 270.146 799.042 282.173 158.745 85.065 774.21 667.755 195.511 472.244 55.5207 589.736 430.046 348.987 333.46 63.7409 55.9383
internal_count=28511 18425 16394 9027 7367 5499 10086 175 5041 3142 7192 2096 849 1247 1899 3528 1412 1112 572 3360 2876 822 2054 458 5096 3710 2823 2710 434 374
is_linear=0
shrinkage=0.05


Tree=27
num_leaves=31
num_cat=0
split_feature=8 1 31 1 33 1 39 8 33 29 23 33 35 18 8 1 39 37 15 35 2 39 23 13 13 33 16 16 31 17
split_gain=352.242 115.111 71.8315 26.8258 27.1415 25.1403 22.3865 18.2665 18.207 18.4128 14.9344 14.5524 16.1803 12.7023 13.7511 12.417 12.1936 11.79 12.9382 11.7123 11.4455 11.1057 13.9732 10.8871 13.3063 10.5345 13.9051 10.5265 13.359 12.3032
threshold=0.94799999936799806 -6.9073663829679512 17.500000000000004 -0.7133498855404613 0.72898148148148156 -4.961844845953288 0.41935490936887804 0.98700000165635016 6.0011979166666674 0.99999999045943622 2381.0443160000004 13.152609953703706 0.00040671344003266656 0.74736511628251068 0.67827774154611964 -6.2135175766485737 0.023431587124074015 0.30189773483463861 0.50346251395469344 0.028571552990888285 0.033461761137929306 0.33116592631146363 900.59309450000012 0.99669630275893495 1.0019742362181405 1.4783449074074075 0.0092074683912748683 0.06906234113070929 12.500000000000002 0.33333333261536685
decision_type=2 2 2 2 2 2 2 2 2 2 2 2 2 2 2 2 2 2 2 2 2 2 2 2 2 2 2 2 2 2
left_child=1 -1 8 4 -4 6 17 -2 15 13 11 12 -7 14 21 -3 -11 18 -6 25 27 -10 -23 -16 -25 -5 -27 29 -29 -17
right_child=7 2 3 19 5 10 -8 -9 9 16 -12 -13 -14 -15 23 20 -18 -19 -20 -21 -22 22 -24 24 -26 26 -28 28 -30 -31
leaf_value=-0.052138288366034152 -0.027881624126619049 -0.025217523809754949 0.049027217882467888 -0.020621870329837051 -0.01142528632725461 0.034605806999599052 0.052004959692116763 -0.047982553774071367 -0.0069853108169626562 0.070687898439996261 0.028496926832108339 -0.01949314169928994 0.011792938149254511 -0.031691705372213379 -0.044663001120858983 -0.005483734579875158 0.0099715659276316884 0.010894246561934391 0.057497037992251802 -0.0091422614144632316 0.051918197497840282 0.0068434098482159124 0.081992325815746878 0.030347140815441882 -0.024375480207989408 -0.028607844218989927 0.020160911471439377 0.025197232363561334 -0.0064148289928423162 0.048496505913940516
leaf_weight=79.676719058305025 189.5073831230402 26.818844273686409 69.972576826810837 23.617840461432934 140.59467106312513 104.43006232380867 24.446250513195992 280.03295629844069 362.4855030849576 10.658177517354487 412.14121820032597 28.228881187736988 303.95784413069487 54.786085456609726 37.671388383954763 140.90286484360695 36.891749143600464 183.29414936900139 7.1557331979274741 129.03809833526611 15.627190202474592 94.080797180533409 6.62105569243431 15.032056197524069 42.562769934535027 16.283956065773964 142.6984400972724 123.87106846272945 45.768180526793003 11.410573139786718
leaf_count=2031 3280 193 290 162 1009 498 113 6806 2935 65 1787 165 1568 502 412 1129 235 790 34 865 76 726 36 177 436 177 885 783 263 83
internal_value=9.0369e-05 0.00706355 0.0088701 0.015538 0.018754 0.016995 0.00583215 -0.0398698 -0.00144446 -0.00639263 0.0216704 0.0152266 0.0176265 -0.00871675 -0.00646283 0.00752841 0.023581 0.00242249 -0.00808729 0.00238847 0.0101299 -0.00290458 0.0117844 -0.0237631 -0.0100931 0.0105369 0.0151657 0.00810154 0.0166684 -0.0014398
internal_weight=3160.27 2690.72 2611.05 1585.86 1274.22 1204.25 355.491 469.54 1025.19 660.79 848.758 436.617 408.388 613.24 558.454 364.399 47.5499 331.045 147.75 311.638 337.58 463.187 100.702 95.2662 57.5948 182.6 158.982 321.953 169.639 152.313
internal_count=28511 18425 16394 8343 6254 5964 1946 10086 8051 5524 4018 2231 2066 5224 4722 2527 300 1833 1043 2089 2334 3697 762 1025 613 1224 1062 2258 1046 1212
is_linear=0
shrinkage=0.05


Tree=28
num_leaves=31
num_cat=0
split_feature=8 0 31 0 33 0 10 27 18 3 29 33 18 33 30 6 23 19 24 19 8 11 0 10 6 16 17 15 20 30
split_gain=328.786 105.868 69.0155 28.6963 24.7548 22.4315 21.5357 16.7046 16.5472 15.3648 14.5662 15.496 16.3595 12.1437 12.0017 11.7148 11.5815 10.9635 10.541 10.2984 10.8175 10.2353 10.0804 15.513 13.5959 9.96918 13.0054 10.5443 9.72631 9.34428
threshold=0.96561196842165098 0.001000389047293513 17.500000000000004 0.4900000011451317 0.72898148148148156 0.011873863944425619 0.8746971057937637 0.94416763971313622 0.49999999979229154 0.21189283687310356 0.99999998916396782 6.4759027777777787 0.7766677429160197 2.1334375000000003 1.5000000000000002 0.81464847220641989 2381.0443160000004 -5.0681751278983205 6106.3768855000017 1.8024337992926813 0.032826734068774614 1.0193513027036847 0.11000000004450002 0.63578273103819705 -0.077326848399845369 0.063086198879209507 0.40816310377529547 0.05479834341420653 3.3367230010848714 21.500000000000004
decision_type=2 2 2 2 2 2 2 2 2 2 2 2 2 2 2 2 2 2 2 2 2 2 2 2 2 2 2 2 2 2
left_child=1 -1 6 4 -4 7 10 8 9 14 11 15 -13 -10 18 17 -7 -3 -6 -18 -21 -22 25 24 -24 -19 27 -27 -23 -15
right_child=-2 2 3 -5 5 16 -8 -9 13 -11 -12 12 -14 29 -16 -17 19 22 -20 20 21 28 23 -25 -26 26 -28 -29 -30 -31
leaf_value=-0.052029683447883494 -0.042761423873668047 0.040867379912835032 0.046729871023374912 0.0013571968639348236 0.0064841704562975978 0.015532637091334796 -0.0249208768644608 -0.0093876571995833071 0.024092845814239403 0.053582359988257923 0.019648684456262555 -0.0045497844603676679 -0.037676989856721313 0.0050414050915779159 -0.0072876847634032963 0.042062498723901699 0.023571725506412417 -0.018885674699855481 0.078172524838492116 0.069786107610743178 0.070406267534479192 -0.0049456924942058392 0.00082761056494194208 -0.0091375418581154926 0.06104913076765605 0.052562887641730331 -0.010037931525402321 0.0083075027717303025 0.044104904373769932 -0.024936388544111614
leaf_weight=75.945050571113825 392.03808492794633 19.138719700276852 69.747531414031982 336.61765455454588 10.28346609324217 367.57714253664017 94.035114269703627 109.19527056068182 75.678573131561279 41.90301288664341 87.097305495291948 502.96470553427935 40.250913925468922 182.66262927651405 30.330450057983398 21.854107029736042 269.72483626008034 70.67449489608407 10.227661520242689 26.96332386136055 12.514139115810393 20.99318964779377 14.917798481881617 29.416195578873158 25.211884006857872 17.790555477142334 80.674398191273212 55.285790897905827 19.488600537180901 30.307933785021305
leaf_count=2031 9151 139 290 2444 64 1830 1305 623 324 173 498 4122 385 1023 188 123 1176 568 53 111 52 87 100 230 163 119 582 297 80 180
internal_value=7.54897e-05 0.00618346 0.00783708 0.0143449 0.0177668 0.0160943 -0.00207968 0.00785537 0.0127921 0.0311654 0.00014546 -0.00178886 -0.00700443 0.0068887 0.0126897 0.0066693 0.0217296 0.00419897 0.0422308 0.0282436 0.0440031 0.0308852 0.0018117 0.0184442 0.0386624 -0.00334245 0.0038023 0.0190815 0.0186681 0.000775252
internal_weight=3141.51 2749.47 2673.53 1614.22 1277.6 1207.85 1059.31 490.589 381.394 92.7446 965.277 878.18 543.216 288.649 50.8416 334.964 717.261 313.11 20.5111 349.684 79.9593 52.9959 293.971 69.5459 40.1297 224.425 153.751 73.0763 40.4818 212.971
internal_count=28511 19360 17329 8698 6254 5964 8631 2628 2005 478 7326 6828 4507 1527 305 2321 3336 2198 117 1506 330 219 2059 493 263 1566 998 416 167 1203
is_linear=0
shrinkage=0.05


Tree=29
num_leaves=31
num_cat=0
split_feature=8 0 24 0 33 2 33 0 9 3 20 2 23 29 22 23 16 8 39 9 33 27 11 29 33 8 15 23 8 12
split_gain=307.505 99.3522 62.6296 28.21 25.6634 20.3909 19.916 21.5357 14.0288 13.4035 13.1871 12.114 13.3586 11.9268 12.2364 12.1975 11.9691 11.6299 11.1645 10.5514 9.81919 9.61352 12.7676 11.3168 9.89649 9.58165 10.5437 10.0567 9.27098 9.25141
threshold=0.96561196842165098 0.001000389047293513 901.21405550000009 0.4900000011451317 1.2160821759259262 0.0037696078671262214 0.58073495370370376 0.0070000019878150299 0.85858310791958903 0.51082570376600045 1.8105797525668221 3.3009541110370933e-08 33302.293421500006 0.99999998916396782 160.53957100000002 33302.293421500006 0.11973216339756192 0.01555701747926957 0.41935490936887804 0.015583333333877776 8.8934953703703723 0.50000011352278928 0.62878726378814342 0.99999998990272265 2.8584895833333337 0.29937587705395902 0.033596389967157088 1076.6939940000004 0.99134998253987627 1.2909879513382547
decision_type=2 2 2 2 2 2 2 2 2 2 2 2 2 2 2 2 2 2 2 2 2 2 2 2 2 2 2 2 2 2
left_child=1 -1 4 5 10 6 -4 18 17 13 -3 -5 -13 15 16 -9 -15 21 20 -19 -8 22 -6 -23 -24 26 -16 -28 -2 -21
right_child=28 2 3 11 8 -7 7 9 -10 -11 -12 12 -14 14 25 -17 -18 19 -20 29 -22 23 24 -25 -26 -27 27 -29 -30 -31
leaf_value=-0.051926798343579043 -0.033641225601286989 0.017453444822162417 0.053551279779668719 -0.0049183555832766094 -0.041726250080335273 0.028824875276081782 0.004315210581725658 0.01118355216383177 -0.023973279302998453 0.044687491144542207 0.085977051955315298 0.021187961088399127 -0.03773464613680716 0.096096945842199341 -0.024582101102148302 0.05027491758613209 0.02699748757748879 0.042737632318582131 0.04171020274033483 0.0022755981821317955 -0.016613321476160649 -0.024006141772122961 0.057596858299965963 0.02083907162480628 0.0010393201436313391 0.066628769449821351 -0.0051286338496787393 0.036017389301522255 -0.04939389482655443 -0.027267403398008611
leaf_weight=72.380684524774551 170.41075155138969 20.450107824057344 29.785781726241112 273.78386920690536 16.570496141910553 253.52135308086872 266.32896676287055 609.03569636493921 89.33313862606883 40.664773643016815 10.692088305950163 93.3913797698915 10.723654478788374 12.246458396315576 13.536410629749296 20.630833938717842 12.834915734827517 15.234794512391089 16.769374117255211 424.91223907470703 70.982382483780384 138.40548016130924 8.3759370669722539 15.659674420952795 101.02186797559261 10.438001126050947 21.270653426647186 49.200661085546017 206.6882469765842 28.262110069394112
leaf_count=2031 3660 110 124 2154 166 1063 1475 3027 1224 170 51 597 77 63 71 86 63 103 81 3376 490 1122 59 96 919 49 104 223 5491 186
internal_value=6.26686e-05 0.00587586 0.00744044 0.0127494 -0.00358868 0.0159657 0.0131881 0.0121371 -0.0052454 0.0167304 0.0409797 0.000602154 0.015119 0.015213 0.0296926 0.0124644 0.0607366 -0.00301006 0.00189072 0.00180909 -8.89017e-05 -0.011071 -0.000825628 -0.0194479 0.00536959 0.0214484 0.0158347 0.0235981 -0.0422753 0.000433156
internal_weight=3123.54 2746.44 2674.06 1805.15 868.918 1427.25 1173.72 1143.94 837.776 789.858 31.1422 377.899 104.115 749.194 119.527 629.667 25.0814 748.443 354.081 468.409 337.311 280.033 125.968 154.065 109.398 94.4457 84.0077 70.4713 377.099 453.174
internal_count=28511 19360 17329 9917 7412 7089 6026 5902 7251 3856 161 2828 674 3686 573 3113 126 6027 2046 3665 1965 2362 1144 1218 978 447 398 327 9151 3562
is_linear=0
shrinkage=0.05


Tree=30
num_leaves=31
num_cat=0
split_feature=16 14 38 37 31 1 1 33 33 31 13 24 13 20 17 24 38 33 1 24 39 15 39 37 29 10 24 2 33 10
split_gain=297.654 54.001 31.5213 25.3821 22.7354 17.0964 16.8948 14.9604 16.7585 14.0909 12.9508 12.2194 12.1716 11.9863 11.3304 10.5093 10.0692 10.0222 11.4465 11.0141 11.429 12.2582 11.3769 10.6578 9.73467 9.6193 9.28791 9.05361 13.9999 12.1601
threshold=0.0031907791631897828 0.016715413868959087 0.1111735330836455 0.75000000255526944 168.50000000000003 -6.3029203866425307 -6.9073663829679512 13.152609953703706 12.748784722222224 2.5000000000000004 1.0368501735449962 24614.506062000004 1.0959489103868119 11.275673991878406 0.78076160668771932 2673.0695860000005 0.51266024917318875 10.248026620370373 -0.014098922323075008 188.23125500000006 0.35483876946597376 0.020273971412189999 0.25806458606326405 0.012284050838477077 0.99999998570814708 0.014643739023443124 374.82746300000002 7.0409480098890315e-08 2.3024942129629635 0.089977162129455168
decision_type=2 2 2 2 2 2 2 2 2 2 2 2 2 2 2 2 2 2 2 2 2 2 2 2 2 2 2 2 2 2
left_child=10 2 6 5 7 -3 -2 8 13 -7 -1 12 -5 14 26 -9 -10 18 19 -8 22 -22 24 -19 -21 -26 -4 28 -11 -29
right_child=1 3 4 11 -6 9 17 15 16 27 -12 -13 -14 -15 -16 -17 -18 23 -20 20 21 -23 -24 -25 25 -27 -28 29 -30 -31
leaf_value=-0.042176490757442231 -0.05174227471819242 -0.041476130645568113 3.818384953385028e-05 0.022794820553354758 -0.031081365698011967 -0.043375238812356963 -0.01721228412445678 -0.035671602090054037 0.02271213555812264 0.019489418964644047 0.0021253402501117311 0.037721902001298879 -0.0068246599194654979 -0.021384212246274653 -0.030531233633659668 0.01649390211434636 0.091873722072089242 -0.028372515947905897 -0.037082232895808219 0.0030041122975100806 -0.0018570949868160895 -0.043518145885824207 0.060460100850728497 0.0018162480394983865 0.0020272662015284894 0.080380584768165925 0.014517843883908655 0.0033844779639277617 0.0035873656145747322 0.0279935059813049
leaf_weight=398.65294989570975 24.240073025226593 17.085987206548452 153.28108507022262 190.02752493321896 41.525307796895504 12.703655056655405 98.679154932498932 32.811147097498178 12.221842471510174 178.47217675670981 17.208645790815353 108.31778278201818 42.428515270352364 33.82587493211031 17.35350313782692 13.680405870079992 9.2423529773950559 108.2769056931138 26.076643597334623 120.09880103170872 113.60794936493039 20.905626989901066 11.120128784328697 40.050003904849291 7.1832427754998198 8.6150639131665212 399.13223594799638 80.428899943828583 616.53427597135305 133.55171443894506
leaf_count=9559 745 383 1142 826 362 103 1003 255 85 824 207 454 184 277 106 80 58 1199 612 971 1343 147 90 376 56 52 2420 352 3465 650
internal_value=-0.000994115 0.00513126 -0.00221464 0.0120106 0.00482208 0.00812606 -0.010883 0.00704217 0.00907748 0.00895557 -0.0403432 0.0238517 0.0173886 0.0075336 0.0092504 -0.0203216 0.0524927 -0.00909717 -0.00503602 -0.00283814 0.00220013 -0.00833191 0.0118364 -0.0202212 0.00785768 0.0447546 0.0105001 0.00961444 0.00715724 0.0187437
internal_weight=3087.34 2671.48 1291.93 1379.55 713.074 1038.78 578.854 671.548 625.057 1021.69 415.862 340.774 232.456 603.593 569.767 46.4916 21.4642 554.614 406.287 380.21 281.531 134.514 147.017 148.327 135.897 15.7983 552.413 1008.99 795.006 213.981
internal_count=28386 18620 11379 7241 4785 5777 6594 4423 4088 5394 9766 1464 1010 3945 3668 335 143 5849 4274 3662 2659 1490 1169 1575 1079 108 3562 5291 4289 1002
is_linear=0
shrinkage=0.05


Tree=31
num_leaves=31
num_cat=0
split_feature=16 14 31 38 6 1 31 1 33 33 3 16 8 3 28 34 38 6 12 1 31 24 10 24 24 13 14 16 1 19
split_gain=278.151 48.6699 29.9653 27.9192 19.6669 18.4887 19.7646 18.4656 14.2594 14.7485 13.3194 12.6461 12.4364 10.4725 12.2705 14.6086 12.1885 11.5557 11.1306 11.006 10.4416 10.1396 9.85951 9.62687 9.3239 12.9123 9.81569 9.23845 10.8386 11.3687
threshold=0.0031907791631897828 0.016715413868959087 116.50000000000001 0.1111735330836455 0.21977554498776083 -6.3029203866425307 72.500000000000014 -0.10531412343042212 13.152609953703706 12.748784722222224 -0.25782884077225254 0.25786613898273364 0.0020000000000750008 0.46651489644493344 0.94504988556880598 0.68648730806192371 0.14847035004138256 -0.14005965083504054 0.86233460917831584 -5.8091429901890264 112.50000000000001 135.66193750000002 0.055858419863370513 2673.0695860000005 225.06308300000003 0.99126888512884215 0.37884416426835177 0.019175101825180559 -0.75502258686136603 4.603006367394463
decision_type=2 2 2 2 2 2 2 2 2 2 2 2 2 2 2 2 2 2 2 2 2 2 2 2 2 2 2 2 2 2
left_child=4 2 3 12 -1 -3 10 13 9 -5 11 -7 -2 14 15 17 -17 18 -8 -18 -16 -14 -11 -10 25 -12 27 -26 -29 -30
right_child=1 5 -4 8 -6 6 7 -9 23 22 24 -13 21 -15 20 16 19 -19 -20 -21 -22 -23 -24 -25 26 -27 -28 28 29 -31
leaf_value=-0.041806498005096962 -0.043811701780164886 -0.039898918761720956 -0.027013652085548012 0.0076590866095586395 0.020985703101447161 -0.012668416734488059 0.02744771777751602 -0.031325688975028153 -0.034736837906478087 0.079993348499761363 -0.032743745509691877 0.019630236098036352 -0.020070968602629843 0.038154699529024387 0.075737152544690725 -0.010461747851790295 -0.016246202627240681 0.0060935639387919675 0.064549483594599652 0.019279206908330005 0.020167112062030437 -0.0029146898870185687 0.012595878028568425 0.016071931375661846 0.03689956122997072 0.017157198145842111 0.034505065665084635 0.011954374945925161 -0.015178416095165939 0.035509208499929994
leaf_weight=388.08675804361701 23.596313990652561 17.349039321765304 110.50280324369669 583.34664680063725 12.883953850716351 131.25443974882364 69.445174351334572 17.225579831749201 32.029489021748304 11.976196005940439 28.233585014939308 39.404333561658859 110.27125324681401 78.160380229353905 16.454079195857048 61.876533910632133 24.864195540547371 39.093326441943645 28.515402406454086 177.00536566227674 17.384777016937733 393.25745650753379 9.9219283200800401 13.150560420006512 31.049621406942606 23.969124797731638 45.578105866909027 449.03005884587765 72.59764589369297 13.051103688776491
leaf_count=9624 501 386 1347 3782 142 816 289 120 255 72 190 197 1236 324 77 347 122 179 119 776 78 4039 70 77 228 171 200 2137 419 66
internal_value=-0.00095885 0.00487338 -0.00211848 0.00021772 -0.0397889 0.0113921 0.0120444 0.0195945 0.00714863 0.00917132 0.00724708 -0.0052108 -0.0083344 0.021305 0.018275 0.0158339 0.00895269 0.029076 0.0382477 0.0149036 0.0471879 -0.00667186 0.0494559 -0.0199479 0.0104513 -0.00983149 0.0121834 0.010385 0.00884529 -0.00745467
internal_weight=3070.57 2669.59 1288.05 1177.55 400.971 1381.54 1364.19 530.025 650.425 605.245 834.168 170.659 527.125 512.799 434.639 400.8 263.746 137.054 97.9606 201.87 33.8389 503.529 21.8981 45.18 663.509 52.2027 611.307 565.728 534.679 85.6487
internal_count=28386 18620 11379 10032 9766 7241 6855 2431 4256 3924 4424 1013 5776 2311 1987 1832 1245 587 408 898 155 5275 142 332 3411 361 3050 2850 2622 485
is_linear=0
shrinkage=0.05


Tree=32
num_leaves=31
num_cat=0
split_feature=16 2 8 0 24 34 3 12 0 34 10 36 0 29 11 28 8 34 34 23 34 14 11 28 17 37 20 9 2 26
split_gain=259.913 45.4574 39.0798 42.3368 27.5222 19.2974 16.9499 13.1084 12.8129 12.5854 11.8889 10.278 10.135 9.83586 14.9245 9.68395 9.61066 9.60958 10.7811 9.45391 9.08207 8.98041 8.88388 9.63853 8.39295 12.5825 8.38677 8.34395 8.30896 8.2544
threshold=0.0031907791631897828 0.0090952371836773901 0.84501145231307462 0.001000389047293513 552.14928450000014 0.84178162292720915 0.51082570376600045 0.9093218373535209 0.98600000202763682 0.049175892175225493 0.96364388080545915 0.0070850194485731601 0.0020021834237528408 0.99999998990272265 0.97297257700995277 0.79589840158815217 0.012930488384460795 2.5766202098544801 2.5454359508343587 26.373416500000001 1.7919591004593773 0.60203892391774949 1.0065316448633086 0.20427250774430125 0.10000014773585636 0.085365857939001935 0.42791271473274572 0.0023436777353470733 -0.52156102308033236 -0.24124050471966424
decision_type=2 2 2 2 2 2 2 2 2 2 2 2 2 2 2 2 2 2 2 2 2 2 2 2 2 2 2 2 2 2
left_child=10 2 3 -2 9 21 17 -8 11 -5 12 15 -1 16 -15 -4 19 18 -7 20 -11 26 23 -18 -20 -26 28 -3 -6 -22
right_child=1 27 8 4 5 6 7 -9 -10 13 -12 -13 -14 14 -16 -17 22 -19 24 -21 29 -23 -24 -25 25 -27 -28 -29 -30 -31
leaf_value=-0.050505094410718279 -0.051605353826337408 0.055747898556889622 0.0327168236303024 0.036506759117483682 -0.01480118470814488 0.0047734893581922178 0.0029577280064212838 0.048077277032852125 -0.040612568599896856 0.01454125033809938 -0.045470384099507932 -0.01842319897514965 -0.018654819424551061 0.074160122955036309 -0.0084033706622864673 -0.0082139665995749813 0.019831124979885817 -0.014655964857409446 0.076437926060228534 -0.030182693163190211 0.037896596567372931 0.053387241325075933 0.0060407604223784344 -0.015363066251143221 -0.033813407484051171 0.049626556109758385 0.0041700924410755626 0.019498572521273343 0.026237137126936025 -0.02505369058084829
leaf_weight=33.72070525214076 33.235791618004441 16.64655801653862 21.648658636957407 18.062201119959354 13.225161939859388 1035.7933264970779 26.567144453525543 40.848417013883591 44.680438756942749 33.150709606707096 256.69061714410782 148.80665385723114 96.321852192282677 9.4620812535285967 12.984618477523325 43.463050615042448 22.534709483385086 61.958494178950787 8.8661747872829455 76.219244591891766 5.812787912786006 19.106443852186203 157.99670451134443 142.30133027583361 7.336635090410712 11.760701954364775 78.896345146000385 342.47796826437116 183.06409878283739 50.010270446538925
leaf_count=972 1103 70 259 85 55 5907 113 174 961 264 7408 1742 1386 62 74 553 204 388 50 628 58 80 1131 1209 56 57 363 1658 821 495
internal_value=-0.000923964 0.00463092 0.00205584 0.00436721 0.00528999 0.00877249 0.00594405 0.0302966 -0.01626 -0.00451057 -0.0392305 -0.0111735 -0.0269138 -0.0059619 0.0264001 0.0053949 -0.00745039 0.00448565 0.00560055 -0.0172592 -0.00618839 0.0202397 -0.00243122 -0.0105517 0.0362357 0.0175714 0.0179382 0.0211788 0.0234721 -0.0184988
internal_weight=3053.65 2666.92 2307.79 2049.19 2015.96 1487.42 1193.13 67.4156 258.599 528.535 386.733 213.918 130.043 510.472 22.4467 65.1117 488.026 1125.72 1063.76 165.193 88.9738 294.292 322.833 164.836 27.9635 19.0973 275.186 359.125 196.289 55.8231
internal_count=28386 18620 16892 13377 12274 8064 6745 287 3515 4210 9766 2554 2358 4125 136 812 3989 6458 6070 1445 817 1319 2544 1413 163 113 1239 1728 876 553
is_linear=0
shrinkage=0.05


Tree=33
num_leaves=31
num_cat=0
split_feature=16 2 0 8 24 6 33 3 0 6 23 12 8 33 0 33 21 36 33 28 31 36 11 0 3 5 29 38 22 33
split_gain=242.85 40.853 36.7242 38.7736 24.8077 18.9433 16.4702 15.1723 12.3249 12.0082 11.8654 11.7963 11.3947 14.4068 9.47329 10.1726 9.85814 9.44789 9.05406 8.53763 8.33765 10.8352 11.5591 9.75323 8.81564 10.0229 9.38695 12.4698 9.90288 9.765
threshold=0.0031907791631897828 0.0090952371836773901 0.001000389047293513 0.84501145231307462 552.14928450000014 0.21977554498776083 2.3024942129629635 0.51082570376600045 0.98600000202763682 -0.55961579093542257 360.08555200000006 0.9093218373535209 0.011587562186024527 1.04509837962963 0.0070000000011050138 10.22715277777778 0.84729831794715016 0.0070850194485731601 13.059062500000001 0.79589840158815217 6.5000000000000009 0.01308939092629932 1.0816147528740212 0.46999999878583337 -0.25782884077225254 -1.2527629390889878 0.99999998916396782 0.50000000037688463 297.17029100000008 13.152609953703706
decision_type=2 2 2 2 2 2 2 2 2 2 2 2 2 2 2 2 2 2 2 2 2 2 2 2 2 2 2 2 2 2
left_child=5 2 -2 4 12 -1 9 14 17 -6 -11 -9 -4 -14 15 -8 20 19 -15 -5 -16 22 -22 24 -23 -26 29 28 -28 -27
right_child=1 -3 3 8 6 -7 7 11 -10 10 -12 -13 13 18 16 -17 -18 -19 -20 -21 21 23 -24 -25 25 26 27 -29 -30 -31
leaf_value=-0.040804334944753537 -0.051524612036317891 0.020059903442615001 -0.015470315354906498 0.030305480496096271 0.029103011541004854 0.020854061038566161 0.0010180099755081431 0.0028089051635919061 -0.040044288749238384 0.051635198750131776 0.0041245955122304065 0.045591950548060006 0.051080500101663463 0.00098238952551950439 -0.014625917404639597 -0.023620365110188335 -0.043076105075075692 -0.017756383204751845 -0.028251487943004378 -0.0078547073992726001 0.054926789434681281 -0.0053050031169002707 0.01346054882088161 -0.0061530251655266708 -0.018933842031082664 0.012038535725460979 0.068577471320007216 0.0047086387177662226 0.024287222511054005 -0.018822560836155879
leaf_weight=360.18353257328272 31.663154548034072 360.17731634154916 159.42906050384045 22.188117124140263 145.96700870990753 12.903215646743773 193.84517960250378 26.575769752264023 43.089341722428799 14.592354848980902 132.15959256142378 40.919359058141708 13.578085400164126 324.63045863062143 41.213382877409458 53.443842694163322 9.8105442076921445 146.72911021858454 28.838474169373512 43.185676340013742 24.014038264751434 90.748405627906322 55.994287364184856 125.78305941075087 25.673385821282864 397.00944075733423 22.572702124714851 33.872863337397575 28.626018233597279 27.401552848517895
leaf_count=9624 1103 1728 1386 259 633 142 1285 113 961 74 602 174 62 2500 291 381 53 1742 262 553 140 477 279 830 138 2029 115 152 136 162
internal_value=-0.000891215 0.00440041 0.00195193 0.00269723 0.00502081 -0.0386719 0.00831696 0.00571811 -0.0156652 0.0189488 0.00884884 0.0287464 -0.00430914 0.000538784 0.00434264 -0.00430681 0.00676573 -0.0107126 -0.00140272 0.00509701 0.0073259 0.00841369 0.0259064 0.0065518 0.00910498 0.0115485 0.0130846 0.0282435 0.0438141 0.010046
internal_weight=3036.82 2663.73 2303.55 2271.89 2016.7 373.087 1490.22 1197.5 255.192 292.719 146.752 67.4951 526.476 367.047 1130.01 247.289 882.72 212.103 353.469 65.3738 872.909 831.696 80.0083 751.687 625.904 535.156 509.483 85.0716 51.1987 424.411
internal_count=28386 18620 16892 15789 12274 9766 8064 6755 3515 1309 676 287 4210 2824 6468 1666 4802 2554 2762 812 4749 4458 419 4039 3209 2732 2594 403 251 2191
is_linear=0
shrinkage=0.05


Tree=34
num_leaves=31
num_cat=0
split_feature=8 0 24 2 0 33 33 0 33 33 20 13 8 26 39 26 3 23 20 11 33 28 39 39 23 0 33 38 18 33
split_gain=226.926 73.3364 38.8876 22.7756 17.9057 21.0122 19.6121 17.7639 17.511 16.855 16.1489 12.0469 11.8545 11.6025 11.1241 9.02497 8.81125 9.817 10.0883 9.28534 8.40234 12.3238 12.1416 13.6643 11.7023 11.0656 8.95311 9.22847 8.24473 11.5265
threshold=0.95879997656047022 0.001000389047293513 243.21727250000001 0.0041302172566058731 0.46999999878583337 0.58073495370370376 13.152609953703706 0.0070000000011050138 12.748784722222224 10.314097222222225 1.1108409192325264 0.99705460805868273 0.99100000000000021 -0.23284224866810038 0.41935490936887804 4.2791692504697192 0.51082570376600045 40764.849033000013 -13.82545238862342 0.83937011171346276 10.314097222222225 0.047667840372845591 0.32036886910561269 0.43478260005114783 5.9825000000000008 0.0050101750000000013 11.91326388888889 0.33333319555531327 0.019185814629875193 1.1613946759259262
decision_type=2 2 2 2 2 2 2 2 2 2 2 2 2 2 2 2 2 2 2 2 2 2 2 2 2 2 2 2 2 2
left_child=1 -1 11 4 5 -4 7 9 16 14 -10 -3 -2 -13 -7 -5 17 18 -9 -18 21 -15 24 -24 25 -23 -22 -28 29 -6
right_child=12 2 3 15 28 6 -8 8 10 -11 -12 13 -14 20 -16 -17 19 -19 -20 -21 26 22 23 -25 -26 -27 27 -29 -30 -31
leaf_value=-0.051526880124154198 -0.029845928018316988 -0.016931738885817654 0.047688275716132475 0.021635242967149665 -0.045624122846116298 0.0021677563953471503 -0.018362822612121469 0.046839364982432997 0.020187693525826892 -0.026209802839098652 0.10131944144844221 -0.025818554877402422 -0.048472645367000473 -0.029327484397248079 0.055996305359165582 -0.0095819452101658393 -0.0094318564701782927 0.049306935647232625 0.0084465090895965989 0.042083725540028434 -0.033986930051581772 0.08795686227742415 0.098849226938317741 0.025537152400893499 -0.013678473930581685 0.012933164195605496 -0.0072774455365972783 0.06524889215069217 -0.0095815604683702153 0.012638243492480938
leaf_weight=58.099896626546979 169.50726706720889 213.86031645163894 32.741048946976662 333.98343558236957 9.3401849418878538 337.38808418437839 71.435042448341846 17.451966978609562 15.141479022800924 54.497412241995335 10.309509359300135 36.37410619109869 172.18587801977992 15.690074283629654 9.8789904341101629 24.877056282013655 11.130487933754919 15.521469190716742 874.11293786764145 40.847573086619377 24.179395660758018 6.1452054418623474 7.8289198316633692 33.780178762972355 37.50436645373702 24.550249822437763 20.475546285510067 5.5817802771925917 242.7734694853425 93.165263887494802
leaf_count=2027 4001 2051 139 1566 79 2045 489 110 89 407 53 339 5577 147 53 116 47 65 4627 179 260 58 59 347 295 228 235 42 1847 809
internal_value=-0.00085944 0.00403544 0.0052673 0.00795073 0.00569864 0.0080754 0.00718568 0.00850219 0.0121179 -0.000357932 0.053052 -0.00855773 -0.0392323 -0.000114612 0.00369906 0.0194712 0.0110316 0.00988435 0.00919803 0.0310523 0.00520564 0.0121228 0.0180455 0.0393311 0.005059 0.0279528 -0.0120746 0.00825853 -0.00456107 0.00732944
internal_weight=3020.36 2678.67 2620.57 2194.6 1835.73 1490.46 1457.71 1386.28 984.515 401.764 25.451 425.97 341.693 212.11 347.267 358.86 959.064 907.086 891.565 51.9781 175.736 125.499 109.809 41.6091 68.1998 30.6955 50.2367 26.0573 345.279 102.505
internal_count=28386 18808 16781 12720 11038 8303 8164 7675 5170 2505 142 4061 9578 2010 2098 1682 5028 4802 4737 226 1671 1134 987 406 581 286 537 277 2735 888
is_linear=0
shrinkage=0.05


Tree=35
num_leaves=31
num_cat=0
split_feature=16 37 0 7 9 32 33 0 19 39 33 25 16 39 22 24 33 9 28 15 6 12 33 20 2 28 6 14 22 24
split_gain=201.965 39.2729 30.1737 16.9276 15.6092 12.8485 12.6434 12.1197 11.9272 12.363 11.2718 10.3968 10.1809 9.97098 9.63654 9.59529 9.51632 9.31037 9.30313 8.77733 9.85578 11.995 8.50711 8.58469 8.3841 8.67279 8.24458 9.72825 8.93217 10.4975
threshold=0.0031907791631897828 0.1284431908988051 0.001000389047293513 0.9859999999901401 0.98054861421738349 0.010053726756144741 0.58073495370370376 0.0029985500000000004 6.5905622377284745 0.22478602811506432 5.9368807870370377 0.46904493055311808 0.2753169600398187 0.28353881311568263 204.87714250000002 124.99141650000003 13.152609953703706 0.84378038354658347 0.9374041399543297 0.082035705341350157 -0.54940630896423259 0.88174658411247175 11.478888888888891 -7.8039736689093617 0.38265475378111863 0.31356954753717597 -0.76213998049257248 0.12181103172671938 14.730906000000003 218.29500000000004
decision_type=2 2 2 2 2 2 2 2 2 2 2 2 2 2 2 2 2 2 2 2 2 2 2 2 2 2 2 2 2 2
left_child=4 2 -2 6 7 8 -4 -1 10 -10 -3 24 18 22 -11 19 -17 -9 -13 -8 -21 -22 23 -12 25 -7 -25 28 29 -28
right_child=1 5 3 -5 -6 11 15 17 9 14 13 12 -14 -15 -16 16 -18 -19 -20 20 21 -23 -24 26 -26 -27 27 -29 -30 -31
leaf_value=-0.051789895282187852 -0.051375824830043527 0.01536328621307001 0.037956663544263025 -0.034869466529757823 -0.045182175667618819 0.058391982856418348 -0.015105005965539287 0.00045153170009853608 -0.045919034669401546 0.028307962112674195 0.049944865013048484 -0.02882271519938517 0.03746772974870307 0.014608044491645778 -0.034233692777871409 0.0027524422779238596 -0.017278156096177177 -0.028597178175148487 0.017024606764499444 -0.013847016718336748 0.10350805574308103 -0.0013536900030078668 -0.017207452146856036 -0.019151361211120755 0.038878618102201952 0.015830841389517302 -0.026116828549964083 0.029945617613107017 -0.020852518568983333 0.022257816455659732
leaf_weight=30.056692166253924 29.468045717105269 307.58507888019085 22.316213469952345 34.428492039442062 202.78481735475361 12.346320092678068 154.09875792637467 48.568598166108131 21.301546894013882 16.709954045712951 9.1661757379770261 31.680440537631512 12.694142416119574 115.69313604012132 9.7546765543520433 1093.2677925415337 62.695864971727133 63.841419771313667 17.00332597643137 11.549592509865763 5.5970549210906011 5.3185823261737823 75.234975323081017 41.415331870317459 49.767122164368629 392.07049298658967 14.875859521329401 32.941967539489269 36.95218151062727 45.56829085201025
leaf_count=979 1131 1470 117 872 6812 52 1593 598 111 90 50 142 53 621 72 8224 570 1286 76 112 53 50 432 211 212 1706 110 158 178 244
internal_value=-0.000291613 0.00437566 -0.00130888 -0.000246903 -0.0362711 0.0108652 0.000632905 -0.0235872 0.00658446 -0.017566 0.0082823 0.0169031 -0.00241163 0.00242506 0.00525555 7.83327e-06 0.00166605 -0.0160462 -0.01281 -0.0108485 0.0183489 0.0524148 -0.00307742 0.00279851 0.0195133 0.0171302 0.000282392 0.00645752 -0.00148677 0.0103524
internal_weight=3006.75 2661.5 1418.74 1389.27 345.252 1242.76 1354.84 142.467 727.199 47.7662 679.433 515.562 61.3779 371.848 26.4646 1332.53 1155.96 112.41 48.6838 176.564 22.4652 10.9156 256.155 180.92 454.184 404.417 171.754 130.338 97.3963 60.4442
internal_count=28385 18710 12722 11591 9675 5988 10719 2863 3747 273 3474 2241 271 2004 162 10602 8794 1884 218 1808 215 103 1383 951 1970 1758 901 690 532 354
is_linear=0
shrinkage=0.05


Tree=36
num_leaves=31
num_cat=0
split_feature=16 37 0 8 10 32 0 33 33 39 29 24 24 33 31 0 25 16 33 13 29 13 2 19 24 13 33 15 15 14
split_gain=188.23 35.3983 28.5634 16.3547 15.9061 13.3973 12.6263 11.7582 11.6904 9.69491 9.14154 11.4732 8.7593 8.67776 14.0298 8.49513 8.45866 8.49474 9.35349 9.25172 8.3656 8.23368 8.27723 8.73443 14.8252 11.4294 8.34356 13.5694 9.94773 8.7832
threshold=0.0031907791631897828 0.11989669020076392 0.001000389047293513 0.96561196842165098 0.97337764828602846 0.010053726756144741 0.0029985500000000004 0.47899884259259268 5.9368807870370377 0.28353881311568263 0.99999998916396782 583.6092275000002 901.21405550000009 2.7406018518518525 10.500000000000002 0.84050000000000014 0.46904493055311808 0.2753169600398187 1.979351851851852 0.95595573106064213 0.99999999408340035 1.2842837550857988 0.38265475378111863 2.3612229424270113 51842.837918000005 1.0300036031420576 3.1042881944444449 0.25868626139059109 0.28607126235186148 0.20433024950652459
decision_type=2 2 2 2 2 2 2 2 2 2 2 2 2 2 2 2 2 2 2 2 2 2 2 2 2 2 2 2 2 2
left_child=4 2 -2 7 6 8 -1 -4 20 -10 12 -12 -9 14 -8 -15 21 18 -18 -20 -3 22 23 26 25 -25 28 -28 29 -7
right_child=1 5 3 -5 -6 16 13 10 9 -11 11 -13 -14 15 -16 -17 17 -19 19 -21 -22 -23 -24 24 -26 -27 27 -29 -30 -31
leaf_value=-0.051700630797154284 -0.051306927008435088 0.015897177601363732 0.046546602900239348 -0.023520337986264156 -0.044571655485024585 0.021296410326899943 0.11483064072318068 -0.0062272057635279487 -0.0051328829850998672 0.011172235690750819 0.04943843128118329 0.0068832145842345153 0.0027336791851762976 -0.002280545813732401 -0.035963876010562758 -0.031709293586553298 -0.045433701866562509 0.035661390299137542 -0.021633202568892271 0.028728278360652827 -0.0070311290639406589 -0.017728280057179135 0.039499411685760676 0.048642230143382148 -0.021492915713573622 0.0120531256659298 0.015635270641055889 -0.015072177640454577 0.0386742202682843 -0.017123576186708619
leaf_weight=28.638929387554526 28.067563839256763 292.08707796037197 13.986975654959677 72.096185397356749 200.57290358096361 53.096549034118652 3.2478139940649262 482.25354427099228 276.90574868768454 135.91410665214062 17.823245879262686 142.24737132713199 627.64878702163696 46.377205058932304 2.9376709032803774 52.038944121450186 13.670292213559149 12.670853748917578 18.601113617420197 17.890277825295925 46.055388487875462 15.059229642152784 47.903008952736855 63.461046878248453 12.535467591136692 32.159049600362778 108.55197857320309 53.809314295649529 54.681976124644279 20.665448158979416
leaf_count=979 1131 1433 66 1632 6944 236 50 4484 1501 732 121 903 4217 574 64 1064 63 53 81 82 207 67 205 275 68 145 467 227 229 85
internal_value=-0.000285178 0.0041564 -0.00138121 -0.000347854 -0.0356759 0.0101646 -0.0222848 0.000953314 0.00588136 0.000235308 0.000451168 0.0116216 -0.00115983 -0.014231 0.0432138 -0.0178414 0.0162942 -0.00091794 -0.0101579 0.00305703 0.0127743 0.0186355 0.0198609 0.0175029 0.029634 0.0363365 0.0129912 0.0054583 0.0225132 0.0105325
internal_weight=2993.66 2659.84 1384.12 1356.06 333.813 1275.72 133.241 1283.96 750.962 412.82 1269.97 160.071 1109.9 104.602 6.18548 98.4161 524.756 62.8325 50.1617 36.4914 338.142 461.923 446.864 398.961 108.156 95.6201 290.805 162.361 128.444 73.762
internal_count=28385 18710 12554 11423 9675 6156 2731 9791 3873 2233 9725 1024 8701 1752 114 1638 2283 279 226 163 1640 2004 1937 1732 488 420 1244 694 550 321
is_linear=0
shrinkage=0.05


Tree=37
num_leaves=31
num_cat=0
split_feature=16 0 37 10 7 33 39 0 10 27 25 18 19 26 2 34 35 7 2 24 16 16 26 7 6 12 39 25 13 26
split_gain=175.419 32.9021 26.6755 15.8515 15.5257 13.4022 14.7432 12.4041 11.7595 11.5067 8.59092 10.4417 9.84374 10.7001 8.55586 13.1857 8.48179 13.5715 10.8677 14.3607 9.15443 8.61134 8.91254 8.48773 8.46377 8.90761 9.07744 8.74468 8.36247 8.33097
threshold=0.0031907791631897828 0.001000389047293513 0.20000000065934068 0.97337764828602846 0.94563184241074016 6.2296527777777788 0.96365578865578871 0.0029985500000000004 0.010991665997621121 0.2140197051630692 0.29148188926058344 0.88778437457735615 -5.4077894606910739 -0.46687973277663025 0.030688848735916662 -0.5249586303586754 0.030272433650856551 0.51799999697899979 -1.0000000180025095e-35 3152.5367280000005 0.24482760302868875 0.013750933420727801 -0.26321523827128696 0.45000000185515893 -0.62860864067236977 1.0325948630612738 0.018404908016138786 0.30449418027417879 1.1478619977452933 -0.091315949452354023
decision_type=2 2 2 2 2 2 2 2 2 2 2 2 2 2 2 2 2 2 2 2 2 2 2 2 2 2 2 2 2 2
left_child=3 -2 4 7 8 6 14 -1 -3 -10 12 -12 -11 -14 15 -4 18 23 -15 20 28 -21 -23 -18 27 -26 -27 -7 -20 -17
right_child=1 2 5 -5 -6 24 -8 -9 9 10 11 -13 13 16 -16 29 17 -19 19 21 -22 22 -24 -25 25 26 -28 -29 -30 -31
leaf_value=-0.051615919988539816 -0.051241565150442883 -0.0082790981432505194 0.0544972597567863 -0.044205055277089414 -0.016799387076608153 -0.0034183276663598871 -0.019284118036527041 -0.013711807754049961 -0.0091835792466067479 0.018431960658896827 0.021985310369520464 -0.022773488541683276 0.044939612230577623 -0.035382285773130517 0.027917355397026711 0.017839077722560159 0.00012817676017131451 -0.019762272805342686 0.0022498117496190582 -0.0044626215389392569 -0.045286495975877882 0.065213768484127452 0.024018318606665236 0.050649362163181659 0.015687042176824366 0.04040732382434159 -0.003454197070093883 -0.050037233376014602 0.039127212888921965 0.0032691506337219922
leaf_weight=27.285772759467363 26.731889121234417 239.94126179814339 19.021234586834908 192.33352641016245 120.91848804429173 85.946754656732082 28.818815413862467 103.29201577603817 149.23100156709552 103.83453992381692 123.66049315780401 14.565063044428824 14.328603968024252 14.362558815628288 143.77543400228024 240.87633787840605 361.25072289258242 96.532473035156727 223.18096785247326 18.060109972953796 9.4877588972449285 17.462669126689434 52.909433729946613 8.5093427896499616 176.96894868463278 12.727118052542208 161.24099887162447 11.392481632530687 16.510051511228085 165.53687781840563
leaf_count=979 1131 2003 84 6944 2334 422 188 1752 1110 642 756 78 85 103 610 1096 2136 755 1865 154 74 99 280 52 849 69 833 56 119 727
internal_value=-0.000278055 0.00394992 0.00451067 -0.0350772 0.000419845 0.0107067 0.0156061 -0.0216323 0.00184223 0.0038265 0.00563313 0.017269 0.00391557 0.00210521 0.0173725 0.0138089 0.00135514 -0.00306761 0.00721437 0.0090265 0.00288323 0.0263366 0.0342409 0.00129083 0.00417061 0.00778895 -0.000245386 -0.00887456 0.00478995 0.0119046
internal_weight=2980.69 2657.78 2631.05 322.911 1584.75 1046.31 598.029 130.578 1463.83 1223.89 1074.65 138.226 936.429 832.595 569.21 425.434 818.266 466.293 351.974 337.611 249.179 88.4322 70.3721 369.76 448.276 350.937 173.968 97.3392 239.691 406.413
internal_count=28385 18710 17579 9675 12645 4934 2705 2731 10311 8308 7198 834 6364 5722 2517 1907 5637 2943 2694 2591 2058 533 379 2188 2229 1751 902 478 1984 1823
is_linear=0
shrinkage=0.05


Tree=38
num_leaves=31
num_cat=0
split_feature=16 0 32 30 10 38 19 3 24 0 33 15 25 10 16 20 19 20 34 19 34 3 34 8 20 39 33 31 9 19
split_gain=163.348 31.0251 26.2881 23.1028 15.8055 14.5196 18.8929 13.8724 12.8955 12.1893 11.777 11.4847 10.217 9.88529 9.71213 9.35507 15.6659 9.16421 8.80152 10.1919 8.56383 8.31582 9.61345 8.07156 7.93304 8.89425 7.81614 11.5451 8.14916 7.42153
threshold=0.0031907791631897828 0.001000389047293513 0.010053726756144741 17.500000000000004 0.97337764828602846 0.71535327271934424 6.5905622377284745 0.0444511516613268 901.21405550000009 0.0029985500000000004 13.388402777777779 0.028727720517141873 0.46904493055311808 0.0043021119175787863 0.15240928891817682 -12.939252045513202 -5.9891880482082476 1.3046821085839351 -0.43793090951855568 -8.3469826600743904 -0.5249586303586754 -0.019231906263125726 0.73802759482501845 0.99079999950664288 6.8072052937737686 0.86666666666666681 2.7406018518518525 10.500000000000002 0.84378038354658347 5.3873349115464757
decision_type=2 2 2 2 2 2 2 2 2 2 2 2 2 2 2 2 2 2 2 2 2 2 2 2 2 2 2 2 2 2
left_child=4 -2 3 5 9 8 10 13 -3 -1 20 -9 24 17 -15 16 -10 -4 -16 -20 -7 22 -21 -17 25 -13 27 -11 -28 -22
right_child=1 2 7 -5 -6 6 -8 11 15 26 -12 12 -14 14 18 23 -18 -19 19 21 29 -23 -24 -25 -26 -27 28 -29 -30 -31
leaf_value=-0.051535517553692657 -0.05117954792021559 -0.0064639725099441894 -0.0020589375039312464 -0.039277348969977394 -0.043830889007520218 0.060017371224904283 -0.029384586164482696 0.060740489976530303 0.085247285594796052 0.10074998230320009 -0.026799903213034174 0.021690686184522166 -0.0046454025294056797 0.0014004055171046408 0.052513125999829206 0.0030407510416222269 0.00020600518093141234 -0.058586059108037138 -0.041260735398267259 0.025793495822068725 0.01112390055900438 0.04043889611033824 0.0011987873089023624 -0.045916519485696583 0.053002773752564583 -0.01643756015902938 -0.0015044987989631081 -0.03505209986747674 -0.030707186488803134 0.041555854333964415
leaf_weight=25.994500989094377 25.458194551989436 582.49044694565237 22.872474253177643 34.971282096579671 184.47603365965188 9.8106783591210824 29.325980491936207 16.36336600035429 9.2235233187675494 3.5316928084939709 18.613225348293781 222.86343105137348 43.632486738264561 234.8483462780714 15.398183688521383 721.77070346288383 13.116934448480604 10.444014832377432 8.2124387323856336 67.301229640841484 378.85685779899359 28.71259544044733 96.990280091762543 8.5184110514819604 18.564922548830509 16.422279320657253 45.774297311902046 2.8104591034352779 49.967366766184568 21.152874033898115
leaf_count=979 1131 5351 133 419 6944 44 161 84 58 50 117 941 195 1251 70 5125 88 68 39 279 2019 130 474 263 84 80 574 64 1064 106
internal_value=-0.000271686 0.0037519 0.00428354 0.00097132 -0.0344622 0.0017564 0.00944085 0.0118266 -0.000878296 -0.0209681 0.0120984 0.0199447 0.0177304 0.00650395 0.00844355 0.00344468 0.0353163 -0.019779 0.0160795 0.0132914 0.0138651 0.0156127 0.0112739 0.00246969 0.0215168 0.0190739 -0.0131845 0.0405707 -0.0167453 0.0127332
internal_weight=2968.49 2655.94 2630.48 1827.85 312.554 1792.88 457.76 802.626 1335.12 128.078 428.434 317.846 301.483 484.78 451.463 752.63 22.3405 33.3165 216.615 201.217 409.82 193.004 164.292 730.289 257.851 239.286 102.084 6.34215 95.7417 400.01
internal_count=28385 18710 17579 13751 9675 13332 2447 3828 10885 2731 2286 1384 1300 2444 2243 5534 146 201 992 922 2169 883 753 5388 1105 1021 1752 114 1638 2125
is_linear=0
shrinkage=0.05


Tree=39
num_leaves=31
num_cat=0
split_feature=16 0 37 19 0 10 34 0 9 0 24 24 34 0 16 17 19 6 34 34 29 23 34 24 0 36 23 15 23 13
split_gain=152.126 29.2685 22.752 17.8646 16.4318 15.705 15.0631 12.3943 13.9401 11.9517 11.8102 11.5766 11.5143 11.1274 11.1645 10.0618 9.61414 9.0018 8.86773 8.7532 8.92722 8.83144 9.2379 11.6465 9.50937 8.73752 8.68199 8.53072 10.8023 11.9329
threshold=0.0031907791631897828 0.001000389047293513 0.75000000255526944 6.5905622377284745 0.98600000202763682 0.97337764828602846 2.3335116212560192 0.0099912683074487186 0.51105242348650293 0.0029985500000000004 150.74810700000003 5423.4227910000009 1.9358180570084718 0.40000001200000196 0.03026402998721894 0.01108312623850828 -5.4077894606910739 1.0986122891681098 -0.73532057839590459 -0.43793090951855568 0.99999998916396782 1.0000000180025095e-35 2.3955587907650213 40.665000000000013 0.014999992687499819 0.030071553896174063 176.38943750000001 0.16533879835986512 3612.8134315000007 1.0959489103868119
decision_type=2 2 2 2 2 2 2 2 2 2 2 2 2 2 2 2 2 2 2 2 2 2 2 2 2 2 2 2 2 2
left_child=5 -2 4 6 7 9 27 12 11 -1 15 13 18 19 -15 -10 -13 -8 -3 -9 21 22 23 -21 -25 -18 -22 -4 -29 -30
right_child=1 2 3 -5 -6 -7 17 8 10 -11 -12 16 -14 14 -16 -17 25 -19 -20 20 26 -23 -24 24 -26 -27 -28 28 29 -31
leaf_value=-0.051459194570385919 -0.051120698992937509 0.053684069702224647 0.03606171004609289 -0.027042160785973199 -0.029503424559786648 -0.043448773326029776 0.0026697007146251716 0.053378074127062275 0.00020484712589080166 -0.012693017736049528 0.00041134953981522603 0.037761122075488575 -0.013755755522255338 0.065310399105003539 0.009711098341827205 -0.043659271480714613 0.044303363377013079 -0.047517648921679929 0.00034247998054593701 -0.014692107148646702 0.057849625926054395 -0.0028567170975174927 -0.0074835674147661936 0.084533808439687566 0.026628507989698954 0.010100750448763345 0.010844532609670408 0.0065247955754057993 0.031301656673866911 -0.005605797595717929
leaf_weight=24.762483209371567 24.243758225813508 8.0022120326757413 70.270939093083143 25.07058222591877 40.874718172475696 176.98370019160211 61.372890405356884 8.4014202803373319 23.229758653789759 100.88232270255685 461.51145211793482 41.10859552025795 197.68430091440678 14.28516538441181 24.53933460265398 29.903079116716981 19.853750571608543 10.45707283914089 295.89084918797016 13.896581515669821 11.237722024321554 496.35342025756836 32.740542307496071 8.7210846021771413 37.912874676287174 313.92586746066809 78.064032897353172 139.89290700480342 137.89577100425959 26.035594034940004
leaf_count=979 1131 35 329 122 1009 6944 308 36 297 1752 3922 196 1649 88 135 393 83 56 1783 124 63 3188 289 73 288 1391 381 640 590 111
internal_value=-0.000265222 0.00356545 0.00406972 0.0140262 0.00189681 -0.0338517 0.0163351 0.00250301 0.0046345 -0.0203332 -0.00215867 0.00780974 -0.00436297 0.00412593 0.0301684 -0.0244818 0.0149452 -0.00463662 0.00174709 0.00265489 0.00202721 -0.000204092 0.0139122 0.025485 0.0374575 0.0121352 0.0167596 0.0203619 0.0167307 0.02544
internal_weight=2956 2653.38 2629.13 470.996 2158.14 302.629 445.925 2117.26 1615.68 125.645 514.644 1101.04 501.577 726.152 38.8245 53.1328 374.888 71.83 303.893 687.328 678.926 589.625 93.2711 60.5305 46.634 333.78 89.3018 374.095 303.824 163.931
internal_count=28385 18710 17579 2156 15423 9675 2034 14414 10947 2731 4612 6335 3467 4665 223 690 1670 364 1818 4442 4406 3962 774 485 361 1474 444 1670 1341 701
is_linear=0
shrinkage=0.05


Tree=40
num_leaves=31
num_cat=0
split_feature=16 0 7 23 34 7 11 34 22 38 2 0 34 27 14 34 2 26 2 6 27 18 10 17 5 34 21 9 6 13
split_gain=147.03 27.6248 25.9143 20.0686 13.6664 12.2475 11.2756 10.7822 10.7147 11.2113 9.88395 12.0714 14.59 16.4123 11.3553 9.4993 8.95989 8.70716 9.16024 19.0103 8.75615 10.3104 11.2792 10.0322 9.73428 9.15515 8.75163 8.38797 12.5302 8.37463
threshold=0.0024886238280210165 0.001000389047293513 0.93599995906366462 1200.7084210000003 -0.73532057839590459 0.9830000011249006 0.99913125117201751 2.5643736039738121 637.14307450000013 0.089405115273462663 0.33647223962121292 0.0030000049371222402 2.1280036424582902 0.59003126703073094 0.66955438477231788 1.030309472596427 0.005078496469059543 -0.15174358311174566 0.021611070019934963 -0.35667494093873231 0.78983073727924624 0.78355048761830703 0.012377561803374329 0.50836307837779005 -0.55961578793542255 1.7880091972837087 0.26398773422778637 0.88761374089244927 0.022868778030045462 0.90323851598807969
decision_type=2 2 2 2 2 2 2 2 2 2 2 2 2 2 2 2 2 2 2 2 2 2 2 2 2 2 2 2 2 2
left_child=5 -2 3 4 -3 6 -1 8 9 -6 11 12 13 -5 -13 -8 -4 20 26 -20 23 22 -22 24 -11 29 -19 -18 -29 -26
right_child=1 2 16 10 7 -7 15 -9 -10 17 -12 14 -14 -15 -16 -17 27 18 19 -21 21 -23 -24 -25 25 -27 -28 28 -30 -31
leaf_value=-0.046232396181291047 -0.05106502079174146 0.052557484288043743 -0.018911478007523193 0.037437956149354919 -0.0039150198054122391 -0.044334584780049278 0.053089524443319103 -0.014762643180237645 -0.027530207104591527 0.067158182537202016 0.027911937254856592 0.010273354348445122 -0.035721899331597244 -0.0077211073133856487 0.04912548347864136 -0.017325342013641092 -0.037109890271108635 -0.0053700997689736249 -0.035106926532897417 0.040797420130282001 -0.017025666859754627 0.048997177670154088 0.0080474714340703565 -0.0027542029796123568 0.0068754486444098763 0.010523860890797057 0.03423978948738185 -0.029015949779869266 0.080141814646529336 0.04472449328800561
leaf_weight=36.794318530708551 22.905372519046068 12.871152095496653 149.36013599298894 27.035420954227448 413.28707847371697 151.518854027614 5.0918780341744414 102.95921205729246 29.849090702831745 11.429900117218493 74.206821829080582 903.74134435504675 29.914652235805988 78.651081964373589 19.206187695264816 80.691821813583374 4.5861210934817818 270.68606233596802 11.089699774980543 32.201210297644138 61.03761663287878 11.969030655920504 169.17228223383427 49.916555538773537 20.679677076637745 109.48721073567867 14.702534027397631 4.0014281887561065 7.6649586819112301 49.833798319101334
leaf_count=1336 1122 57 3003 139 3675 6323 81 834 162 71 321 4356 222 406 84 1388 43 1650 51 153 370 73 979 298 107 715 77 73 101 283
internal_value=5.927e-05 0.00361089 0.00408003 0.00534697 0.00127842 -0.0348282 -0.0230774 0.000792503 0.00206829 0.00278921 0.0102718 0.00903524 -0.00489473 0.00383093 0.0110819 -0.0131457 -0.0150751 0.00620063 -7.84912e-05 0.0213532 0.0104689 0.00375198 0.00139961 0.017209 0.0224145 0.0195733 -0.00332949 0.0201808 0.042702 0.0336244
internal_weight=2966.54 2692.45 2669.54 2503.93 1371.17 274.097 122.578 1358.3 1255.34 1225.49 1132.76 1058.55 135.601 105.687 922.948 85.7837 165.613 812.206 328.68 43.2909 483.526 242.179 230.21 241.347 191.431 180.001 285.389 16.2525 11.6664 70.5135
internal_count=28553 19425 18303 15083 9555 9128 2805 9498 8664 8502 5528 5207 767 545 4440 1469 3220 4827 1931 204 2896 1422 1349 1474 1176 1105 1727 217 174 390
is_linear=0
shrinkage=0.05


Tree=41
num_leaves=31
num_cat=0
split_feature=16 1 8 24 8 8 9 11 33 3 37 1 37 33 31 15 33 17 7 3 6 38 25 11 21 28 23 34 38 38
split_gain=136.921 26.0694 25.4458 17.641 13.2838 11.3723 24.5659 10.538 10.8678 10.1944 9.25675 9.09214 9.90463 8.84976 8.10011 9.60194 7.77106 13.2994 12.9039 12.6474 9.3633 8.32486 8.79724 7.4815 7.56924 8.80105 7.45327 7.44949 7.54329 7.42808
threshold=0.0024886238280210165 -6.9073663829679512 0.89917238164783131 552.14928450000014 0.98300000000000021 0.01555701747926957 0.015030851074796717 0.99913125117201751 2.7941608796296298 1.0986122888681098 2.3333998611126447 -0.0060180723538647172 0.0087860324486932397 2.1888541666666672 17.500000000000004 0.0842354234603893 8.187754629629632 0.56666833333333344 0.0035811622424248113 0.40039005611123779 0.95551145726981113 0.90722345050046671 0.54738452610200816 1.1088917581582314 0.0053488893747285536 0.29088684833888984 171.49342600000003 -0.021975820373774258 4.0000001002852157 0.19675146752041409
decision_type=2 2 2 2 2 2 2 2 2 2 2 2 2 2 2 2 2 2 2 2 2 2 2 2 2 2 2 2 2 2
left_child=4 -2 3 5 7 10 -7 -1 -9 16 14 12 13 26 -3 -16 -5 18 19 -18 21 22 -20 24 25 -14 -4 -8 -29 -27
right_child=1 2 11 9 -6 6 27 8 -10 -11 -12 -13 23 -15 15 -17 17 -19 20 -21 -22 -23 -24 -25 -26 29 -28 28 -30 -31
leaf_value=-0.045640160117933509 -0.051012000366300519 -0.012962841628027827 0.083194363964506218 0.0094019170582310078 -0.044348223118491271 0.079261697606632889 0.045693575096032397 0.056129954442503661 -0.017189056698392179 0.036901833579584147 -0.066656902633016643 -0.044833256308298201 0.08145951887715569 -0.030356825098624515 0.056979085017001135 -0.015461813664752267 -0.045947105126286053 -0.014385303484246204 0.004413001776681017 0.018756932042753652 -0.022686389559597901 0.023181321442683044 0.04162752216506771 -0.050300707743296549 -0.023499838108197113 0.00035293280004141487 -0.014220310010084664 0.00081853216942597169 -0.042659451873994822 0.046362103891234852
leaf_weight=33.523996660485864 21.810338966548443 180.7283217087388 3.282277485355733 1255.9290068559349 145.79635881260037 10.238729551434515 8.9601973965764028 5.3922754488885394 80.599121153354645 29.257853906601667 7.4126815199851981 20.115933725610375 4.030758934095501 63.726621700450778 9.454892426729204 8.8618015050888044 22.376423612236977 97.708241380751133 345.9542108476162 11.399911835789679 23.807807840406895 89.074697695672512 16.644435286521912 7.0822089649736872 22.008076891303062 73.824264952912927 4.8871224224567413 331.15521682053804 10.286000221967695 9.9556179009377939
leaf_count=1269 1122 1578 63 6281 6353 62 42 83 1423 129 42 566 60 1315 81 59 188 631 2067 49 114 427 88 75 276 1181 90 2664 73 102
internal_value=5.03687e-05 0.00343032 0.00387534 0.0052985 -0.0342186 -0.00243683 0.00292044 -0.0218616 -0.0125914 0.00761686 -0.0117949 -0.0128776 -0.00947278 -0.024076 -0.00975177 0.0219314 0.00715692 0.00251159 0.0057535 -0.0241087 0.0078748 0.00948569 0.00612127 -0.000491564 0.00272063 0.00929229 0.0249187 0.00068975 -0.000491253 0.00582023
internal_weight=2955.29 2689.97 2668.16 2459.25 265.312 567.098 360.64 119.515 85.9914 1892.15 206.458 208.913 188.797 71.896 199.045 18.3167 1862.89 606.966 509.257 33.7763 475.481 451.673 362.599 116.901 109.819 87.8106 8.1694 350.401 341.441 83.7799
internal_count=28553 19425 18303 14575 9128 4601 2841 2775 1506 9974 1760 3728 3162 1468 1718 140 9845 3564 2933 237 2696 2582 2155 1694 1619 1343 153 2779 2737 1283
is_linear=0
shrinkage=0.05


Tree=42
num_leaves=31
num_cat=0
split_feature=16 0 8 24 8 2 0 11 29 33 33 37 38 23 24 16 0 14 28 9 35 34 30 14 2 16 5 33 23 4
split_gain=127.457 24.6088 23.2194 17.4233 13.2475 11.6108 11.2465 10.282 10.2632 9.59279 9.29737 9.07732 11.5987 8.74267 7.34722 7.63158 9.82323 7.1102 13.2731 7.53514 7.5239 14.0193 10.8454 10.6539 13.3533 9.83171 9.57302 8.64683 8.63273 9.18231
threshold=0.0024886238280210165 0.001000389047293513 0.9329108565796006 583.6092275000002 0.98300000000000021 0.33647223962121292 0.0029985500000000004 0.99913125117201751 0.99999998990272265 2.7941608796296298 1.2160821759259262 0.20728996862672347 0.089405115273462663 10.945000000000002 135.66193750000002 0.16292298222830784 0.4900000011451317 0.60203892391774949 0.84574886158512219 0.020679522352336784 0.28571428785714298 0.98846495541911283 28.500000000000004 0.018389208603736797 -1.0000000180025095e-35 0.01843154055763176 0.55961578939557666 1.2160821759259262 17967.523715000003 0.08701146979123954
decision_type=2 2 2 2 2 2 2 2 2 2 2 2 2 2 2 2 2 2 2 2 2 2 2 2 2 2 2 2 2 2
left_child=4 -2 3 6 7 17 -3 -1 10 -9 -8 12 -10 14 -12 16 -16 20 19 -19 22 26 23 24 -5 -25 -22 -24 29 -29
right_child=1 2 -4 5 -6 -7 8 9 11 -11 13 -13 -14 -15 15 -17 -18 18 -20 -21 21 -23 27 25 -26 -27 -28 28 -30 -31
leaf_value=-0.045308012916257086 -0.050961670644974547 -0.04095529047786875 -0.015452495824896656 -0.025351402469672754 -0.043999497935979071 0.024502952721782476 0.031013549545572838 0.050880750303665158 0.010229773003486594 -0.016579703748521715 -0.0039479300487241685 -0.0072410998651718647 0.089513218172800557 -0.009249093048576176 0.031102810868757515 -0.018233719760512256 -0.017412388844929259 -0.024864145433865115 0.066579136370763889 0.027959072830359574 0.014751463351508091 -0.0039170765171395207 -0.042986732560369507 0.047096390219114437 0.0063452151189877168 0.012775657929979218 -0.025902018155614732 -0.055397106309275516 0.030491795563642378 0.01236246226874041
leaf_weight=32.116939498111606 20.766608357429504 18.536796048283577 149.69577805697918 35.556572359055281 139.75748769566417 91.724075362086296 19.439708851277828 5.6442415341734877 9.4703349173069054 79.414084447547793 120.91730242222548 11.837618306279181 8.9940147027373296 327.92631502822042 56.5597303211689 14.070040456950663 12.793806467205284 11.243370875716211 13.896166831254957 16.897523805499077 199.23572281002998 418.26280510425568 17.343292497098446 21.714668251574039 507.32983043044806 534.42414849251509 15.615809381008146 9.7589493840932864 14.011659026145933 10.252334453165529
leaf_count=1269 1122 196 3136 243 6353 398 98 83 61 1423 1139 61 52 2624 469 110 139 51 63 78 878 2383 97 129 3168 2483 67 60 73 47
internal_value=4.13041e-05 0.00325694 0.00367903 0.00481649 -0.0336037 0.00714434 -0.00261527 -0.0212044 -0.00139415 -0.0121032 -0.00295021 0.026937 0.0488489 -0.00419065 0.00392713 0.0153415 0.0221531 0.00627216 0.0265974 0.00685416 0.00579309 0.00141549 0.00820229 0.00925184 0.00426923 0.0141157 0.0117967 -0.0142538 0.000392887 -0.020682
internal_weight=2945.21 2688.27 2667.51 2517.81 256.933 1917.27 600.546 117.175 582.009 85.0583 551.707 30.302 18.4643 532.267 204.341 83.4236 69.3535 1825.54 42.0371 28.1409 1783.51 633.114 1150.39 1099.03 542.886 556.139 214.852 51.3662 34.0229 20.0113
internal_count=28553 19425 18303 15167 9128 10218 4949 2775 4753 1506 4579 174 113 4481 1857 718 608 9820 192 129 9628 3328 6300 6023 3411 2612 945 277 180 107
is_linear=0
shrinkage=0.05


Tree=43
num_leaves=31
num_cat=0
split_feature=8 0 23 33 38 38 22 33 7 34 37 19 10 11 2 2 21 37 20 0 20 28 28 33 39 0 29 25 34 3
split_gain=118.972 44.5143 17.1345 13.8201 12.208 10.2585 10.2697 10.3865 9.62191 10.9893 10.8719 10.5753 11.2258 9.17587 9.03136 8.67615 8.96879 12.3304 10.9209 8.81521 7.9485 7.94033 8.83409 9.16748 8.96328 7.62273 10.0782 9.69608 8.13955 11.7393
threshold=0.96561196842165098 0.001000389047293513 1200.7084210000003 0.51706018518518526 0.021510813302066733 0.089405115273462663 637.14307450000013 13.152609953703706 0.51799999697899979 -0.78411843083915922 0.55555555894847297 1.845667065931613 0.0018362569415349701 0.75181154154367591 0.006872549578109277 -0.0053208552829850592 0.065341406027884949 0.38866376617879633 0.56113226245494852 0.97100000039357159 -4.894227197996897 0.85499233966327337 0.75350456110133057 5.9368807870370377 0.85651773589030178 0.025073945866841158 0.99999999941872397 0.50793349853131908 1.290981569040935 -0.093087116735480327
decision_type=2 2 2 2 2 2 2 2 2 2 2 2 2 2 2 2 2 2 2 2 2 2 2 2 2 2 2 2 2 2
left_child=1 -1 3 -3 -2 -5 7 -7 9 -4 15 12 -11 -13 -6 -10 17 18 20 21 -17 22 24 -24 -20 26 -14 28 -27 -30
right_child=4 2 8 5 14 6 -8 -9 10 11 -12 13 25 -15 -16 16 -18 -19 19 -21 -22 -23 23 -25 -26 27 -28 -29 29 -31
leaf_value=-0.050969902218394252 -0.040708582381952192 0.045538037109180342 0.057211757716957273 -0.0057639886200707147 -0.019532950317265235 0.0051902649736630772 -0.030167826356169287 -0.016109828964279919 -0.020240890948847928 -0.031144466808166807 -0.041915356217257435 0.063237614757492247 0.0050157236264102498 0.017214622977205388 0.064459667910986354 0.038344105773663144 -0.033652307441838593 0.067570063692753909 0.05778144432163889 -0.036348086857293592 -0.020946064746126643 0.0046184944139150454 0.02616032991730291 0.090221195693290027 -0.0013331165949822133 0.021616093223781455 -0.037545943835484846 0.048331101378211588 -0.016033230347331198 0.013218887177801406
leaf_weight=37.644496358931065 174.48644832894206 16.627610944211483 12.453683048486708 542.15381586924195 59.528267309069633 840.05030789226294 22.899064876139164 61.417615573853254 36.42254589125514 18.775395616889 15.010144084692 11.441325485706328 379.27854697406292 202.77025551348925 3.3822943158447734 6.5063283108174792 12.954557694494722 8.676909174770115 8.8932611867785472 7.7927597649395457 43.087650924921036 51.124275580048561 11.944773070514204 10.488759722560642 22.986342389136553 119.05291272699833 14.438087485730646 19.274225056171417 49.052671387791634 114.02584046125412
leaf_count=2025 7510 77 59 5583 1595 5088 113 456 256 138 89 51 1844 869 63 59 71 51 62 101 343 345 77 69 161 505 66 85 231 511
internal_value=3.3826e-05 0.00302053 0.00378472 0.000210405 -0.0339003 -0.000303526 0.00289911 0.00373908 0.00829085 0.0105554 -0.000738461 0.0099293 0.00700568 0.0196728 -0.0150172 0.00205978 0.00646327 0.00949345 0.00639854 0.0149684 -0.0131677 0.0187611 0.0320734 0.0561119 0.0151577 0.00803613 0.00345493 0.0140204 0.0116764 0.00442009
internal_weight=2934.64 2697.24 2659.6 1483.15 237.397 1466.52 924.367 901.468 1176.45 940.563 235.888 928.109 713.898 214.212 62.9106 220.878 184.456 171.501 162.824 113.23 49.594 105.437 54.3131 22.4335 31.8796 695.122 393.717 301.406 282.131 163.079
internal_count=28553 19385 17360 11317 9168 11240 5657 5544 6043 4359 1684 4300 3380 920 1658 1595 1339 1268 1217 815 402 714 369 146 223 3242 1910 1332 1247 742
is_linear=0
shrinkage=0.05


Tree=44
num_leaves=31
num_cat=0
split_feature=16 1 8 23 8 33 11 8 2 39 22 23 7 31 12 18 27 1 37 39 5 33 33 19 27 2 10 33 27 33
split_gain=111.044 21.9649 19.5495 13.4388 13.1046 12.9228 9.82247 9.53871 9.47043 11.6133 10.0946 10.9097 9.8432 9.48065 9.19626 8.96122 13.4554 8.73699 9.01788 8.67754 16.2483 10.6066 8.643 8.5077 8.48441 8.47701 8.49028 9.35726 8.92646 8.35157
threshold=0.0024886238280210165 -6.9073663829679512 0.89917238164783131 1200.7084210000003 0.98300000000000021 0.51706018518518526 0.99913125117201751 0.012000000389024877 0.0090952371836773901 0.073774289483102537 27.135966500000006 681.41896299999996 0.030000000069737021 70.500000000000014 1.1937696220970393 0.23333334483333359 0.8545164248276792 -0.0060180723538647172 0.0087860324486932397 0.012175184430088696 -0.2876820722753386 7.6323032407407414 2.7941608796296298 4.5883146774113603 0.056464693628878938 0.56093333652311639 0.0018362569415349701 7.4921817129629638 0.94696334403369142 2.1888541666666672
decision_type=2 2 2 2 2 2 2 2 2 2 2 2 2 2 2 2 2 2 2 2 2 2 2 2 2 2 2 2 2 2
left_child=4 -2 3 5 6 -3 -1 14 12 -10 -11 -12 15 -14 -7 16 -9 18 29 20 21 -17 -8 -21 -5 26 27 28 -26 -4
right_child=1 2 17 24 -6 7 22 8 9 10 11 -13 13 -15 -16 19 -18 -19 -20 23 -22 -23 -24 -25 25 -27 -28 -29 -30 -31
leaf_value=-0.044692346656578001 -0.050868477673898141 0.046375115144503591 0.024839628013873738 -0.025453109468739618 -0.043307253911887236 -0.0087343801963723263 0.047655910598388362 0.058818437324415801 -0.021433011227520799 -0.0080142568123239191 0.062155189751062816 0.0068818115721290974 9.8189331146047898e-05 -0.032812580286255055 0.016018480517442004 0.033101231824185263 0.0033117529010796339 -0.044127177334096407 0.00026798664625109436 -0.0043165502094817277 0.08306997932949288 -0.021416327475199198 -0.015593774252232923 0.045578210631745782 0.037268590725778983 0.030994211555714215 0.0091692084389143388 -0.043143970135884321 -0.024529141989599684 -0.029018925843984269
leaf_weight=29.66018945723772 18.822924237698317 15.6375270858407 8.1689201407134515 17.988830171525478 128.956706719473 340.32896945998073 5.8057192657142869 22.182203210890293 12.569756180047987 12.099499769508837 27.226146079599857 13.282557874917982 639.87931542098522 22.657604046165943 42.173085421323776 20.659874111413956 21.500744603574276 18.7269545532763 115.26415052451193 116.50756611675024 9.4757958352565748 15.702431365847586 77.512087721377611 9.2197192683815938 11.553969524800779 42.746054649353027 1018.8018744662404 16.522783018648624 11.823186680674551 60.545782044529915
leaf_count=1269 1122 69 153 101 6353 2604 83 135 61 66 131 61 4382 124 258 127 130 566 1694 779 61 130 1423 50 51 190 4882 132 51 1315
internal_value=2.72701e-05 0.00295373 0.00333413 0.00456369 -0.0324152 0.00118768 -0.0199828 0.000654568 0.00335604 0.0217447 0.0320613 0.0440314 0.00199063 -0.0010273 -0.00600523 0.0112798 0.0314981 -0.0115909 -0.00827906 0.00613201 0.0247552 0.00955877 -0.0111864 -0.000657713 0.00860821 0.0091645 0.0082831 -0.0143427 0.00601389 -0.0226161
internal_weight=2924 2682.07 2663.25 2460.54 241.935 1341.1 112.978 1325.47 942.963 65.178 52.6082 40.5087 877.785 662.537 382.502 215.248 43.6829 202.706 183.979 171.565 45.8381 36.3623 83.3178 125.727 1119.44 1101.45 1058.7 39.8999 23.3772 68.7147
internal_count=28553 19425 18303 14575 9128 9168 2775 9099 6237 319 258 192 5918 4506 2862 1412 265 3728 3162 1147 318 257 1506 829 5407 5306 5116 234 102 1468
is_linear=0
shrinkage=0.05


Tree=45
num_leaves=31
num_cat=0
split_feature=8 0 8 33 37 24 11 0 33 33 39 28 28 37 12 6 37 33 0 29 34 22 38 38 18 11 24 16 29 19
split_gain=97.4209 37.9325 22.8807 20.423 13.8327 13.275 15.7417 18.2122 11.635 10.8173 9.93501 9.52273 8.93148 8.68741 9.55262 8.59046 8.55284 14.5799 9.79759 9.72581 9.49754 9.38379 8.53954 8.51593 8.30725 9.8096 8.71626 8.15214 7.99366 7.93456
threshold=0.98700000165635016 0.001000389047293513 0.53324035313199047 0.51706018518518526 0.021473457279205761 5423.4227910000009 0.95078486069540225 0.19000000004257853 0.72898148148148156 2.8584895833333337 0.54759180059754087 0.47616692776832009 0.10524946901670552 0.024102700108610566 1.0128352159084284 -0.077326848399845369 1.223869662905595 1.5536979166666669 0.015950905902980716 0.50080943564824432 0.52301491579871551 3608.9183795000004 0.056171582969597192 0.18181818578995201 0.045665358280433069 1.1534114932864796 5873.0947125000012 0.21916158453571524 0.26732291910438838 6.5905622377284745
decision_type=2 2 2 2 2 2 2 2 2 2 2 2 2 2 2 2 2 2 2 2 2 2 2 2 2 2 2 2 2 2
left_child=1 -1 3 -3 9 6 12 29 -6 23 11 -9 -5 14 28 -12 18 -18 19 -7 -21 -22 -13 -4 -20 26 -26 -19 -10 -8
right_child=-2 2 4 5 8 16 7 10 13 -11 15 22 -14 -15 -16 -17 17 27 24 20 21 -23 -24 -25 25 -27 -28 -29 -30 -31
leaf_value=-0.050878639791417116 -0.041680973202090438 0.041725610901889067 0.017512493838548023 -0.032203560203452906 -0.040261058576476889 0.0088566004882396927 0.0031558849990915554 -0.0094056307344625254 0.1275079656424532 -0.019700714927598614 -0.032074296130162216 0.091934911441137621 -0.0041052841567823482 0.00024249676835588391 -0.011311229025006994 0.017017670967016209 -0.010977455920566998 0.0056825088260307396 0.05328356649394278 0.016722111388016114 -0.0080916652629321375 -0.045678940217846575 0.035555765343148402 -0.061617295450741544 0.057293199143829167 -0.011982949504625343 0.012745864978123786 0.040774464057895025 0.029875722010727301 -0.025252303136216226
leaf_weight=34.28457735106349 137.94450892694294 36.271292388439178 33.469339963048697 29.881879553198814 17.200196897611022 187.95958376303315 530.55656251311302 10.267712123692034 3.808819651603697 215.93724390119314 11.287452787160872 7.6796886920928946 528.09922696277499 326.93279634788632 5.4035526961088172 42.328922025859356 26.215702816843987 22.387430995702744 12.22718372941017 32.46229375898838 119.28137242794037 19.290279287844896 53.546530105173588 3.7845741063356391 11.426652535796164 39.76244392991066 281.30179403722286 63.470801815390587 4.6634769067168236 25.773716263473034
leaf_count=2029 6781 167 482 277 151 953 3539 74 48 3918 61 53 3688 2409 54 238 117 95 51 139 652 88 291 35 51 166 1241 273 62 140
internal_value=-0.000682629 0.00138371 0.00204668 0.00453366 -0.00646358 0.00387728 0.000617124 0.00571609 -0.000137872 -0.015408 0.0229529 0.0351547 -0.00561005 0.0018871 0.040636 0.00668271 0.00883043 0.0216591 0.00678732 0.00100608 -0.00762133 -0.0133241 0.0426275 0.00947381 0.012808 0.0113195 0.0144848 0.0316243 0.0737674 0.00183979
internal_weight=2874.91 2736.96 2702.68 2091.48 611.2 2055.21 1239.42 681.441 358.009 253.191 125.11 71.4939 557.981 340.809 13.8758 53.6164 815.786 112.074 703.712 358.994 171.034 138.572 61.2262 37.2539 344.718 332.491 292.728 85.8582 8.4723 556.33
internal_count=28323 21542 19513 12354 7159 12187 8361 4396 2724 4435 717 418 3965 2573 164 299 3826 485 3341 1832 879 740 344 517 1509 1458 1292 368 110 3679
is_linear=0
shrinkage=0.05


Tree=46
num_leaves=31
num_cat=0
split_feature=8 0 9 33 24 29 36 38 22 38 34 3 25 39 0 3 12 11 29 35 36 13 38 38 16 13 15 18 0 12
split_gain=91.6177 35.935 21.1565 15.5417 12.2077 16.0796 16.3591 13.0084 14.6058 11.7689 11.15 11.1251 11.4208 11.1207 11.5076 10.3339 10.1867 16.9217 9.95543 9.85847 20.4347 9.71925 8.45745 9.89304 9.16336 9.09556 8.45151 9.83522 10.7041 12.7505
threshold=0.98700000165635016 0.001000389047293513 0.51105242348650293 0.51706018518518526 7672.0151620000006 0.99999998916396782 0.47838856651407263 0.8729626655961461 156.52550000000005 0.41089182063998336 1.0767251889230194 0.013369758434430315 0.50793349853131908 1.0000000180025095e-35 0.10999999565499992 -0.11778314510219355 0.79280020580284238 1.0430325029025047 -0.99999997021493059 0.010010260707417121 0.03133424380904077 0.99214098915646631 2.0908307138908833 0.71535327271934424 0.06906234113070929 0.98633508821011695 0.040565000211591221 0.61538462619084677 0.11000000004450002 0.98275310708862984
decision_type=2 2 2 2 2 2 2 2 2 2 2 2 2 2 2 2 2 2 2 2 2 2 2 2 2 2 2 2 2 2
left_child=1 -1 3 -3 5 6 9 8 15 26 -8 -4 19 -10 -15 -7 -11 -18 -12 20 21 -13 23 24 -19 -26 27 28 -5 -30
right_child=-2 2 11 4 -6 7 10 -9 13 16 18 12 -14 14 -16 -17 17 22 -20 -21 -22 -23 -24 -25 25 -27 -28 -29 29 -31
leaf_value=-0.050835061131029015 -0.041252219158975222 0.03697996231940897 -0.01034701991183839 -0.0080334641366365759 0.0092599775633604893 0.0071967068785512766 0.0065384460073595026 -0.0056633637109898731 0.056755376256818903 -0.027809468845131847 -0.050460675477636323 -0.031463789454834294 -0.031863335888390708 -0.0052425808247020915 0.034154277655997871 0.067245084669908403 0.032471433643494009 0.015600566023872029 -0.011765645594277313 -0.0058956699103592377 0.072511706238996207 0.017175346313859106 -0.0083488525596692835 0.019914862270975966 -0.037576539298622064 0.01113133599504504 -0.011551722996622426 0.035425589696384714 -0.011246477537668909 0.029212529543450869
leaf_weight=32.639751881361008 132.54653267376125 35.872124210000038 445.86469297297299 148.96433983370662 679.35996441170573 9.9561117738485319 84.306550033390522 56.685655318200588 12.733180437237023 17.410009294748306 17.649771124124527 12.339913893491028 19.027580404654145 60.911592118442059 26.642776772379875 25.555164471268654 74.791089456528425 35.344663888216019 285.52191394194961 63.046656362712383 15.308870717883108 61.251102244481444 77.497550427913666 122.61097948998213 25.380629539489746 15.400099761784075 164.71305270493031 21.401423327624798 30.825163573026657 52.877105712890625
leaf_count=2029 6781 168 6053 1385 3169 55 447 258 74 87 119 82 148 326 121 134 429 217 2146 374 84 471 408 665 136 82 1057 212 226 380
internal_value=-0.000655815 0.00131385 0.00194445 0.00435364 0.00378176 0.0010596 -0.00113537 0.0144551 0.0228531 0.00300428 -0.00954566 -0.00618887 0.00465472 0.0130954 0.00674588 0.0504096 0.00952211 0.0113737 -0.0140184 0.00922771 0.019953 0.00901942 0.0056614 0.0111247 -0.0030331 -0.0191829 -0.00272997 0.00298919 5.58663e-06 0.0143126
internal_weight=2864.44 2731.89 2699.25 2082.41 2046.54 1367.18 1174.69 192.484 135.799 787.216 387.478 616.839 170.974 100.288 87.5544 35.5113 368.435 351.025 303.172 151.947 88.8999 73.591 276.234 198.736 76.1254 40.7807 418.781 254.068 232.667 83.7023
internal_count=28323 21542 19513 12301 12133 8964 7996 968 710 5284 2712 7212 1159 521 447 189 2024 1937 2265 1011 637 553 1508 1100 435 218 3260 2203 1991 606
is_linear=0
shrinkage=0.05


Tree=47
num_leaves=31
num_cat=0
split_feature=7 0 9 33 37 23 11 33 33 33 29 27 15 33 10 10 38 21 37 12 19 26 26 12 17 9 25 26 14 26
split_gain=85.5722 34.1399 18.1696 14.2312 13.4273 11.0365 13.2556 10.29 10.0044 9.71371 9.13228 8.89657 10.3684 8.78531 10.858 8.73625 15.1346 8.62782 9.91854 12.1746 8.49186 8.30221 10.3375 10.1849 7.84531 13.0695 14.6069 13.2845 11.0374 8.22109
threshold=0.98700000250531161 0.001000389047293513 0.51105242348650293 0.51706018518518526 0.017373087863295052 2771.6915000000008 0.64082668240182417 13.152609953703706 2.8584895833333337 0.72898148148148156 -0.9999991416158267 0.98391122735850489 0.067029519768129792 12.682789351851854 0.018233938771487695 0.0095943141497707597 0.60000001360000133 -0.56099030738485922 2.1501815690422674 1.3788633665325427 8.6400865616401159 -0.23426824337361254 -0.1851043893420273 0.68870182494847965 0.012894316427983872 0.96415173018402078 0.50793349853131908 -0.17250065511663093 0.016715413868959087 -0.1851043893420273
decision_type=2 2 2 2 2 2 2 2 2 2 2 2 2 2 2 2 2 2 2 2 2 2 2 2 2 2 2 2 2 2
left_child=1 -1 3 -3 8 6 11 15 -4 -6 -11 -5 -13 -7 -15 16 -8 -18 19 -19 -17 -14 -23 -24 25 26 28 -27 29 -12
right_child=-2 2 4 5 9 13 7 -9 -10 10 24 12 21 14 -16 20 17 18 -20 -21 -22 22 23 -25 -26 27 -28 -29 -30 -31
leaf_value=-0.050793677704762147 -0.039129381637495783 0.035527049495083597 0.009202358470434182 -0.018390243170095962 -0.039499576376872438 0.0078075508729262832 -0.013898136756832508 -0.015002838691232884 -0.019272596550074725 -0.029772595455123098 0.023515042439498535 -0.036440053809590006 -0.025923863762043614 -0.0045672683118364961 0.062156977081232925 0.0072405147212998358 -0.025933400411293023 0.013083987154579611 -0.029301911424382199 0.065003969013046115 -0.029403449717035696 0.083648154204872996 0.052156026344486121 -0.013526751219252725 -0.0029525959507499164 0.16332434356882586 -0.038443390118117843 0.026951988296678348 0.038338684159212023 -0.0071218883178895522
leaf_weight=31.072549640201032 137.39251871220767 35.482275009155273 36.390320051461458 130.87866878136992 14.702845953404902 617.59418783709407 155.2500210441649 74.732044979929924 202.47607745416462 21.262226089835167 36.897974450141191 11.07578159868717 8.3614793419837934 9.6922315955162066 16.43721866607666 860.85454928874969 14.561670437455176 76.056355386972427 11.110744930803774 13.259230405092238 16.106015287339687 7.0076837167143813 10.336255609989172 13.757277645170687 180.77580926381052 2.7778934221714735 14.503632601350544 5.0002978052943936 35.13846068829298 53.858409646898508
leaf_count=2029 6992 168 493 892 108 2850 1297 577 3782 164 342 97 65 51 75 5275 78 420 56 72 87 63 69 109 1180 61 105 104 182 480
internal_value=-0.000630834 0.00131566 0.0019184 0.00413254 -0.00571855 0.00358837 0.00110189 0.00297431 -0.0149346 0.000314036 0.00198551 -0.0115098 0.00630851 0.00900902 0.0374069 0.0041454 -0.00371474 0.0100343 0.0152496 0.0207917 0.00656752 0.0183065 0.0301977 0.0146515 0.00403823 0.012567 0.00907187 0.0756558 0.0145458 0.00533388
internal_weight=2854.8 2717.41 2686.34 2082.55 603.784 2047.07 1403.35 1221.93 238.866 364.918 350.215 181.417 50.5385 643.724 26.1295 1147.2 270.238 114.988 100.426 89.3156 876.961 39.4627 31.1012 24.0935 328.952 148.177 140.398 7.77819 125.895 90.7564
internal_count=28323 21331 19302 12301 7001 12133 9157 7862 4275 2726 2618 1295 403 2976 126 7285 1923 626 548 492 5362 306 241 178 2454 1274 1109 165 1004 822
is_linear=0
shrinkage=0.05


Tree=48
num_leaves=31
num_cat=0
split_feature=8 0 8 33 37 24 11 0 33 39 33 33 6 27 33 33 37 19 20 37 33 0 30 27 11 33 24 23 16 13
split_gain=81.2956 32.2727 16.9287 16.1068 11.3515 10.2164 12.8268 14.8904 9.98892 9.93881 10.4684 10.6462 10.4106 9.89559 10.8635 9.38002 8.41064 7.93953 11.2789 7.85746 13.2991 8.52474 12.4072 11.6542 11.1039 10.8536 9.86721 7.78153 7.53168 7.91542
threshold=0.98700000165635016 0.001000389047293513 0.53324035313199047 0.51706018518518526 0.021473457279205761 5423.4227910000009 0.96581535471986235 0.19000000004257853 0.72898148148148156 0.54759180059754087 11.232042824074076 5.6556944444444452 -0.077326848399845369 0.99553027239083558 12.606493055555557 10.540526620370372 0.55555555894847297 -4.5883146774113515 -8.6333520968117838 1.223869662905595 1.5536979166666669 0.018000000006728977 1.5000000000000002 0.99999876055511272 0.68347504939203663 1.1060648148148149 8057.284514500001 7424.7290320000002 0.21916158453571524 0.62780467036389842
decision_type=2 2 2 2 2 2 2 2 2 2 2 2 2 2 2 2 2 2 2 2 2 2 2 2 2 2 2 2 2 2
left_child=1 -1 3 -3 15 6 13 -8 -6 10 11 -9 -11 -5 -15 17 -10 18 -4 21 -21 22 23 24 -7 -24 -26 -27 -22 -30
right_child=-2 2 4 5 8 19 7 9 16 12 -12 -13 -14 14 -16 -17 -18 -19 -20 20 28 -23 25 -25 26 27 -28 -29 29 -31
leaf_value=-0.05075437585458599 -0.040397212231398923 0.037507201042546116 0.079258699819598155 -0.0090596280201658119 -0.038016744386641682 -0.008176038721096816 0.0016873892902078049 0.052317806649533255 0.0034586919197800723 -0.039267202533218165 0.070965185145390408 0.0060100808917414568 0.016092575682706636 0.0092548926859398872 -0.034763989097837442 -0.029223791795422484 -0.037565267466021041 -0.011731467101440411 -0.0013804559292499438 -0.011163762872557492 0.0046251987224136606 0.011577560473105396 0.023442307845587585 -0.031852436399782351 0.00016744568977499849 -0.00026781664321310554 0.051241013688211226 -0.017637818025045569 0.0045398760920132234 0.047726965681026357
leaf_weight=29.579433803446591 122.82688859477639 35.023134902119637 5.9429074060171869 416.83030718937516 16.434687996283174 17.571376405656338 532.76592110842466 19.889651171863079 327.48009264841676 10.663705557584761 14.821430720388888 33.011574923992157 41.706773415207863 154.4068770557642 15.415591359138487 71.087864028289914 12.989342182874678 151.75781489908695 16.039298696443439 26.188571095466614 22.315702557563782 329.44130627810955 32.056768044829369 10.017113622277973 12.734811656177042 158.18126523122191 36.73820897936821 108.84310241788626 13.516815081238745 49.332091599702835
leaf_count=2029 6781 167 66 2898 151 96 3498 96 2498 57 94 194 229 1166 129 1405 75 2735 229 117 95 1438 138 57 68 843 177 524 58 215
internal_value=-0.00060706 0.0011879 0.00175839 0.00388468 -0.00563208 0.00331206 0.000450979 0.00527252 5.57889e-05 0.0211771 0.0338261 0.0234207 0.00482019 -0.00491469 0.00525909 -0.0139237 0.00189358 -0.0076635 0.0204204 0.00765308 0.0199966 0.00570505 0.00056167 0.0184515 0.0259674 -0.00404784 0.0380942 -0.00734809 0.0295786 0.0384388
internal_weight=2845.61 2722.78 2693.2 2091.47 601.732 2056.45 1239.51 652.859 356.904 120.093 67.7227 52.9012 52.3705 586.653 169.822 244.828 340.469 173.74 21.9822 816.937 111.353 705.584 376.143 77.0615 67.0444 299.081 49.473 267.024 85.1646 62.8489
internal_count=28323 21542 19513 12354 7159 12187 8361 4168 2724 670 384 290 286 4193 1295 4435 2573 3030 295 3826 485 3341 1903 398 341 1505 245 1367 368 273
is_linear=0
shrinkage=0.05


Tree=49
num_leaves=31
num_cat=0
split_feature=8 0 9 33 37 23 11 33 33 32 3 9 33 31 23 3 15 33 6 5 28 4 0 17 18 31 27 28 16 3
split_gain=76.3787 30.5901 15.7289 11.881 10.8554 9.43067 11.5488 9.4063 9.22975 8.84204 8.58049 8.7044 11.148 8.62821 11.714 11.2386 14.2444 8.45791 8.32096 12.2657 8.15898 8.77992 8.05154 10.5956 8.56497 7.72664 8.63386 7.23113 6.91268 6.8635
threshold=0.98700000165635016 0.001000389047293513 0.51105242348650293 0.51706018518518526 0.017373087863295052 2771.6915000000008 0.64082668240182417 10.540526620370372 13.152609953703706 0.20628759553127005 0.89974871377477184 0.0045430034919031062 12.682789351851854 27.500000000000004 6443.0259500000011 -0.18232155347061338 0.22785098026193704 0.72898148148148156 -1.0051806299237127 -0.47032498187851529 0.87335916514863887 0.40546510810816455 0.36936224463968198 0.058450607465688073 0.0060912933604564791 39.500000000000007 0.99781772357787768 0.047667840372845591 0.09824781028459742 -0.084665145379019133
decision_type=2 2 2 2 2 2 2 2 2 2 2 2 2 2 2 2 2 2 2 2 2 2 2 2 2 2 2 2 2 2
left_child=1 -1 3 -3 7 6 9 -4 22 18 11 20 13 -13 15 -15 29 -6 -5 25 21 -7 27 24 -24 26 -20 -8 -19 -17
right_child=-2 2 4 5 17 10 8 -9 -10 -11 -12 12 -14 14 -16 16 -18 28 19 -21 -22 -23 23 -25 -26 -27 -28 -29 -30 -31
leaf_value=-0.05071704730062393 -0.039938942026742946 0.032771620302223289 -0.0074230021878839026 -0.023522844387139384 -0.035853701500544823 -0.0099982454141238197 -0.016322474000154862 -0.029509449308093228 -0.014429001929165431 0.042906730589103409 0.037597384532973795 -0.015376892479926553 0.046024950471417608 0.0012016840161619619 0.0040474615372327301 0.050075031862675728 0.06116922883528611 0.0029962605874085451 -0.01103419215581811 -0.027310134278704424 -0.032283964131989251 0.021333954579370762 0.0087701316758928612 0.00096657164942824843 0.060862629331346632 0.05785026241493111 0.0359236513151392 0.0036207470893171384 -0.029566299848888533 0.013422998513101782
leaf_weight=28.15701440628618 118.14358752965927 34.645026750862598 164.81777947768569 91.299454014748335 15.873352667316793 62.263401534408331 47.540112148970366 68.135191624984145 74.006214559078217 7.3308089897036544 23.987524554133415 35.156586050987244 20.607586286962032 50.903980538249016 277.19851913303137 15.438201822340487 27.034331850707531 341.64390337280929 29.080898504704237 29.463004887104034 22.29764424264431 34.886617228388786 12.891584150493143 34.043477833271027 20.341103903949261 8.1276765838265401 14.755603741854427 1034.933538235724 17.115073952823877 73.984048306941986
leaf_count=2029 6781 168 2873 642 149 397 413 1378 577 38 111 164 94 231 1209 68 115 2707 227 223 112 154 71 176 104 40 125 6521 105 321
internal_value=-0.00058289 0.00112783 0.00167054 0.00373592 -0.00540758 0.00324464 0.000946752 -0.013883 0.00268632 -0.0108762 0.00825553 0.00711989 0.0100151 0.00846824 0.010354 0.0207994 0.0293657 -0.000137451 -0.0131588 -0.0015383 -0.00500731 0.00125316 0.00378799 0.0205716 0.040655 0.013074 0.00477207 0.00274488 0.00144282 0.0197507
internal_weight=2836.1 2717.96 2689.8 2082.22 607.585 2047.57 1403.81 232.953 1223.76 180.057 643.758 619.771 500.323 479.716 444.559 167.361 116.457 374.632 172.727 81.4272 119.448 97.15 1149.75 67.2762 33.2327 51.9642 43.8365 1082.47 358.759 89.4223
internal_count=28323 21542 19513 12301 7212 12133 9157 4251 7862 1295 2976 2865 2202 2108 1944 735 504 2961 1257 615 663 551 7285 351 175 392 352 6934 2812 389
is_linear=0
shrinkage=0.05


Tree=50
num_leaves=31
num_cat=0
split_feature=10 0 2 8 33 17 8 33 37 38 0 0 31 0 17 14 33 33 10 23 24 33 11 31 18 25 22 26 0 33
split_gain=82.8472 29.364 15.1091 13.3245 12.5437 12.8668 11.2528 11.6963 10.7858 9.45145 9.14181 8.5671 12.0367 11.6264 10.545 9.82331 8.99432 15.9854 9.06227 14.3871 11.2801 11.9689 13.4546 9.89528 8.8915 8.75672 8.42085 10.8732 8.04687 7.93419
threshold=0.96223319438816135 0.001000389047293513 0.0090952371836773901 0.99134998253987627 8.7274189814814829 0.59999999946955807 0.53324035313199047 9.2463252314814834 0.013251777491179414 0.039786234647223688 0.0020021834237528408 0.044000002479900414 72.500000000000014 0.19000000004257853 0.15118120236867702 0.11507282898071243 13.152609953703706 12.917604166666669 0.0084906522738804526 249.19371350000003 1080.0813675000002 10.400954861111114 1.0193513027036847 23.500000000000004 0.39999999980060003 0.0015335139802587566 189.05875000000003 -0.19529750380174946 0.9899725007654786 0.51706018518518526
decision_type=2 2 2 2 2 2 2 2 2 2 2 2 2 2 2 2 2 2 2 2 2 2 2 2 2 2 2 2 2 2
left_child=1 -1 4 -2 28 6 7 -6 -8 -10 -9 12 16 -13 -15 -14 17 18 23 20 21 22 -20 -12 -18 -21 27 -16 29 -3
right_child=3 2 -4 -5 5 -7 8 10 9 -11 11 13 15 14 26 -17 24 -19 19 25 -22 -23 -24 -25 -26 -27 -28 -29 -30 -31
leaf_value=-0.050682019032740659 -0.020600160472739746 0.028858463545305482 0.011571186875476961 -0.047903853884973188 -0.019746497629486978 -0.022931806730144735 -0.029240140242623638 -0.033051371766396519 0.042943932015012606 -0.0086417746994562599 -0.021894397116255897 -0.013676210239230777 0.077185513106403147 0.023429660922505244 0.0033917400232399749 0.011873829159269232 0.0095176610214056847 0.065398562650923572 0.085768277351294275 0.02701322675460004 0.069254190407559507 0.0051736079253423368 -0.000332741060289682 0.046078049650242169 -0.039870813645916332 -0.016603611440092311 0.030226556637870029 -0.06001580912573469 -0.039059116314880682 0.0029797727491557729
leaf_weight=26.666630267165601 93.819060154259205 30.226521018892527 359.86969584226608 85.318802863359451 59.937113344669342 85.644277613610029 67.699481198564172 16.327257957309484 10.12294885329902 72.276357635855675 36.414055094122887 109.35481052845716 11.929841659963133 58.3956693187356 15.236890062689779 11.127147771418093 18.354955438524485 13.103260308504103 11.773231148719789 15.961781919002531 14.012981243431566 43.627122446894646 7.3823690563440314 6.2773042768239966 18.099032204598188 41.234028972685337 9.3432742580771428 12.154213748872282 11.189036909490822 1471.6039865911007
leaf_count=2018 3361 157 1709 5337 412 682 1109 143 128 538 315 733 59 355 91 55 138 85 106 98 88 385 52 37 155 209 46 88 324 9423
internal_value=-0.000689488 0.00152271 0.00205029 -0.0336042 0.000546754 -0.00466754 -0.00236769 0.00105471 -0.0144533 -0.00230435 0.00370678 0.00502935 0.0112514 -0.00255627 0.0102264 0.0456665 0.00774405 0.0121133 0.00816156 0.0145534 0.0286928 0.0196395 0.0525858 -0.0118998 -0.0150032 -0.00443135 -0.0107624 -0.024744 0.00318588 0.00350062
internal_weight=2844.48 2665.35 2638.68 179.138 2278.81 765.789 680.145 530.046 150.099 82.3993 470.109 453.782 249.297 204.485 95.13 23.057 226.24 189.786 176.683 133.992 76.7957 62.7827 19.1556 42.6914 36.454 57.1958 36.7344 27.3911 1513.02 1501.83
internal_count=28436 19738 17720 8698 16011 6107 5425 3650 1775 666 3238 3095 1782 1313 580 114 1668 1375 1290 938 631 543 158 352 293 307 225 179 9904 9580
is_linear=0
shrinkage=0.05


Tree=51
num_leaves=31
num_cat=0
split_feature=8 1 1 34 37 12 1 9 34 3 26 12 24 35 38 17 37 19 19 20 27 10 10 34 34 34 20 4 19 12
split_gain=77.8815 27.3438 17.2157 14.3122 13.5461 11.8412 11.741 15.5953 11.3202 9.95381 11.4528 11.5523 8.97776 14.1931 13.2816 15.01 11.2075 9.44554 11.5217 11.6349 8.79373 10.1837 8.4899 9.48582 8.01244 9.94517 8.45163 7.99417 11.819 10.6012
threshold=0.98700000165635016 -6.9073663829679512 -0.61618613728662208 -0.78411843083915922 0.01262493014390983 1.085200405719696 -3.9633162991177833 0.025484585020310049 1.290981569040935 -0.028235571050454645 1.0000000180025095e-35 0.99399113403436656 92.462051000000017 0.00040671344003266656 0.16590924330693083 0.012894316427983872 1.6060604436998813 -2.6037782196164794 -3.5533101798706372 -5.7254270152153408 0.99487348310665791 0.014643739023443124 0.047325760167346437 2.2917698741903432 2.5766202098544801 2.558591040801006 7.6272718479192214 -0.40546510823316434 -5.541138424659164 0.95987972223970697
decision_type=2 2 2 2 2 2 2 2 2 2 2 2 2 2 2 2 2 2 2 2 2 2 2 2 2 2 2 2 2 2
left_child=1 -1 3 -3 9 -6 24 20 -9 10 -4 -12 -10 14 15 -14 17 18 27 -20 21 -8 -17 -24 25 26 -5 -15 29 -29
right_child=-2 2 4 6 5 -7 7 8 12 -11 11 -13 13 16 -16 22 -18 -19 19 -21 -22 -23 23 -25 -26 -27 -28 28 -30 -31
leaf_value=-0.050648319111138276 -0.041818492383066792 0.053725658772707463 -0.023597431279917695 0.00080301009489706573 0.0024881830936100227 -0.023368441905240858 0.0056643225112921617 0.013916071640917908 -0.014719649621798723 -0.021464787459775675 0.097780409909040175 0.0045836211150183138 0.087375451932595771 -0.015742907960179738 0.0081652507211142245 0.070988736699605801 0.039604695834866581 -0.0086770131294518545 0.080912601498128373 0.015005696487963543 0.0015942089311320341 0.04570532978923697 0.041693361969680508 -0.024011536678528528 -0.02219217541953598 0.04427518764443221 -0.02079853345798325 0.061274047625955466 -0.0042750868564611598 -0.0044587298480934937
leaf_weight=25.38253550697118 110.47402271069586 14.146505147218702 12.057533858343961 911.79215290024877 347.81367969326675 50.737586677074432 22.447184510529041 257.2005427479744 74.659002907574177 165.98746899701655 5.6796851679682723 8.020822271704672 11.922760501503943 50.834747061133385 158.2735595330596 6.4706794917583492 16.097503557801247 267.11590657383204 9.0334119796752912 25.884128972887993 28.815307207405567 54.273635260760784 10.079774074256422 12.071856565773485 41.230406004935503 12.695937242358921 47.646629568189383 16.600926257669929 50.917850628495216 9.7282640039920789
leaf_count=2018 6859 73 130 5632 2994 337 112 1199 720 3493 47 86 84 313 841 53 71 1337 46 136 155 265 71 97 340 85 339 94 349 60
internal_value=-0.000662835 0.00100528 0.00149083 0.00360252 -0.00605716 -0.000803496 0.00326419 0.00688522 0.00491259 -0.0169771 0.0119419 0.0432193 0.00169496 0.00359487 0.0147061 0.0402391 -0.00135595 -0.00288894 0.00659629 0.0320563 0.0251448 0.03399 0.0206042 0.00588651 -0.000603612 0.000312007 -0.000269743 -0.000344582 0.00978875 0.0369867
internal_weight=2836.09 2725.62 2700.24 2109.94 590.297 398.551 2095.79 1082.43 976.891 191.746 25.758 13.7005 719.69 645.031 198.819 40.5451 446.213 430.115 162.999 34.9175 105.536 76.7208 28.6223 22.1516 1013.37 972.135 959.439 128.082 77.247 26.3292
internal_count=28436 21577 19559 12472 7087 3331 12399 6003 5471 3756 263 133 4272 3552 1146 305 2406 2335 998 182 532 377 221 168 6396 6056 5971 816 503 154
is_linear=0
shrinkage=0.05


Tree=52
num_leaves=31
num_cat=0
split_feature=10 0 2 7 34 18 34 39 29 29 39 27 34 21 23 21 0 26 3 24 35 12 37 18 5 19 18 28 0 34
split_gain=72.9271 26.1784 13.5369 12.0512 13.0003 8.62995 10.2587 15.3854 8.6041 19.7052 15.1759 9.39834 9.18505 8.95462 9.60098 11.891 7.73516 7.70854 7.63143 7.29129 7.28367 10.7142 6.96 13.474 11.5828 9.14037 7.95025 7.23917 7.09026 8.09632
threshold=0.97185298255150532 0.001000389047293513 0.0090952371836773901 0.54919998690413963 -0.5249586303586754 0.0040201008013110188 0.37815875013527239 0.91226114180697981 0.99999998916396782 0.9723728114787823 1.0000000180025095e-35 0.9830772191648367 -0.021975820373774258 -0.5183684424750109 176.38943750000001 0.0061037855171674092 0.44997417840904869 4.2791692504697192 -0.026288510839963929 668.28760700000009 0.32717474973007499 0.92111622998822484 0.75000000255526944 0.52710447003989092 -1.0986122860374339 -1.0000000180025095e-35 0.66666673684489874 0.69578679377917518 0.0030000049371222402 1.0563564963308465
decision_type=2 2 2 2 2 2 2 2 2 2 2 2 2 2 2 2 2 2 2 2 2 2 2 2 2 2 2 2 2 2
left_child=1 -1 3 4 -3 -2 7 -7 9 16 11 -10 -12 -14 -15 19 22 -4 20 -16 -11 -22 28 25 -25 -24 27 -26 -6 -30
right_child=5 2 17 -5 8 6 -8 -9 10 18 12 -13 13 14 15 -17 -18 -19 -20 -21 21 -23 23 24 26 -27 -28 -29 29 -31
leaf_value=-0.050616305894225333 -0.043824737733826578 0.034658647185257699 0.012787857960015116 -0.0069762183693933069 -0.012337419718718885 -0.013675785462228441 -0.024773796594357245 0.19079411209279132 0.018931934566532072 0.012213152461199538 -0.042173926683065625 0.083558550636434248 0.05300011152062202 0.043896122494754421 -0.040732988144038557 0.02037242591094944 0.032602162461415458 -0.014530309269133922 -0.019880184829515285 -0.0018558154499055098 0.0086569376172570042 -0.036979990348678923 0.060574705613827252 0.026077403206570843 0.024449613004959042 0.016065982082195302 -0.028588910512784824 -0.016986533714244422 0.01148567769785174 -0.00049391308398671722
leaf_weight=24.159500861540437 98.841905150562525 30.09267570078373 332.96832754090428 460.83739709481597 99.791377190500498 2.572616282850503 37.23032152839005 1.432163289748132 11.988613866269588 47.216162919998169 9.3788196146488172 10.599225111305714 10.68289180099964 15.483421519398687 13.529255181550978 64.484996542334557 21.126558355987072 27.994210977107286 149.68093947693706 111.06930394098163 24.836702734231949 26.672005899250507 12.738776110112665 25.367184713482857 19.922410875558853 122.05520734935999 39.883178666234016 22.383659616112709 172.15013451129198 780.471680149436
leaf_count=2018 6263 147 1584 5455 875 88 1551 44 64 285 41 62 47 83 77 302 122 141 902 558 164 185 57 111 88 596 180 102 827 5417
internal_value=-0.000636704 0.00119648 0.00166647 0.000255076 0.00206461 -0.0358088 -0.0165944 0.0594454 0.00152316 0.000153286 0.0101912 0.0492576 0.00626287 0.00837334 0.00604285 0.00294317 0.0025915 0.0106692 -0.0127628 -0.00607721 -0.00197177 -0.0149746 0.00210182 0.00974107 -0.00345709 0.0202723 -0.0125727 0.00252622 0.000342648 0.00167094
internal_weight=2827.64 2687.56 2663.41 2302.44 1841.61 140.077 41.2351 4.00478 1811.51 1564.3 247.217 22.5878 224.629 215.25 204.567 189.084 1315.89 360.963 248.406 124.599 98.7249 51.5087 1294.76 242.35 107.556 134.794 82.1892 42.3061 1052.41 952.622
internal_count=28436 20490 18472 16747 11292 7946 1683 132 11145 9911 1234 126 1108 1067 1020 937 8375 1725 1536 635 634 349 8253 1134 481 653 370 190 7119 6244
is_linear=0
shrinkage=0.05


Tree=53
num_leaves=31
num_cat=0
split_feature=10 1 1 33 1 34 7 20 13 15 11 15 33 3 25 25 31 16 21 26 23 12 26 25 33 33 20 3 32 23
split_gain=68.472 24.6936 13.0154 12.8092 10.3112 9.88004 11.4445 10.182 11.6724 11.4663 10.1975 9.76684 9.07508 10.3082 11.073 14.5567 8.84276 8.36789 8.13817 8.09702 9.0323 7.57496 9.35429 7.38077 7.32254 8.86262 7.63126 7.22733 7.19678 6.6867
threshold=0.97938895585635999 -6.9073663829679512 -0.61618613728662208 0.4525347222222223 -3.9633162991177833 1.290981569040935 0.030000000069737021 6.2324799327655933 1.1557761117870864 0.031008739231898091 0.93570260173919673 0.045241996753066165 0.72898148148148156 0.013369758434430315 0.50793349853131908 0.29816089791341099 11.500000000000002 0.19146438066236854 -0.012578765725846494 -0.22071524381391369 1076.6939940000004 1.0366058129059981 0.46160082350699222 0.40888304462378805 13.152609953703706 12.917604166666669 7.6272718479192214 0.40546510810816455 0.075000006193911062 5791.3557355000003
decision_type=2 2 2 2 2 2 2 2 2 2 2 2 2 2 2 2 2 2 2 2 2 2 2 2 2 2 2 2 2 2
left_child=1 -1 3 -3 24 7 29 8 9 16 -11 17 -4 28 15 21 -6 -8 -2 -12 -21 22 -15 -17 25 26 -5 -13 -14 -7
right_child=18 2 12 4 5 6 11 -9 -10 10 19 27 13 14 -16 23 -18 -19 -20 20 -22 -23 -24 -25 -26 -27 -28 -29 -30 -31
leaf_value=-0.050585888710653254 0.075242049914354875 0.051545788146895588 -0.038954383817923634 0.0006472621017995806 0.018497393421917484 0.013837229887591727 0.0097273704907501826 0.048145354390024216 -0.020311667602079385 0.010471089108216968 0.061956980193582395 -0.0061584668293461417 -0.0094806138154608418 0.020380689854628421 -0.031153453996432708 0.072729578037202702 -0.037343506171162923 -0.035789602341470536 -0.039673898513878758 -0.0022799299124001129 0.03797418529098219 -0.014298206769655123 -0.019129386910413965 0.011577131412425525 -0.021463572229896741 0.041279406422137899 -0.020005048631651076 0.017726673159082797 0.044989970259492723 0.052505459278108881
leaf_weight=22.99469761364162 1.5615791827440251 13.647294759750364 19.297516105696559 911.06962335109711 12.096777878701689 102.86323818564415 275.41356351971626 20.631226740777493 25.745863765478134 129.23185137659311 18.691506326198578 361.5985329002142 376.67630634084344 72.505122559145093 17.706948254257441 12.916506264358761 17.127796322107315 10.481672964990137 114.98945222888142 20.989449687302113 41.464582249522209 38.192017260938883 18.882199596613646 7.9841543585062018 40.684027496725321 12.947416011244057 47.039460591971874 34.711283281445503 6.1631434112787238 12.543353095650671
leaf_count=2018 49 73 243 5632 81 627 1882 95 117 582 82 1888 5276 498 137 81 87 72 7246 103 178 220 110 52 340 85 339 155 34 54
internal_value=-0.000611092 0.00100729 0.00145008 0.00326231 0.00294783 0.00633706 0.00347823 0.0143105 0.0116798 0.0151173 0.0191941 0.00101485 -0.00525128 -0.00407096 0.00624683 0.0106477 -0.0142296 0.0080586 -0.0381342 0.0330862 0.0244456 0.00440211 0.0122172 0.049369 -0.000682081 0.000188594 -0.000366687 -0.00406646 -0.00860372 0.01804
internal_weight=2818.85 2702.3 2679.3 2108.98 2095.33 1083.59 797.612 285.979 265.348 239.602 210.377 682.205 570.324 551.026 168.187 150.48 29.2246 285.895 116.551 81.1455 62.454 129.579 91.3873 20.9007 1011.74 971.056 958.109 396.31 382.839 115.407
internal_count=28436 21141 19123 12472 12399 6003 4678 1325 1230 1113 945 3997 6651 6408 1098 961 168 1954 7295 363 281 828 608 133 6396 6056 5971 2043 5310 681
is_linear=0
shrinkage=0.05


Tree=54
num_leaves=31
num_cat=0
split_feature=8 0 0 33 0 9 39 24 35 18 35 34 27 10 15 27 35 6 33 13 35 26 24 15 31 31 4 7 27 21
split_gain=65.7249 23.3434 12.7468 11.8935 9.29142 13.0555 11.2288 8.89549 9.82203 9.37136 11.2512 8.49602 7.79717 8.99094 7.76963 10.1889 7.61911 7.57623 6.89654 6.74085 6.55081 6.52402 6.45073 7.7714 11.0308 8.65514 9.93648 11.7821 8.27208 7.58219
threshold=0.98700000165635016 0.001000389047293513 0.54000000115408531 0.4525347222222223 0.019000000013260344 0.025484585020310049 0.41935490936887804 86.814534000000009 0.00040671344003266656 0.044444291557079248 0.022988500862059249 1.115190921492738 0.99487348310665791 0.014643739023443124 0.030139564199116616 0.94540044015954783 0.15384616090578984 1.1932395547973289 13.152609953703706 1.1851194469501778 0.69230771118237067 -0.10803146562355721 355.81874950000008 0.051231677492651638 6.5000000000000009 13.500000000000002 -0.044451617320901089 0.33000000362666898 0.38725832646168162 0.074107972153722043
decision_type=2 2 2 2 2 2 2 2 2 2 2 2 2 2 2 2 2 2 2 2 2 2 2 2 2 2 2 2 2 2
left_child=1 -1 3 -3 6 12 18 19 17 -10 -11 14 13 -6 -12 16 -16 -9 -5 -7 -18 -14 -13 24 -24 -26 28 -28 -27 -30
right_child=-2 2 -4 4 5 7 -8 8 9 10 11 22 21 -15 15 -17 20 -19 -20 -21 -22 -23 23 -25 25 26 27 -29 29 -31
leaf_value=-0.050556992195034338 -0.040654607647286067 0.050189169519646616 -0.0052633895367220325 -0.00075948020387333638 0.0043512033093156917 -0.016956355646313946 0.028106287627063353 0.0164542287229489 0.042136338696688147 -0.036408096520708297 -0.028665435240408134 -0.02112404023086999 0.022391496077453565 0.041920727328576865 0.038579301483729664 0.038898553063550091 -0.0031567211172620888 -0.020665293599241862 -0.022223606469752299 0.032440468736620702 0.028595817851267052 -0.025211837762095096 -0.046422707861689651 -0.0034715541854812961 0.047445640215942331 -0.014949837036867945 -0.026413042836978453 0.028057471327703351 0.021600446476843626 0.069931340866458844
leaf_weight=21.885419650934637 98.747974192723632 13.323662489652632 581.43170111067593 939.31862979009748 22.469635978341103 69.710009545087814 32.846653826534748 227.62125916033983 14.538340277969835 18.95525074005127 10.788824565708635 36.038134969770908 15.695442818105223 54.672712221741676 17.726601079106331 35.148966662585735 82.616166055202484 14.62990292906761 38.976400531828403 7.6659756675362578 20.218700751662254 13.293492607772349 7.7381768301129332 298.09765218198299 17.683232456445694 11.043556682765482 29.50530818104744 14.961491040885447 33.031590275466442 10.757826812565325
leaf_count=2018 6859 73 7087 5901 112 673 160 1280 74 105 57 290 88 265 77 159 366 79 335 61 88 67 61 1475 120 61 147 74 171 53
internal_value=-0.000585839 0.000872915 0.00129126 0.00309826 0.00279888 0.00601336 -0.00064916 0.0042067 0.0056037 0.00243833 0.00154258 0.00269291 0.0226699 0.0309777 0.0123678 0.0152109 0.00830493 0.0142125 -0.00161464 -0.0120624 0.00308625 0.000561975 -0.000817694 0.000913078 0.0113928 0.0152172 0.009478 -0.00808566 0.0237213 0.033474
internal_weight=2811.14 2712.39 2690.51 2109.07 2095.75 1084.61 1011.14 978.477 901.101 658.85 644.311 625.356 106.131 77.1423 166.499 155.71 120.561 242.251 978.295 77.376 102.835 28.9889 458.857 422.819 124.721 116.983 99.2998 44.4668 54.833 43.7894
internal_count=28436 21577 19559 12472 12399 6003 6396 5471 4737 3378 3304 3199 532 377 747 690 531 1359 6236 734 454 155 2452 2162 687 626 506 221 285 224
is_linear=0
shrinkage=0.05


Tree=55
num_leaves=31
num_cat=0
split_feature=9 0 38 29 13 23 39 37 21 14 7 15 23 22 28 36 20 33 22 33 33 33 17 9 33 4 26 37 8 17
split_gain=61.1919 23.2085 13.3686 13.5667 11.6383 10.3458 9.6065 9.43428 9.1602 9.60406 7.71612 7.7876 8.01098 8.48108 11.7136 7.51622 11.6045 7.4118 10.6432 8.9367 7.16296 10.9381 8.57379 7.08937 6.85371 11.9076 8.2664 7.30193 6.79649 6.68302
threshold=0.96724490746931535 0.001000389047293513 0.51266024917318875 0.930676839747137 1.1208380332436587 1327.2588790000002 0.98587984472752488 0.0066735821378507724 -0.5183684424750109 1.8445802862922592e-08 0.0080000001982051556 0.37463802191615453 24.673000000000005 31.170500000000001 0.79589840158815217 0.54121333238338709 -7.811334658849451 1.5006134259259263 182.96000000000001 8.3230787037037057 12.727540509259262 12.279114583333335 0.15118120236867702 0.091712543696958818 10.400954861111114 0.015748286491935274 -0.13096479797343388 0.015154763351439187 0.74820709579526923 0.026590305878257812
decision_type=2 2 2 2 2 2 2 2 2 2 2 2 2 2 2 2 2 2 2 2 2 2 2 2 2 2 2 2 2 2
left_child=1 -1 5 4 6 10 -4 -2 -5 -10 11 12 15 -14 -15 16 -3 18 -6 -19 21 24 29 -21 -12 26 27 28 -26 -22
right_child=7 2 3 8 17 -7 -8 -9 9 -11 20 -13 13 14 -16 -17 -18 19 -20 23 22 -23 -24 -25 25 -27 -28 -29 -30 -31
leaf_value=-0.050529642610633453 -0.03775197449888254 0.084884854983888536 0.016267170183637589 0.027864737597183789 0.016827035811087656 0.0050359970967793419 -0.031894063446844083 -0.0082035354787703355 -0.033444315741692099 -0.0012542822207036561 0.0017465558326537113 0.040908570258926941 -0.031880725851361473 -0.026948262334280156 0.019611948536918264 -0.019693536837466167 0.0036228470000575393 0.015733132886902639 -0.051619402212775611 -0.014679434320727745 -0.014147083990312146 0.029323410465325175 -0.032396920266229021 0.037231079315229246 -0.0072192671045532356 0.013093616715660263 -0.038632493449348826 0.023457457905731189 -0.049411993566406992 0.024090932252818206
leaf_weight=20.704043520614505 113.5803901925683 4.9303101301193228 479.52604688704014 24.022141516208649 9.1580154597759265 627.43648973852396 10.582543535158036 35.443046460859478 25.66855051368475 238.18143137171865 588.42481272481382 6.8315017595887175 74.609233047813177 29.940311755985022 24.613066762685776 30.32564964517951 40.334952179342508 78.883338572457433 14.95264553464949 60.37784057110548 33.047124218195677 31.824633907526731 37.862379644066095 7.3811917416751376 39.133058931678534 38.628940287977457 36.344595909118652 13.770795140415428 12.62317864410579 17.465939935296774
leaf_count=2005 7310 52 2363 109 43 3668 86 1342 152 1093 4876 46 648 226 171 310 444 416 91 407 409 285 330 47 356 262 365 85 248 151
internal_value=0.000453273 0.00220155 0.00261558 0.00736456 0.0113108 -5.33334e-05 0.0152273 -0.0307243 -0.00169465 -0.00438588 -0.0030638 -0.0116069 -0.013359 -0.020925 -0.00594151 -0.000431048 0.0124739 6.93099e-05 -0.0256212 0.0042933 -0.000935034 0.000630185 -0.0144087 -0.00902467 -0.000622552 -0.0105445 -0.0195079 -0.00890046 -0.0175099 -0.000925497
internal_weight=2806.61 2657.58 2636.88 948.734 660.862 1688.15 490.109 149.023 287.872 263.85 1060.71 211.585 204.754 129.163 54.5534 75.5909 45.2653 170.753 24.1107 146.642 849.125 760.75 88.3754 67.759 728.925 140.501 101.872 65.527 51.7562 50.5131
internal_count=28396 19744 17739 4807 3453 12932 2449 8652 1354 1245 9264 1897 1851 1045 397 806 496 1004 134 870 7367 6477 890 454 6192 1316 1054 689 604 560
is_linear=0
shrinkage=0.05


Tree=56
num_leaves=31
num_cat=0
split_feature=9 0 24 29 27 27 13 13 33 33 18 7 11 28 26 33 16 0 4 33 26 20 27 39 29 38 7 4 39 0
split_gain=56.8301 21.9641 13.8286 9.98749 9.81131 10.4826 8.99966 11.1459 13.749 11.26 11.686 9.02493 8.55229 9.18673 12.2352 11.7938 8.97947 8.21153 8.17813 7.93168 7.96746 11.1719 21.1855 15.0204 7.83528 14.2831 12.9052 9.20746 9.00477 10.4373
threshold=0.96724490746931535 0.001000389047293513 583.6092275000002 0.99999998990272265 0.60990066495841311 0.89317992457656592 1.5322443945673028 0.99288143408150298 8.4660879629629644 7.8409895833333341 0.012084591365117376 0.48000004117592654 0.67360348784032087 0.64727087075389778 -0.17501340395329693 9.4793518518518542 0.067434314581412705 0.01400000000320104 0.022656738462565749 2.7406018518518525 -0.1934329713155544 7.1133019799731221 0.31554933028472443 0.17241383136558255 0.9723728114787823 0.51266024917318875 0.88727108318133252 1.3637563821377647 1.0000000180025095e-35 0.0099912683074487186
decision_type=2 2 2 2 2 2 2 2 2 2 2 2 2 2 2 2 2 2 2 2 2 2 2 2 2 2 2 2 2 2
left_child=1 -1 3 4 6 -6 7 11 9 19 -11 12 -3 -14 15 16 -15 -5 -2 -9 -21 22 -22 -24 25 -4 -27 28 -26 -30
right_child=18 2 24 17 5 -7 -8 8 -10 10 -12 -13 13 14 -16 -17 -18 -19 -20 20 21 -23 23 -25 27 26 -28 -29 29 -31
leaf_value=-0.050503548816343148 -0.031765089167322728 -0.039168062179858902 0.0024370429454428338 0.060206740112381765 -0.03087446587664136 -0.0070788237288125265 -0.059667795650532533 0.048975153897921953 -0.0027873060684580862 0.132830910347046 0.025227220835773296 -0.038474118037960497 -0.0094481455585874556 0.115296116428089 -0.0046096463612970836 0.00066804881501659422 0.03277636086072877 0.0065522605598696132 0.054139391967961095 -0.013891336396605792 -0.011613402633948049 -0.023400855759734499 0.044023679528538383 0.15247678089845762 0.024365800932131677 0.014118428910683829 -0.03441867826104629 0.045758017150014416 -0.014630640915250279 0.0013842308915083864
leaf_weight=19.704214286990464 141.87268425151706 14.47149036452174 792.74536371231079 10.267102062702177 56.193217001855373 262.41678459569812 6.0003548488020888 16.697475824505091 86.630610540509224 4.7034159973263723 5.4433292560279369 20.380187591537833 74.936843205243349 6.9004390090703982 25.921850062906742 8.6105739250779134 6.3123865500092506 23.34610396809876 2.8257100023329249 21.738511860370636 10.330063465982676 8.7233387287706119 8.8914157934486848 4.981039423495532 33.185593523085117 541.71323995664716 14.050001740455626 10.746908262372015 133.66060634329915 425.96419757977128
leaf_count=2005 8565 166 5164 62 450 2411 50 117 1028 47 57 296 694 63 230 81 48 142 87 208 92 95 93 59 197 2540 161 47 744 2397
internal_value=0.000427012 0.00208965 0.00248279 -0.00363566 -0.00500941 -0.0112757 0.00101004 0.002128 0.0110814 0.0258217 0.0751058 -0.0074282 -0.00281496 0.00147323 0.0186145 0.0462001 0.0758726 0.0229409 -0.0300875 0.0188141 0.00960128 0.0251117 0.0425972 0.0829648 0.00462636 0.00674561 0.0128914 -0.000108617 -0.000940122 -0.00244076
internal_weight=2800.37 2655.67 2635.96 683.897 650.283 318.61 331.673 325.673 168.139 81.5086 10.1467 157.534 137.154 122.682 47.7452 21.8234 13.2128 33.6132 144.698 71.3618 54.6644 32.9259 24.2025 13.8725 1952.07 1348.51 555.763 603.557 592.81 559.625
internal_count=28396 19744 17739 6489 6285 2861 3424 3374 1796 768 104 1578 1282 1116 422 192 111 204 8652 664 547 339 244 152 11250 7865 2701 3385 3338 3141
is_linear=0
shrinkage=0.05


Tree=57
num_leaves=31
num_cat=0
split_feature=10 0 24 37 0 0 37 29 21 39 27 8 0 29 0 33 7 33 35 26 25 11 31 16 11 6 21 27 27 4
split_gain=56.8155 20.9042 11.4968 8.94427 8.44304 8.02605 7.6289 11.6283 9.23189 8.9069 9.20055 17.8478 10.9399 8.89357 8.14704 7.59521 7.30246 8.04239 7.34861 13.7179 12.3558 8.78611 8.58123 8.02388 7.64881 9.4495 7.40762 7.2592 11.9001 8.46298
threshold=0.95873438472939043 0.001000389047293513 456.17798800000008 0.0066735821378507724 0.9899725007654786 0.0020021834237528408 0.51264922047535622 0.9723728114787823 -0.5183684424750109 0.0086542606543509575 0.99831781179508272 0.026947154506614172 0.011000000003577636 0.99999998766929943 0.51999999420571197 1.1613946759259262 0.0070000000040016134 1.2160821759259262 0.0030959752516408318 2.1923794888108517 0.50793349853131908 1.0816147528740212 6.5000000000000009 0.015375477772798225 1.0306642532193133 0.15276671345496273 -0.0092754378103178554 0.53174490898203886 0.45201841834116607 0.0020040086877152331
decision_type=2 2 2 2 2 2 2 2 2 2 2 2 2 2 2 2 2 2 2 2 2 2 2 2 2 2 2 2 2 2
left_child=1 -1 5 -2 6 -3 16 14 -9 -10 11 12 -11 -13 -8 -7 17 -4 19 22 21 -20 -18 24 25 26 -24 28 29 -5
right_child=3 2 4 27 -6 15 7 8 9 10 -12 13 -14 -15 -16 -17 18 -19 20 -21 -22 -23 23 -25 -26 -27 -28 -29 -30 -31
leaf_value=-0.050478749879610721 -0.036380944801288499 -0.036829609004964618 0.019770030214015705 0.077461311143248002 -0.036897578739316532 0.028303900188166243 0.016061373812697625 0.031408133902241689 -0.051128732567686123 -0.011096607011922086 0.021422722741583893 -0.062709355646671683 0.033045903360019967 -0.014192656755427436 -0.017593306960800185 -0.0036859229810381495 -0.010268924020056526 -0.0083092834604313933 0.0027360683671137603 -0.02459436390244581 0.027309305778872979 -0.011805313699606907 0.0413979553490125 0.021581653762135881 -0.034755866803298049 0.080916500202458844 -0.015980562435861847 -0.019535837078749105 0.12230440236714493 -0.052719657892372519
leaf_weight=18.752204208634794 112.88546738401055 17.668128527700901 28.811568096280098 1.9016868444159607 12.368506147526203 19.197788003832102 360.06378626078367 18.336502440273762 10.281845822930334 33.905880078673363 30.025483131408691 17.794333174824715 23.950726449489594 20.132603079080582 18.927749738097191 553.99195069074631 31.715787019580603 221.91032628715038 764.60685894079506 24.801002200692892 46.10875428840518 120.20993327721953 7.8959088064730194 202.33347416855395 12.659442797303198 4.2164368834346524 19.557680975645784 33.325827568769455 2.5634133946150541 3.63439189363271
leaf_count=2005 7423 222 130 47 357 101 1613 81 45 147 133 77 105 87 104 5336 269 1586 4580 147 258 613 84 1077 105 42 254 1184 77 107
internal_value=0.000400984 0.00212454 0.00250083 -0.0290887 0.00428696 -0.00363761 0.00453936 0.00966818 -0.00189687 -0.00638429 -0.00272751 -0.0102979 0.00717694 -0.0369554 0.0143806 -0.00261449 0.00269685 -0.00508256 0.00427732 0.0110382 0.00207546 0.000760497 0.0142127 0.0173606 -0.0019057 0.0112255 0.000522035 -0.00921726 0.0332391 -0.00800147
internal_weight=2794.54 2640.22 2621.47 154.311 2030.61 590.858 2018.25 533.419 154.427 136.091 125.809 95.7835 57.8566 37.9269 378.992 573.19 1484.83 250.722 1234.11 303.18 930.926 884.817 278.379 246.663 44.3295 31.67 27.4536 41.4253 8.09949 5.53608
internal_count=28396 19558 17553 8838 11894 5659 11537 2392 675 594 549 416 252 164 1717 5437 9145 1716 7429 1978 5451 5193 1831 1562 485 380 338 1415 231 154
is_linear=0
shrinkage=0.05


Tree=58
num_leaves=31
num_cat=0
split_feature=8 0 0 23 13 4 38 17 11 33 39 33 6 39 8 22 20 26 12 3 24 6 9 3 22 23 22 39 22 22
split_gain=49.2972 19.3413 13.7553 12.6233 9.65362 11.216 9.16429 9.30702 8.42089 8.19238 12.6766 12.5846 8.35578 8.91382 8.04643 8.0418 7.40868 7.01778 7.8968 6.89674 7.57865 6.85657 8.83398 6.5398 6.6809 8.50762 17.1566 6.46163 6.39765 12.103
threshold=0.99100000000000021 0.001000389047293513 0.93000000670704874 1200.7084210000003 1.3843568508237687 1.3637563821377647 0.41089182063998336 0.57142857228145005 1.0481386132354553 8.2511979166666674 0.025000002167280589 7.4921817129629638 0.69314718255994534 0.27792446310397301 0.0042500000014602541 2.3197065000000001 4.0628925051190725 -0.20615768123121658 0.85003786423150585 0.22314402731445931 440.27254500000009 0.13536143503475986 0.0088338512777685098 0.019048208779671724 122.36396150000002 1717.2300405000003 2.8000000000000003 0.0045454864786417847 302.1627855000001 270.08511800000008
decision_type=2 2 2 2 2 2 2 2 2 2 2 2 2 2 2 2 2 2 2 2 2 2 2 2 2 2 2 2 2 2
left_child=1 -1 3 6 5 23 14 8 17 11 -11 15 13 16 -3 21 -12 -8 -19 -17 -21 -10 -23 -5 25 -25 -27 -26 29 -16
right_child=-2 2 -4 4 -6 -7 7 -9 9 10 12 -13 -14 -15 28 19 -18 18 -20 20 -22 22 -24 24 27 26 -28 -29 -30 -31
leaf_value=-0.050455184500825104 -0.041779592846991946 -0.021558157289910715 -0.011216790473025375 0.0037082480006219243 -0.030712701630831785 0.050458045773845286 0.031373732044106636 -0.012451453836322516 -0.0010194642785730779 0.037864256552332221 -0.028464871292367567 0.051553268031550817 -0.031150881888739147 0.017582647949722034 -0.0016595933365151302 -0.018678204981905016 0.008406336080618226 -0.012972713877946219 0.018978818461384151 -0.021140500779344915 0.029718039493748311 -0.0054124494747753004 0.042157855024510034 -0.037989879546030725 -0.019632550483199607 0.061847182773101729 -0.0088816229490489337 0.015996207771838557 -0.017383465917133439 0.054513901191021709
leaf_weight=17.845769610255957 67.660941387526691 57.498688649386168 189.60725684277713 661.84423634782434 16.904334306716919 14.892384901642798 55.406551830470562 67.799847647547722 32.355097569525242 14.77324480563402 36.685084193944931 16.594604358077049 36.853413231670856 33.513410143554211 756.89709886908531 44.197511784732342 21.672879941761494 28.528825126588345 60.024537533521652 11.317145898938177 20.764839708805084 13.594567142426966 34.594706602394581 13.671914756298063 13.244691401720045 10.952330097556112 39.481333330273628 324.7363325804472 64.165694754570723 9.7120019793510419
leaf_count=2005 5579 598 5072 3469 78 70 303 391 178 89 220 89 224 186 6379 216 132 146 357 58 88 76 174 62 59 49 170 1430 391 58
internal_value=0.000378118 0.00142676 0.00176938 0.00274932 0.00677941 0.00736688 -0.000367147 0.00484505 0.00738955 0.00283437 -0.00600308 0.0101471 -0.0110376 -0.00296928 -0.0034693 0.0057656 -0.0147717 0.0174174 0.00868514 -0.00586907 0.0117773 0.0167842 0.0287379 0.00676371 0.0117931 -0.0030057 0.00647806 0.0146 -0.00221736 -0.000947944
internal_weight=2787.79 2720.13 2702.28 2512.68 1095.73 1078.82 1416.95 528.676 460.876 316.917 143.498 173.418 128.725 91.8714 888.273 156.824 58.358 143.96 88.5534 76.2795 32.082 80.5444 48.1893 1063.93 402.087 64.1056 50.4337 337.981 830.775 766.609
internal_count=28396 22817 20812 15740 5387 5309 10353 2927 2536 1730 851 879 762 538 7426 790 352 806 503 362 146 428 250 5239 1770 281 219 1489 6828 6437
is_linear=0
shrinkage=0.05


Tree=59
num_leaves=31
num_cat=0
split_feature=10 0 33 0 30 6 17 26 16 37 0 39 33 37 30 14 36 35 14 28 29 12 39 34 17 12 3 27 30 31
split_gain=49.4723 18.7469 9.00956 12.2947 10.7286 9.26269 10.5742 10.1972 11.2428 9.18508 10.399 10.3825 8.82333 8.64053 8.41065 8.24758 8.07661 7.94089 12.292 7.64344 7.43712 7.29366 11.3634 8.51363 7.22031 11.1304 7.17899 7.05305 6.96322 6.73957
threshold=0.95873438472939043 0.001000389047293513 10.400954861111114 0.0020021834237528408 10.500000000000002 1.0986122891681098 0.57142857228145005 -0.13918382319671876 0.019734230648110081 0.51264922047535622 0.065033499129266856 0.96365578865578871 11.478888888888891 0.0066735821378507724 3.5000000000000004 0.068976717207035285 0.060000387280068214 0.30729348565966236 0.15586274365467981 0.82407764627444724 0.94544976888761989 1.1821407570042368 0.042274088265031422 1.138780348899685 0.066560416357777777 1.011939117949803 -0.010923174212250754 0.96915462617228731 16.500000000000004 83.500000000000014
decision_type=2 2 2 2 2 2 2 2 2 2 2 2 2 2 2 2 2 2 2 2 2 2 2 2 2 2 2 2 2 2
left_child=1 -1 9 -4 5 6 7 8 -5 -3 14 16 -9 -2 15 21 -12 -16 -19 -17 26 -11 -23 -24 25 -10 -18 -21 -6 -26
right_child=13 2 3 4 28 -7 -8 12 24 10 11 -13 -14 -15 17 19 20 18 -20 27 -22 22 23 -25 29 -27 -28 -29 -30 -31
leaf_value=-0.050432790659433735 -0.035404218314408424 0.0018873088218006263 -0.045180811475180438 -0.014627310311552713 0.06128233527825111 -0.032364552637548422 -0.022103861006686328 -0.024970749721695881 0.065261269443716741 0.0049641761394304332 0.024067167587739857 -0.041174023613425141 -0.00091232067300968172 -0.0082715449927181633 0.033682109890297823 -0.017413879560016048 -0.023872105153572291 -0.022950934165000221 0.020848245787229353 0.033841201273847502 -0.028352770620532111 0.067660097970050334 -0.023392263390940332 0.033130642955462163 0.0032607923403315596 0.015050951504384928 0.015240326548338835 -0.0096537050279851891 0.0071645110023534674 0.052164177705322036
leaf_weight=16.982768987305462 106.14167664479464 1556.8114115819335 17.057636793702841 48.209777264855802 10.427518343552949 26.538088105618954 57.805373508483171 55.962451595813036 14.137663483619688 62.379856556653976 31.75479968637228 15.342731870710848 119.4632040578872 40.553097138181329 77.637107193470001 50.487358704209328 16.31928688287735 19.750895649194717 84.775726445019245 18.937357172369957 25.043162479996681 14.572135701775549 10.151193946599962 19.38204026222229 133.03443613275886 50.331389285624027 41.737109482288361 18.353834167122841 13.823514953255652 7.4391815066337577
leaf_count=2005 7423 10848 149 641 53 169 475 465 80 297 153 94 981 1415 352 223 71 86 372 81 106 72 47 100 932 324 190 82 73 37
internal_value=0.000356842 0.00193035 0.00227007 -0.00338991 -0.00206286 -0.00359933 -0.00202984 0.000677685 0.00709791 0.00379032 0.0096381 -0.00254234 -0.00858719 -0.0279035 0.013851 0.00661367 0.00261824 0.0215691 0.0125721 -0.00473351 -0.00557803 0.0159674 0.0315298 0.0137025 0.0122085 0.0260618 0.00424607 0.012434 0.0304342 0.00585061
internal_weight=2781.34 2634.65 2617.67 554.23 537.173 512.922 486.383 428.578 253.152 2063.44 506.625 130.197 175.426 146.695 376.428 194.264 114.854 182.164 104.527 87.7786 83.0996 106.485 44.1054 29.5332 204.943 64.4691 58.0564 37.2912 24.251 140.474
internal_count=28396 19558 17553 4379 4230 4104 3935 3460 2014 13174 2326 614 1446 8838 1712 902 520 810 458 386 367 516 219 147 1373 404 261 163 126 969
is_linear=0
shrinkage=0.05


Tree=60
num_leaves=31
num_cat=0
split_feature=7 1 12 35 38 1 21 17 32 30 28 30 28 18 5 17 24 26 19 19 24 24 19 21 22 35 24 19 35 28
split_gain=45.2655 17.029 12.4359 11.7367 30.4894 9.20566 13.596 9.59205 7.78316 9.44645 8.9529 12.8269 12.3896 7.60854 7.21527 6.59444 6.10494 7.51563 10.6378 6.62271 12.8839 9.96242 9.51359 6.97124 6.58501 6.36294 6.3008 6.19933 7.45942 9.22643
threshold=0.9859999999901401 -6.9073663829679512 0.99886137900004945 0.0010050251283861254 0.018718804057838732 -5.8091413446081308 0.68400107325972148 0.73900966183574901 0.01999999999999999 9.5000000000000018 0.96085492281803375 3.5000000000000004 0.91517017194121419 0.005012047034114126 -0.18931148782168231 0.093283458243620429 583.6092275000002 -0.22741213701454016 5.3873349115464757 -5.8728223923310461 8882.9579655000016 1146.4365780000003 -4.5883146774112324 0.074107972153722043 2516.7758330000001 0.29999995968997378 901.21405550000009 6.4830117328085999 0.030272433650856551 0.95623655746779479
decision_type=2 2 2 2 2 2 2 2 2 2 2 2 2 2 2 2 2 2 2 2 2 2 2 2 2 2 2 2 2 2
left_child=1 -1 3 -2 13 6 -3 -8 9 16 12 -12 -10 -5 -14 -16 17 18 -7 20 21 26 23 -21 27 -23 -18 28 29 -24
right_child=2 5 -4 4 -6 8 7 -9 10 -11 11 -13 14 -15 15 -17 19 -19 -20 22 -22 25 24 -25 -26 -27 -28 -29 -30 -31
leaf_value=-0.050411529727620558 -0.035920514405355257 -0.013690294436878598 -0.039552981069948104 0.11761522583150089 0.40044649152573975 -0.016384610504056246 0.047845616981814415 -0.0040369395826165642 0.0071772449416230141 -0.017615224589221639 -0.02615934685155177 0.033694273007393444 0.0029730274229768485 -0.050705864948475468 -0.0059566766219143414 -0.051678332004873574 0.010268158742669521 -0.00016984540760221526 0.048082119442936805 -0.027539888197301812 0.056098400416243879 0.013302323625829776 0.014551343970774112 0.0092996328725782965 -0.018597282577441979 -0.028990835549078411 0.08088262871228169 -0.011830820755860456 0.0010520302263989628 -0.0035643683708291084
leaf_weight=16.335406677331775 3.3103096252307287 200.51438697054982 88.624784676358104 1.1886847577989108 0.66338187549263228 133.87293918244541 16.43688977509737 19.450517497956753 472.01720225811005 72.325919036753476 10.674845367670057 55.435766540467739 24.60412934422493 1.5426903422921894 13.383693918585776 19.199702374637127 6.7302332734689099 483.73767114430666 6.720324393361806 44.25775308161974 16.89421512093395 17.494209341704845 297.68983701989055 18.090870574116707 33.199624706991017 18.088452138006687 5.9533086279407144 57.666326677426696 501.37893740460277 92.008281428366899
leaf_count=2027 211 1426 6867 99 24 1400 91 100 2200 636 58 255 111 119 67 87 59 5113 53 373 100 140 2210 118 207 114 45 394 2766 760
internal_value=-0.000734293 0.000481552 -0.0345857 0.0310698 0.0963936 0.00079672 -0.00861748 0.0197259 0.00172348 8.92396e-05 0.00668154 0.0240297 0.00451432 0.0225469 -0.017465 -0.0328981 0.000827793 -0.00312733 -0.0133031 0.00305349 0.0185186 0.00536484 0.00208852 -0.0168507 0.00329107 -0.00819741 0.0434127 0.00405701 0.0050852 0.0102742
internal_weight=2749.49 2654.16 95.3299 6.70507 3.39476 2637.83 236.402 35.8874 2401.42 1806.11 595.315 66.1106 529.205 2.73138 57.1875 32.5834 1733.78 624.331 140.593 1109.45 65.1604 48.2662 1044.29 62.3486 981.943 35.5827 12.6835 948.743 891.077 389.698
internal_count=28230 20910 7320 453 242 18883 1617 191 17266 14488 2778 313 2465 218 265 154 13852 6566 1453 7286 458 358 6828 491 6337 254 104 6130 5736 2970
is_linear=0
shrinkage=0.05


Tree=61
num_leaves=31
num_cat=0
split_feature=7 0 12 13 0 21 17 32 30 28 30 28 22 25 26 19 33 32 12 6 22 3 3 19 19 16 28 15 35 20
split_gain=42.3977 16.1707 11.5637 11.1002 8.33477 12.3033 8.59944 7.02305 8.60247 8.05182 11.5348 11.193 6.88923 6.53585 8.90429 7.21261 6.99458 6.61133 9.78743 9.1374 7.7965 6.5184 7.83046 8.91183 7.13017 7.01607 7.38071 7.75538 5.98967 10.369
threshold=0.9859999999901401 0.001000389047293513 0.99886137900004945 1.0029011938665089 0.0030000049371222402 0.68400107325972148 0.73900966183574901 0.01999999999999999 9.5000000000000018 0.96085492281803375 3.5000000000000004 0.91517017194121419 525.29126050000013 0.43868284859591899 1.6137360543883685 -0.20706974687284488 6.5598379629629635 0.002316261554261549 1.0228584218417838 0.16305036071234882 758.61100000000022 0.2513144287809061 0.055569851154810689 -3.95218342998837 -2.120835701490936 0.09824781028459742 0.68330039145549015 0.19080769648958246 1.2613254929847393e-10 -16.378530878816044
decision_type=2 2 2 2 2 2 2 2 2 2 2 2 2 2 2 2 2 2 2 2 2 2 2 2 2 2 2 2 2 2
left_child=1 -1 3 -2 5 -3 -7 8 13 11 -11 -9 -13 14 17 16 -15 21 19 -19 -20 22 28 -24 -25 -23 -27 -28 29 -6
right_child=2 4 -4 -5 7 6 -8 9 -10 10 -12 12 -14 15 -16 -17 -18 18 20 -21 -22 25 23 24 -26 26 27 -29 -30 -31
leaf_value=-0.050391301621498512 0.0055998712252173415 -0.01307609625933643 -0.039080713438376526 0.20635745303640954 -0.047632383077391774 0.04522286801627555 -0.0038345279530699636 0.0068153664512194609 -0.016893410334386016 -0.025087226712160099 0.031872471890580907 -0.041260326074062582 -0.0043767456638684858 0.03657755384738004 0.04173613218755353 -0.022512631015868853 -0.011903122554527946 0.013827950660211044 0.0050460853972579961 0.055763197890292771 -0.037415089029447346 0.039536450908021797 -0.057070876831429862 0.02612898612124518 -0.01318799367578271 -0.012830988335301408 -0.0044746212227350481 0.033690713514863156 -0.0024740676865677275 0.0055943602923364177
leaf_weight=15.544800558593122 6.1822595018893471 199.46361960470676 85.295727734453976 0.77483312319964159 9.3230138756334764 16.518459882587194 19.453305035829544 472.22070143558085 71.662709394469857 10.577033469453452 55.667967531830072 18.956153079867363 38.119034506380558 12.272727929987015 13.639554234221576 59.399784620851278 18.892977859824896 87.204259656369686 42.359070561826229 15.263494506478308 14.515299841761587 19.066404357552528 10.394754849374293 13.010737627744673 101.41366064921021 32.444855563342571 23.322377920150757 31.008216053247452 737.22492387052625 492.85351769067347
leaf_count=2027 415 1426 6867 38 92 91 100 2200 636 58 255 92 173 98 91 452 189 517 222 85 76 93 52 60 494 150 105 139 6143 4794
internal_value=-0.000703464 0.000455755 -0.034025 0.0279589 0.000755578 -0.00822216 0.0186929 0.00163598 8.27397e-05 0.00634433 0.022778 0.00428755 -0.0166267 0.000784488 0.00150527 -0.0122919 0.00718806 0.0011685 0.0108424 0.0200746 -0.00579072 0.000119929 -0.000807453 -0.0127442 -0.00871742 0.0120732 0.00603893 0.0173076 0.000394689 0.00460619
internal_weight=2744.05 2651.79 92.2528 6.95709 2636.25 235.435 35.9718 2400.81 1805.27 595.541 66.245 529.296 57.0752 1733.61 1643.04 90.5655 31.1657 1629.4 159.342 102.468 56.8744 1470.06 1364.22 124.819 114.424 105.842 86.7754 54.3306 1239.4 502.177
internal_count=28230 20910 7320 453 18883 1617 191 17266 14488 2778 313 2465 265 13852 13113 739 287 13022 900 602 298 12122 11635 606 554 487 394 244 11029 4886
is_linear=0
shrinkage=0.05


Tree=62
num_leaves=31
num_cat=0
split_feature=7 0 12 35 38 29 0 23 34 27 14 16 34 34 34 6 23 3 36 7 13 20 24 24 35 24 13 6 29 6
split_gain=39.646 15.3571 10.8875 9.22298 17.2948 8.38093 7.68106 7.85443 8.68087 10.5709 9.0403 8.1946 8.92631 7.42664 7.04577 12.9264 13.073 10.7645 9.26579 11.6061 9.22753 7.77153 8.16428 16.0018 10.6278 11.1464 11.3497 8.90966 11.7363 7.34077
threshold=0.9859999999901401 0.001000389047293513 0.99886137900004945 0.0010050251283861254 0.019791666633523466 0.99999980009994016 0.0029985500000000004 143.13942300000002 2.0449112003932868 0.75693526477918927 0.002749023264993503 0.23896733477175638 0.24938265848445229 0.91716766185663046 1.0767251889230194 -0.62860864067236977 28424.048851500003 -0.45489828935423626 0.7224079370890456 0.0024000000003000011 1.0387386790277315 -6.4499073162860725 7317.3284135000013 18411.818830000004 0.29999995968997378 135.66193750000002 1.005525133364094 -0.81444643641490577 0.99999999159676312 -0.78845727636426022
decision_type=2 2 2 2 2 2 2 2 2 2 2 2 2 2 2 2 2 2 2 2 2 2 2 2 2 2 2 2 2 2
left_child=1 -1 3 -2 5 -5 7 -3 9 10 -9 13 -13 -11 15 20 17 -17 19 -16 -8 22 24 -24 25 -21 27 -27 -29 -20
right_child=2 6 -4 4 -6 -7 14 8 -10 11 -12 12 -14 -15 18 16 -18 -19 29 21 -22 -23 23 -25 -26 26 -28 28 -30 -31
leaf_value=-0.050372073986113312 -0.035829588502413724 -0.037692050854209055 -0.038597818659086972 -0.028510032812321052 0.26363550052954909 0.17290520267153284 0.01408845320209726 0.054384705279384084 -0.030245499817804746 -0.017922533716420146 0.0050777394882324991 0.0029413480987998029 -0.053266191191554763 0.038580576270234167 0.056153784867382296 -0.03210996617452036 -0.032039282320120849 0.0057368196380710827 -0.019215230021511785 -0.009137211617419096 0.057387509253949399 -0.00055941995350750041 0.057798837898326877 -0.018576208217334789 -0.017045021508226274 0.047324382587944837 0.085744573529927356 -0.000145637878192582 0.061180371377516245 0.0049954414192911745
leaf_weight=14.792173495981841 3.2887962544336906 22.279965285211802 82.125450935214758 2.2464988231658944 0.94785388745367516 0.67065774276852597 168.97105930745602 12.957847274839876 27.68271466344595 12.501678578555586 32.897626005113125 11.617849171161653 18.018818236887455 10.873723305761812 9.4663565307855588 19.889387041330338 27.649429311975837 339.19366889633238 105.23711720854044 41.234465938992798 13.271046891808508 1555.0807831734419 21.346465464681391 10.104478141292928 39.930595614016056 19.074933983385563 6.5264525767415753 55.694790232926607 9.0723705897107703 44.568388726562262
leaf_count=2027 211 272 6867 170 23 49 783 82 247 59 164 53 87 69 46 90 178 2160 683 649 62 11621 112 53 318 138 58 537 57 305
internal_value=-0.000672781 0.000431335 -0.0334445 0.0257156 0.0780853 0.0177956 0.000716516 -0.0103169 -0.00549736 0.00143207 0.0190109 -0.0137736 -0.0312323 0.00836147 0.00137698 0.00626304 0.00108958 0.00364051 -7.29756e-05 0.000938935 0.0172415 0.000641629 0.00984296 0.0332613 0.00554918 0.0124046 0.022234 0.0172902 0.00844471 -0.0120124
internal_weight=2739.21 2649.93 89.2793 7.15381 3.86501 2.91716 2635.14 148.83 126.55 98.8675 45.8555 53.0121 29.6367 23.3754 2486.31 568.975 386.732 359.083 1917.34 1767.53 182.242 1758.07 202.985 31.4509 171.534 131.603 90.3685 83.8421 64.7672 149.806
internal_count=28230 20910 7320 453 242 219 18883 1033 761 514 246 268 140 128 17850 3273 2428 2250 14577 13589 845 13543 1922 165 1757 1439 790 732 594 988
is_linear=0
shrinkage=0.05


Tree=63
num_leaves=31
num_cat=0
split_feature=10 0 0 33 39 20 18 21 23 4 10 24 9 0 24 36 35 9 10 3 28 37 20 20 21 17 0 5 33 17
split_gain=37.8331 14.556 7.267 7.83966 10.9335 12.5626 10.6915 13.0324 7.77478 7.01771 6.86041 8.05755 6.74911 7.71303 6.82689 6.41634 6.0979 7.24809 7.00124 6.36164 10.5546 5.7791 7.17756 6.41411 5.75013 7.16794 5.49088 5.30853 5.2262 5.21896
threshold=0.98236004422511203 0.001000389047293513 0.0070000000011050138 1.7230266203703706 0.0096696275518154927 -7.0276663823519092 0.7000286973095442 0.68400107325972148 9509.946774500002 -1.4663370671367595 0.0031881543300045279 814.24852400000009 0.0033000000119703531 0.0050101750000000013 1536.5972055000004 0.36840728557504882 0.39087561000741661 0.0036693860891595627 0.0023857612992623394 -0.08725825144137786 0.79820836745925694 1.2820521933601325 -6.7493818751857981 -4.1378782869141828 -0.0040302331291795588 0.0048966381826552295 0.99201092946194835 -0.73247118758211505 10.314097222222225 0.97883538402026848
decision_type=2 2 2 2 2 2 2 2 2 2 2 2 2 2 2 2 2 2 2 2 2 2 2 2 2 2 2 2 2 2
left_child=1 -1 3 4 5 29 7 16 15 -4 -8 -12 -13 14 -14 -6 19 18 -18 20 -5 22 -21 -24 25 -2 -11 -15 -25 -3
right_child=24 2 9 6 8 -7 10 -9 -10 26 11 12 13 27 -16 -17 17 -19 -20 21 -22 -23 23 28 -26 -27 -28 -29 -30 -31
leaf_value=-0.050353796149168718 -0.03055091210482417 0.015342032521707516 0.023395480654518522 -0.0047478878574268172 0.0095160686319413716 0.045029184755900009 -0.046196082580486138 0.044526969003988275 0.024242514663384035 0.0017763683644020818 -0.032585026639594644 0.031212717747349142 0.014156040985198015 -0.0087741098951890622 -0.025106211895124173 -0.039124711694449227 -0.022600899256593612 -0.032150710793357316 0.03458572238399784 0.02717736207913006 0.072759293341902148 0.021896752853551849 -0.050336154458351483 -0.0014779530476891345 -0.038396802965264633 0.10578397115844679 -0.031546282689110312 0.032717075875847615 -0.026764294125235202 -0.028875882771990331
leaf_weight=14.0757291149348 2.4620947856456032 17.433995343744758 37.51911186426878 10.083617072552444 9.8802043497562426 29.60746743530035 17.762929651886225 14.882716119289396 11.455433845520018 2046.9043547138572 41.325004197657108 10.530008941888807 13.218039806932209 16.522323377430443 68.182020973414183 21.60700748115778 11.17948915064335 34.928971368819475 10.267755273729561 14.947911515831946 7.7822678312659255 21.599627912044525 8.9069495685398561 103.5845175459981 73.013093345798552 1.5845779785886405 12.437513459473847 14.452344879508017 25.455625180155039 10.81124687194824
leaf_count=2027 177 83 187 73 49 136 122 84 53 14911 471 61 108 88 414 103 71 256 63 153 55 104 79 714 6609 61 575 90 202 51
internal_value=-0.000644319 0.000357213 0.000627255 -0.00450849 0.0080842 0.0222719 -0.0073569 -0.000921902 -0.0110296 0.00196555 -0.0166781 -0.0134855 -0.0070635 -0.0106501 -0.0187307 -0.023862 -0.00364125 -0.0181023 0.00477689 0.000596934 0.0290138 -0.00231256 -0.00573264 -0.00929876 -0.0351813 0.0228345 0.00157511 0.0105851 -0.00646617 -0.00158297
internal_weight=2734.4 2657.34 2643.27 546.407 100.795 57.8527 445.612 263.619 42.9426 2096.86 181.993 164.23 122.905 112.375 81.4001 31.4872 248.737 56.3762 21.4472 192.361 17.8659 174.495 152.895 137.947 77.0598 4.04667 2059.34 30.9747 129.04 28.2452
internal_count=28230 21383 19356 3683 475 270 3208 1854 205 15673 1354 1232 761 700 522 152 1770 390 134 1380 128 1252 1148 995 6847 238 15486 178 916 134
is_linear=0
shrinkage=0.05


Tree=64
num_leaves=31
num_cat=0
split_feature=8 0 0 21 13 10 33 4 20 39 32 22 28 30 28 29 11 11 23 6 22 23 19 4 29 6 20 20 4 6
split_gain=35.7071 13.7465 6.48712 10.3134 7.6728 7.04829 10.6662 16.9837 30.3736 12.5693 5.68222 10.3326 7.76662 10.5647 9.30898 10.8956 6.83698 7.4556 10.2281 10.5877 6.77872 6.76543 6.52376 11.3214 8.99692 8.33969 7.51876 6.2414 7.32148 7.27059
threshold=0.99134998253987627 0.001000389047293513 0.0030000049371222402 0.68400107325972148 0.92747477198492179 0.95873438472939043 2.3024942129629635 -0.0073491873471983665 0.42791271473274572 0.91666674090703271 0.01999999999999999 2516.7758330000001 0.96085492281803375 3.5000000000000004 0.91517017194121419 0.99999999941872397 0.64082668240182417 0.48804242053565633 3429.5300490000004 -1.4661496635101356 525.29126050000013 11000.560000000003 -6.6666662018461436 -0.39529403392990436 0.017423476548766418 -0.10536051565782627 -19.520270356668412 -6.1978741963195132 -0.48842885880581283 -0.78845727636426022
decision_type=2 2 2 2 2 2 2 2 2 2 2 2 2 2 2 2 2 2 2 2 2 2 2 2 2 2 2 2 2 2
left_child=1 -1 3 -3 -5 10 7 -7 9 -9 11 16 14 -14 15 -12 17 18 19 -4 -16 -22 23 -18 25 -25 -24 28 -28 -30
right_child=-2 2 5 4 -6 6 -8 8 -10 -11 12 -13 13 -15 20 -17 22 -19 -20 -21 21 -23 26 24 -26 -27 27 -29 29 -31
leaf_value=-0.050336422940986128 -0.041141747122981749 -0.012039186934200908 -0.031280663585387523 -0.00028465063202573357 0.047812525809967296 -0.054634780711503607 -0.021017949335656764 0.085036579217813379 -0.014118297921198423 0.26049349101991293 0.0074190199933312322 -0.019914829311710708 -0.024000952491593158 0.030873806256534408 -0.039802652185730092 -0.043072102808258281 -0.013616960025778422 -0.020292683748767078 0.045778990833697658 0.01420525749346337 0.011683851526432124 -0.033155129349815918 -0.035849997757522775 0.059938465885803774 0.077461192410117827 -0.015405310228717535 -0.03335923019258407 0.00064633523963892356 0.033674378113113079 0.0076842085894738392
leaf_weight=13.393752417992799 53.293449806049466 196.49936864152551 23.441962655633684 22.947477504611015 12.983369406312702 4.3381438245996824 69.651817562989891 2.1810055188834649 5.29633186198771 1.9187000691890714 458.49545677006245 61.092951606959105 10.426070779561995 55.255942702293396 18.739849351346493 10.939653456211088 14.322082936763762 75.066156055778265 11.450607061386107 28.163619667291645 25.562267623841763 12.539040572941301 13.400217086076735 6.456160567700862 10.489300053566692 8.5191717408597487 8.7948899380862695 1340.0793056134135 34.742537401616573 119.33705218881369
leaf_count=2027 5470 1426 175 120 71 94 3118 80 207 67 2133 484 56 248 91 47 88 525 53 212 114 60 122 44 65 73 70 9599 245 1046
internal_value=-0.00061615 0.000190773 0.000444891 -0.00753541 0.0170949 0.00120799 -0.0130772 0.0271939 0.0649741 0.167152 0.00171546 0.000286869 0.0059517 0.0221632 0.00392841 0.00624238 0.00101532 -0.00964583 0.00302886 -0.00645683 -0.015182 -0.00307254 0.0019616 0.0219476 0.0419502 0.0170769 0.00143719 0.00176964 0.0110119 0.0135446
internal_weight=2729.82 2676.52 2663.13 232.43 35.9308 2430.7 83.386 13.7342 9.39604 4.09971 2347.31 1755.36 591.958 65.682 526.276 469.435 1694.26 138.122 63.0562 51.6056 56.8412 38.1013 1556.14 39.7867 25.4646 14.9753 1516.35 1502.95 162.874 154.08
internal_count=28230 22760 20733 1617 191 19116 3566 448 354 147 15550 12801 2749 304 2445 2180 12317 965 440 387 265 174 11352 270 182 117 11082 10960 1361 1291
is_linear=0
shrinkage=0.05


Tree=65
num_leaves=31
num_cat=0
split_feature=7 0 10 34 15 18 2 33 0 26 37 4 26 32 16 28 2 10 19 21 10 0 9 0 19 12 37 10 33 6
split_gain=30.3073 13.6487 8.19146 9.34835 22.2435 10.6761 6.6224 6.82893 8.79113 7.03295 10.4422 12.5734 9.92402 10.0938 9.85011 13.6707 8.57403 9.7822 8.5571 8.46312 12.3638 10.409 10.1026 8.51882 8.42967 10.643 10.5133 8.14817 7.71696 7.1304
threshold=0.98760000000000014 0.001000389047293513 0.95684092033218926 0.89394999473514269 0.00054514307093145775 0.0096127290303174625 0.19336014739273091 0.51706018518518526 0.14000000017200004 -0.20001783820338606 0.034482746972058817 0.06886805820379778 -0.32961879477270145 0.083466668849130995 0.056203328122785744 0.83559725094291326 -2.8010139247290339e-09 0.28734268591157514 1.845667065931613 -0.10837672818469174 0.22442062598270843 0.0070000000011050138 0.0072312879314577238 0.18365914990429061 2.8819451913143994 0.66430060398141721 1.0725875740832171 0.04904085719807675 2.1334375000000003 -0.042752498428018863
decision_type=2 2 2 2 2 2 2 2 2 2 2 2 2 2 2 2 2 2 2 2 2 2 2 2 2 2 2 2 2 2
left_child=1 -1 6 4 -4 -6 7 8 -3 10 11 29 14 16 15 18 -14 24 -12 20 23 -21 -23 -11 25 -18 28 -16 -27 -9
right_child=-2 2 3 -5 5 -7 -8 9 -10 19 12 -13 13 -15 27 -17 17 -19 -20 21 -22 22 -24 -25 -26 26 -28 -29 -30 -31
leaf_value=-0.050319359350121641 -0.03137882322166978 0.039251535664727617 0.16357353179706335 -0.023994775370862611 0.062075143055393592 -0.046632427173301058 0.012154423825643228 0.0022274820787256257 -0.016722585214198254 -0.0072898728819293648 0.08786381225976253 0.066326588841416206 -0.016228613161563068 0.044893508680388938 0.00163524409721262 -0.016191597519616224 -0.022795817316994264 0.026856691871169909 0.018608552715131663 -0.0093537971171782624 -0.034124288237586016 0.043020142312554736 0.0016660922526533083 0.039494444501052224 -0.0044721787393935102 0.049163468195860774 0.057663763225502422 -0.024357055027687619 0.01022132416362654 -0.012687652884285304
leaf_weight=12.963504190556703 74.953944391570985 24.373183652758598 2.3163074096664777 58.476180522702634 3.4782743602991086 6.4408524967730045 139.7912285476923 184.84086068347096 9.8494217433035356 167.42234766110778 8.4425372220575863 6.4371966719627371 27.818378247320652 22.595296368002892 77.001191213726997 12.934307541698216 17.471065625548363 89.897697139531374 9.4559211693704111 236.59549334272742 44.187008801847696 14.982674796134232 1033.0352836847305 10.330520629882811 91.929280199110508 14.125949889421461 15.338819086551664 49.556720644235611 127.97728583961725 141.45201920904219
leaf_count=2065 6929 128 65 2124 88 142 637 1500 65 863 49 45 130 98 342 77 91 519 60 1806 229 80 7224 46 495 61 71 231 616 1484
internal_value=-2.31942e-05 0.000859847 0.00111035 -0.0156788 0.0240652 -0.00851267 0.00157088 0.000964051 0.0231419 0.000648311 0.00415274 -0.00287322 0.00829368 0.0124154 -0.00236871 0.0229732 0.0105071 0.0125919 0.0512756 -0.00143886 -0.0104548 0.000118808 0.0022573 -0.00457089 0.00778617 0.0142288 0.0183374 -0.00854265 0.0140924 -0.00423841
internal_weight=2736.47 2661.52 2648.55 70.7116 12.2354 9.91913 2577.84 2438.05 34.2226 2403.83 897.275 332.73 564.544 407.154 157.391 30.8328 384.558 356.74 17.8985 1506.55 221.94 1284.61 1048.02 177.753 266.842 174.913 157.442 126.558 142.103 326.293
internal_count=28360 21431 19366 2419 295 230 16947 16310 193 16117 5869 3029 2840 2081 759 186 1983 1853 109 10248 1138 9110 7304 909 1334 839 748 573 677 2984
is_linear=0
shrinkage=0.05


Tree=66
num_leaves=31
num_cat=0
split_feature=8 0 0 33 2 37 31 11 39 16 24 28 11 29 37 11 5 36 24 11 11 26 37 38 5 35 20 27 9 8
split_gain=28.0242 12.9302 6.98463 11.4503 10.459 11.7208 10.0704 8.71902 8.26829 11.842 11.2113 7.87626 8.81987 7.46532 10.821 9.06141 12.0815 9.20621 7.43225 13.3716 25.3006 8.29284 7.93344 8.26474 7.03959 10.2983 7.95334 7.03185 10.0024 9.84537
threshold=0.98700000165635016 0.001000389047293513 0.4900000011451317 0.51706018518518526 -0.0053208552829850592 0.57142862440498232 6.5000000000000009 1.2759170798153854 0.3058357711507988 0.010830207889068508 92.462051000000017 0.87107474452551859 1.0025700304099232 0.28541644246584902 2.9865456435365601e-08 1.054513296297001 0.11778303615638341 0.2340300246170213 4648.1863180000009 1.008643380374896 1.0061163709919831 -0.19152078655963548 0.23994968936775637 0.29765519242701249 -0.049654462524097831 0.17206057077924838 7.9324250228386051 0.54156154202096152 0.79335688937740534 0.95404463505724324
decision_type=2 2 2 2 2 2 2 2 2 2 2 2 2 2 2 2 2 2 2 2 2 2 2 2 2 2 2 2 2 2
left_child=1 -1 3 -3 -4 6 -6 11 -5 10 -10 27 -13 24 -15 -16 -17 -18 19 20 21 -14 23 -21 -11 26 -26 -8 -29 -30
right_child=-2 2 4 8 5 -7 7 -9 9 13 -12 12 18 14 15 16 17 -19 -20 22 -22 -23 -24 -25 25 -27 -28 28 29 -31
leaf_value=-0.050303686686704978 -0.032285776450485193 0.032816156191785732 -0.024820205431892981 0.00042562592458786987 -0.014464650986200582 -0.037840230199550157 -0.0043160063194939953 0.062410269689208979 0.022611376885501817 -0.018465380259667052 0.11359826647245151 -0.01912012515025871 -0.054949010405983115 -0.020993741454920219 0.032332181439644773 -0.027021816180733967 0.0070985475415864981 0.049262680954294522 -0.0097196333718695457 0.0085362493870047313 0.17215167933620287 0.070507177218589387 0.059722341166493144 -0.04623421611397549 0.017709910235731461 -0.023253349100844978 -0.018742877813520763 -0.0014329575183344326 0.033766921011397333 -0.0057076138904509884
leaf_weight=12.335011560469864 65.69897744525224 30.443327784538269 53.73635333776474 1665.6177435740829 99.436747559346259 21.514166388660669 69.678579762578011 6.135905882343649 10.786793395876883 41.395745754241943 4.934321414679288 70.494998121634126 2.9143623160198331 19.455743651837111 67.496459484100342 19.260377116501331 50.92831140011549 17.358499974012375 57.584160212427378 38.145641453564167 3.6899979868903756 2.4035886721685511 6.0025806725025168 8.4054630342870933 91.967437759041786 25.930902644991875 17.870974138379097 57.645265724509954 72.059518236666918 20.230179366655648
leaf_count=2065 6776 164 471 10104 1997 126 834 48 122 243 45 1061 67 138 300 87 231 79 535 394 59 66 31 59 517 140 110 349 588 554
internal_value=-2.5292e-05 0.000769754 0.00100717 0.00237896 -0.00378986 -0.00168281 -0.000171828 0.00324961 0.00192318 0.00871264 0.0511691 0.00236262 -0.00510182 0.00681464 0.0141551 0.0185657 0.0079522 0.0178167 0.00319239 0.0152702 0.0715555 0.00175423 0.00562261 -0.00135334 -0.000415358 0.00508805 0.011779 0.00880832 0.0149075 0.025114
internal_weight=2731.56 2665.86 2653.52 2063.45 590.078 536.341 514.827 415.39 2033 367.386 15.7211 409.254 189.641 351.664 174.499 155.044 87.5472 68.2868 119.146 61.5616 9.00795 5.31795 52.5537 46.5511 177.165 135.769 109.838 219.614 149.935 92.2897
internal_count=28360 21584 19519 12280 7239 6768 6642 4645 12116 2012 167 4597 2272 1845 835 697 397 310 1211 676 192 133 484 453 1010 767 627 2325 1491 1142
is_linear=0
shrinkage=0.05


Tree=67
num_leaves=31
num_cat=0
split_feature=8 0 3 38 5 3 25 33 26 26 29 22 22 29 24 26 39 18 33 39 25 33 25 3 29 25 29 19 36 20
split_gain=26.1224 12.2733 6.53446 14.1812 10.2121 9.52034 9.79656 8.57838 9.19731 9.72169 8.8691 8.11572 7.47793 6.74818 7.34963 9.90088 6.69952 7.58649 10.0612 7.40936 7.16783 7.72649 6.88996 6.71165 6.64812 8.65459 11.051 9.56077 8.41146 6.75
threshold=0.98700000165635016 0.001000389047293513 0.013369758434430315 0.033333350567688519 -0.027212570978761407 4.0027526768508155e-09 0.037629765356805192 1.2160821759259262 2.845647243138766 -0.30219559796903211 -0.016478087118428731 122.36396150000002 2.0070000000000001 0.38348530688569593 1860.4909905000002 -0.24297253312703676 0.0033783780892156423 0.92869259015948569 0.97693287037037047 0.86037960659170942 0.46904493055311808 3.1042881944444449 0.34444516480739279 0.14310085321122379 0.28541644246584902 0.2054550818519966 0.8797269030914534 4.3074322069860509 0.0020222444028333612 -3.4483257224592192
decision_type=2 2 2 2 2 2 2 2 2 2 2 2 2 2 2 2 2 2 2 2 2 2 2 2 2 2 2 2 2 2
left_child=1 -1 5 4 -4 7 13 8 9 -3 -11 12 -5 -7 -15 -16 -13 18 19 -18 22 -22 24 -23 29 26 -26 28 -28 -20
right_child=-2 2 3 11 -6 6 -8 -9 -10 10 -12 16 -14 14 15 -17 17 -19 20 -21 21 23 -24 -25 25 -27 27 -29 -30 -31
leaf_value=-0.050288789707603213 -0.031682074514810935 -0.014435330074902865 0.010035525597764187 0.014268488437719466 0.099478581751172801 -0.019602998749255373 -0.029145442267110046 -0.00072896158298956838 -0.033129191149561102 -0.0026430120608561675 0.032775582178260938 -0.029749668977653271 -0.0072127333834607595 -0.033587162719042447 0.007292581929889891 0.079996350846422745 -0.0027828028745702448 0.045266384119762366 0.029706842747758852 -0.053301997688654415 -0.031295942986524834 0.030795868829926399 0.033483882007149919 -0.0077966731410123256 0.035012461110773378 -0.0033124231005131678 0.054919071541215905 -0.017597678228381649 0.011466961827704045 -0.0075264236406853997
leaf_weight=11.736814360134302 63.655650716274977 20.245658645406365 6.0764644034206867 49.962201278656721 6.7210528040304762 20.956931347958744 57.520519696176052 1647.3263372201473 9.9634957257658225 23.686666887253523 69.640119895339012 11.672302201390265 214.23423144035041 5.4016296416521099 13.877306136302654 7.0676267091184828 22.661326043307781 13.69714133441448 14.51312644779682 10.677617689594625 20.119224233552814 17.112147197127342 34.780156033113599 32.974895820021629 70.910024577751756 54.034671483561397 12.856349390000103 24.701480265706778 83.306857749819756 75.478054724633694
leaf_count=2065 6776 109 45 267 110 253 811 13529 53 129 387 54 1113 64 131 101 111 63 63 97 102 98 170 152 333 258 62 119 376 359
internal_value=-2.79668e-05 0.000728425 0.000954195 0.00481152 0.0570096 -0.000642645 -0.0152839 0.000224026 0.0129319 0.0169728 0.0237862 0.00393681 -0.00315042 0.00157159 0.0184146 0.0318256 0.00768544 0.00858116 0.00752135 -0.0189628 0.00952448 -0.00512435 0.0122997 0.0053884 0.0101056 0.0143623 0.0193424 0.0101489 0.0172762 -0.00152171
internal_weight=2727.57 2663.91 2652.18 776.489 12.7975 1875.69 104.824 1770.86 123.536 113.572 93.3268 763.692 264.196 47.3035 26.3466 20.9449 499.495 487.823 474.126 33.3389 440.787 70.2063 370.581 50.087 335.801 245.809 191.775 120.865 96.1632 89.9912
internal_count=28360 21584 19519 3952 155 15567 1360 14207 678 625 516 3797 1380 549 296 232 2417 2363 2300 208 2092 352 1740 250 1570 1148 890 557 438 422
is_linear=0
shrinkage=0.05


Tree=68
num_leaves=31
num_cat=0
split_feature=7 0 10 34 15 1 32 0 27 33 7 10 15 38 26 33 33 20 23 14 26 24 26 10 35 35 12 26 21 33
split_gain=24.6959 11.6733 6.9609 8.57703 19.1231 11.5552 5.88518 5.85959 9.9713 7.71689 10.1955 6.61391 8.06403 8.21623 6.17934 6.03226 6.4469 14.6148 7.11581 6.06195 5.92886 8.44145 14.2986 9.40921 18.3938 9.30071 9.77385 10.0048 8.44525 7.25877
threshold=0.98760000000000014 0.001000389047293513 0.95684092033218926 0.89394999473514269 0.00038502190550494402 -0.020131236961915072 0.000811438758345059 0.0020021834237528408 0.91937034193643219 7.8409895833333341 0.0018000000001500002 0.0036289578773688481 0.062698854084283176 0.94462093549046078 -0.25368137853707423 13.152609953703706 12.748784722222224 2.966551458112253 3161.5318280000006 0.74920994987734879 -0.20001783820338606 604.96766750000018 -0.3421747121821323 0.91597220354441744 0.011235955715355872 7.1064021179245835e-10 0.86773816853533037 -0.23587850493158863 0.40546510823316445 11.452355324074075
decision_type=2 2 2 2 2 2 2 2 2 2 2 2 2 2 2 2 2 2 2 2 2 2 2 2 2 2 2 2 2 2
left_child=1 -1 7 4 -4 -6 -7 8 9 -3 -11 12 -9 -14 -10 16 19 18 -18 20 21 25 28 -24 -25 29 27 -27 -23 -13
right_child=-2 2 3 -5 5 6 -8 11 14 10 -12 15 13 -15 -16 -17 17 -19 -20 -21 -22 22 23 24 -26 26 -28 -29 -30 -31
leaf_value=-0.050274627208887625 -0.029603731554441678 0.0076817352808947461 0.15966804522696371 -0.022983079577403184 -0.046352315898923815 0.1226459076550353 -0.00051755164162135467 0.061543903765922836 -0.060029340649060375 0.040782606257669475 -0.039930246755793479 0.011036574291200864 -0.021532232255462417 0.021637171537737598 -0.017011453161387951 -0.0099216813523670712 -0.0078315585743798845 0.06024941665405667 0.046542490800481236 0.026240041129832598 -0.00059807189587100654 -0.0017269460180029097 0.01106424515490427 0.11597881035903293 -0.027867460676626432 -0.017789046256035494 -0.028820438383381976 0.052783653520463637 -0.042023891240953855 -0.025023000283823787
leaf_weight=11.167469028849153 68.802792256698012 77.323454190045595 2.1195659395307294 56.570060219615698 6.4308595815673462 1.9987582061439746 1.8842944242060182 8.977823965251444 11.711670164018868 4.8547240830957916 20.161153726279736 85.377426726743579 14.798550687730311 43.190201729536057 29.066515516489744 109.97127224691212 31.115106608718634 15.437985591590403 7.4595308601856223 24.784720800817013 1386.0580231714994 142.12669167853892 445.10547533631325 5.8675592709332687 3.5772472433745861 12.137122906744482 55.73399543389678 8.5665070265531522 14.311137698590754 16.683097757399082
leaf_count=2065 6929 448 54 2124 131 66 44 79 75 25 243 718 93 209 209 970 239 103 37 121 9059 802 2424 99 54 114 511 80 71 164
internal_value=-2.88767e-05 0.000737663 0.000953173 -0.0147188 0.0228823 -0.00522798 0.0628795 0.00137324 -0.00845865 -0.000127744 -0.0242666 0.001952 0.0174475 0.0106205 -0.0293664 0.0015131 0.00207091 0.0191369 0.00268325 0.00165199 0.00137187 0.00483039 0.0076249 0.0121121 0.0614966 -0.00473507 -0.0179233 0.0114117 -0.00541336 0.00514218
internal_weight=2723.37 2654.57 2643.4 69.0035 12.4335 10.3139 3.88305 2574.4 143.118 102.339 25.0159 2431.28 66.9666 57.9888 40.7782 2364.31 2254.34 54.0126 38.5746 2200.33 2175.54 789.486 610.988 454.55 9.44481 178.498 76.4376 20.7036 156.438 102.061
internal_count=28360 21431 19366 2419 295 241 110 16947 1000 716 268 15947 381 302 284 15566 14596 379 276 14217 14096 5037 3450 2577 153 1587 705 194 873 882
is_linear=0
shrinkage=0.05


Tree=69
num_leaves=31
num_cat=0
split_feature=7 0 19 10 16 37 37 19 8 13 7 23 12 27 2 39 19 0 9 15 19 13 10 5 11 13 2 12 15 39
split_gain=22.9609 11.1178 6.7036 24.4457 6.95749 6.2701 14.0816 12.2759 9.24957 8.57683 6.45446 8.90592 9.55681 8.45706 7.00762 6.95055 8.30716 6.30331 6.23433 8.7649 6.07623 6.00038 6.14964 7.06927 6.66134 5.65879 15.1595 11.8359 7.72355 8.53387
threshold=0.9830000011249006 0.001000389047293513 -4.5883146774111632 0.98173651805716522 0.00025651871443204701 0.51264922047535622 0.55555555894847297 6.5905622377284745 0.31650349707045639 1.0959489103868119 0.0058000000017803246 13968.795000000004 1.2341880458572074 0.97640269067877361 0.22259144569292927 0.16891190629307842 1.8024337992926813 0.0020021834237528408 0.0072312879314577238 0.25347861475843397 7.8313692583215717 1.0607041758772902 0.014643739023443124 -1.0000000180025095e-35 1.6698432226172868 1.0117996766422865 -0.0031977125805666188 0.88678349791787536 0.3430122994954829 0.29065310474437567
decision_type=2 2 2 2 2 2 2 2 2 2 2 2 2 2 2 2 2 2 2 2 2 2 2 2 2 2 2 2 2 2
left_child=1 -1 3 -2 -5 17 -7 8 9 10 11 12 13 15 -13 -8 -17 -3 19 -12 -9 22 23 -20 -25 -19 27 -27 29 -28
right_child=2 5 -4 4 -6 6 7 20 -10 -11 18 14 -14 -15 -16 16 -18 25 21 -21 -22 -23 -24 24 -26 26 28 -29 -30 -31
leaf_value=-0.050261161121713631 0.3772916626511526 -0.015310080602842349 -0.02921980445004542 0.17923631658747916 -0.034277318416429524 0.045040424724846262 -0.013545432418357803 -0.052783741405105292 -0.022925212676395419 -0.0061017564542563754 0.056167506802531179 0.0088786001389518435 0.032151368746898397 -0.04980632925986514 0.058638442557554585 -0.014729916361427536 0.042442347919378495 -0.0018210521769656245 0.024580068762586886 2.4407489397655321e-05 -0.0075532841473202874 0.041326768590311765 0.013738355142427794 -0.044528927352406697 0.0079004742722254707 0.025679341176714957 -0.0003433143569562927 -0.02452920989397786 0.048093446759628164 0.011518313938842341
leaf_weight=10.625599177554248 0.46666472963988725 67.928911609575152 78.502105936873704 0.43544101668521795 3.0823414358310401 21.693902276456356 64.252830423414707 13.008814040571453 26.776919327676296 98.023881658911705 19.620845645666126 21.294822566211227 15.527937859296797 11.775752089917658 10.596089020371435 11.379071161150934 14.386470496654509 1260.9156090887263 11.043906494975088 10.766295872628687 17.299775693565607 16.502301573753357 186.73315750062466 15.033282712101938 10.147826328873633 14.098279245197771 295.6288808491081 70.105067478492856 10.958896290510891 311.31385262496769
leaf_count=2065 25 663 7259 54 338 101 298 62 141 468 92 96 76 56 52 50 66 10225 49 52 87 75 857 72 50 71 1997 438 62 2363
internal_value=-3.17304e-05 0.000780701 -0.0260085 0.0372602 -0.007848 0.000987168 0.00549709 0.00400302 0.00572892 0.00721275 0.0103272 0.00198236 -0.00438632 -0.00995987 0.0254118 -0.00474736 0.0171928 -0.000336005 0.0149415 0.0362758 -0.0269667 0.0122342 0.0100809 -0.00877248 -0.0234002 0.000182162 0.00377975 -0.0161227 0.00649192 0.00574077
internal_weight=2719.93 2637.44 82.4866 3.98445 3.51778 2626.81 595.864 574.17 543.861 517.084 419.061 149.213 117.322 101.794 31.8909 90.0184 25.7655 2030.95 269.848 30.3871 30.3086 239.46 222.958 36.225 25.1811 1963.02 702.105 84.2033 617.902 606.943
internal_count=28360 20684 7676 417 392 18619 2800 2699 2550 2409 1941 694 546 470 148 414 116 15819 1247 144 149 1103 1028 171 122 15156 4931 509 4422 4360
is_linear=0
shrinkage=0.05


Tree=70
num_leaves=31
num_cat=0
split_feature=8 1 33 35 5 16 29 18 18 33 27 25 19 11 11 2 30 29 2 33 22 2 11 5 12 2 26 11 19 29
split_gain=24.6318 10.5231 8.04986 5.16112 9.10129 7.30194 7.13043 5.81012 5.50971 8.24699 6.72811 5.39033 5.02152 5.28792 4.84429 7.05735 5.74984 9.67642 10.1649 7.39239 10.6948 5.18525 7.81898 8.28652 9.2729 6.5796 6.4324 5.97928 7.92552 7.58194
threshold=0.98984987459997797 -6.9073663829679512 13.868755787037038 0.76496164715000869 -1.1394342262263353 0.37496198091217475 -0.77183970229969801 0.94017336438121057 0.85192592592592609 1.5006134259259263 0.95292678702853884 0.088024490591087926 3.5446766499049573 0.27231381592176501 0.39988003898600527 0.79701503181828037 34.500000000000007 -0.20568810670492801 -0.0010220110186272935 2.4327893518518526 4156.2100000000009 0.0090952371836773901 0.94711761887284895 -0.010810812104130842 0.97410333533083637 0.032260745240532455 -0.24010277375070363 0.891550601182031 -2.120835701490936 0.97699815583510852
decision_type=2 2 2 2 2 2 2 2 2 2 2 2 2 2 2 2 2 2 2 2 2 2 2 2 2 2 2 2 2 2
left_child=1 -1 -2 4 5 12 -5 14 -8 11 -11 -10 13 -3 -6 16 21 -18 -19 -20 -21 -16 25 24 -24 -23 -25 28 -27 -30
right_child=2 3 -4 6 7 -7 8 -9 9 10 -12 -13 -14 -15 15 -17 17 18 19 20 -22 22 23 26 -26 27 -28 -29 29 -31
leaf_value=-0.05024874547072436 -0.036390084454515595 0.0096026373266478223 0.17980740693261443 -0.02389055950387807 -0.03089838207845676 0.016437540693926011 0.041683338973569239 0.038803678633212914 0.04474886892371388 -0.019035341925322399 0.028248047030968056 0.010927958848754103 0.019283505207431873 -0.022430270244780705 0.00063754712552901451 0.033493652883574615 0.038761255044003073 0.010579778639268202 -0.050715076528995012 -0.04644056625369862 0.032455135237569703 0.034395182768774617 0.082126172976974929 -0.016200554107789072 0.019355840362311541 -0.022606714793272458 0.014418492669780396 -0.031389639693625349 0.024113284189560255 -0.020745983863990153
leaf_weight=10.041427463293074 49.740904409904033 14.674720142036675 0.43431269843131204 12.873092241585253 11.737352486699818 20.378251060843468 16.906474441289902 10.286032956093548 19.256996095180511 28.786606952548027 10.185394641011952 30.34647249430418 9.4767395630478841 105.54624206200242 2025.4219256648794 16.904946349561214 7.9566253563389173 18.965994037687778 25.185447618365288 8.859666660428049 8.3379102852195484 10.721765749156473 8.888047009706499 20.097097270190716 17.405872454866767 25.918137043714523 117.0708683244884 19.743856139481068 34.302232831716537 12.984808161854742
leaf_count=2048 5987 90 52 64 71 99 96 55 90 162 66 143 60 683 16727 85 48 115 175 79 43 50 41 101 93 114 624 87 149 57
internal_value=0.0001905 0.000840508 -0.0345187 0.0010327 0.000559115 -0.0113862 0.0112398 0.00130583 0.0155271 0.0105346 -0.00667775 0.0240579 -0.015758 -0.0185202 0.00114448 0.00130259 0.00107218 -0.0131166 -0.0198449 -0.0334597 -0.00818952 0.00150112 0.00804883 0.0148612 0.0405739 -0.00269259 0.00993236 -0.0069707 -0.000384769 0.0117951
internal_weight=2729.44 2679.26 50.1752 2669.22 2550.86 150.076 118.355 2400.79 105.482 88.5755 38.972 49.6035 129.698 120.221 2390.5 2378.77 2361.86 69.3056 61.349 42.383 17.1976 2292.55 267.133 163.462 26.2939 103.671 137.168 92.949 73.2052 47.287
internal_count=28354 22315 6039 20267 19646 932 621 18714 557 461 228 233 833 773 18659 18588 18503 460 412 297 122 18043 1316 859 134 457 725 407 320 206
is_linear=0
shrinkage=0.05


Tree=71
num_leaves=31
num_cat=0
split_feature=8 0 33 33 5 23 0 10 21 0 26 35 15 18 6 4 18 34 2 31 25 25 33 26 31 18 9 37 6 3
split_gain=23.0226 9.98907 6.52166 4.71358 8.19359 9.34105 8.86137 8.81589 8.24207 7.5481 7.01849 6.54004 8.48927 7.96538 9.754 7.77324 7.07028 6.81056 6.60804 6.98937 6.30235 8.77024 12.517 7.76364 6.25399 6.7806 6.1485 6.01761 8.6869 5.9015
threshold=0.98984987459997797 0.001000389047293513 13.868755787037038 8.7274189814814829 -0.84729785989770046 18821.222276000004 0.0020021834237528408 0.8746971057937637 -0.014109076335270322 0.87000000997638771 -0.39680198660450761 3.9780224358224251e-08 0.00013788378813717479 0.92869259015948569 -1.3862943595947421 -1.3862943597372788 0.85192592592592609 0.11136329614619793 0.79701503181828037 298.50000000000006 0.43868284859591899 0.54738452610200816 3.2950983796296298 1.6137360543883685 68.500000000000014 0.59526515976918659 0.84378038354658347 0.019871010268557907 -0.077326848399845369 -0.38946455402359698
decision_type=2 2 2 2 2 2 2 2 2 2 2 2 2 2 2 2 2 2 2 2 2 2 2 2 2 2 2 2 2 2
left_child=1 -1 -2 11 -5 6 24 8 27 10 -10 13 -13 14 -3 16 -14 -18 19 20 23 -22 -23 -16 25 -6 29 28 -8 -12
right_child=2 3 -4 4 5 -7 7 -9 9 -11 26 12 15 -15 18 -17 17 -19 -20 -21 21 22 -24 -25 -26 -27 -28 -29 -30 -31
leaf_value=-0.050236555604799553 -0.035861625058816203 -0.030983922647663493 0.14249215604252283 -0.019318415904101716 0.047393741894186027 0.038235054120650112 -0.016131528890087985 -0.017534329284714403 0.043471990988939183 0.042639965113351913 -0.030492842506293989 -0.027690379839175799 0.054228202491927058 0.062438030158293113 0.0084779510489978917 2.8149057611793207e-07 0.027555112213716666 -0.0030726384336749214 0.048913943533016528 -0.033608530808759661 -0.042532934802116951 -0.033984406752629065 0.027327228205769261 0.04976949659888992 -0.053338540272645799 -0.041603907490212033 -0.039246614455394069 -0.01200114860749729 0.060190383936576622 0.0040142348326765156
leaf_weight=9.5539606362581235 47.99475187715143 16.914397615939379 0.5180797828361382 63.751437839120626 4.1100391838699597 15.120987305417655 7.5871397331357002 69.222424941137433 10.621805414557455 12.453527521342037 12.715163700282572 26.208492948673666 10.446405153721569 6.412527732551097 434.23816269915551 1161.5073129003868 32.178907059133053 41.635281763970852 9.5018996000289899 10.465549281798301 14.136232216842471 13.414276960305868 21.938801093958318 11.690145437605677 13.775592964142559 4.4654233790934086 8.7081631496548635 142.84801928699017 7.3303268626332265 485.15539594739676
leaf_count=2048 5987 120 52 536 38 86 59 2070 60 92 102 284 60 42 3575 7527 155 207 48 83 118 97 163 80 126 66 115 764 56 3538
internal_value=0.000179674 0.000798045 -0.0339569 0.000980759 -0.00207219 -0.000687664 -0.00144319 -0.000526638 0.00118602 0.00417406 0.00324785 0.00242718 0.000471594 0.0070446 0.00637729 0.00106407 0.015728 0.0102794 0.00760344 0.00682752 0.00768172 -0.00924654 0.00406331 0.00956042 -0.0324709 0.0010508 0.00240444 -0.00884552 0.0213725 0.00313296
internal_weight=2726.62 2678.11 48.5128 2668.55 857.865 794.114 778.993 756.642 687.42 529.654 517.201 1810.69 1271.98 538.712 532.299 1245.77 84.2606 73.8142 515.385 505.883 495.418 49.4893 35.3531 445.928 22.3511 8.57546 506.579 157.765 14.9175 497.871
internal_count=28354 22315 6039 20267 7708 7172 7086 6856 4786 3907 3815 12559 8233 4326 4284 7949 422 362 4164 4116 4033 378 260 3655 230 104 3755 879 115 3640
is_linear=0
shrinkage=0.05


Tree=72
num_leaves=31
num_cat=0
split_feature=8 0 33 20 28 35 26 26 24 29 28 8 38 6 36 39 23 4 33 39 4 36 11 10 23 24 37 29 21 6
split_gain=21.5048 9.48261 5.47923 4.72208 7.31595 4.99493 7.55346 7.51021 7.35435 9.03819 8.78778 7.10334 9.49207 9.14302 8.77471 10.857 6.38428 6.30522 7.11875 8.38545 6.62641 5.53699 6.3945 5.78067 6.03996 5.62509 5.49636 5.81013 5.44079 7.02607
threshold=0.98984987459997797 0.001000389047293513 13.868755787037038 13.543769446544228 0.72901972044921814 1.0000000180025095e-35 2.1923794888108517 1.8173566176479921 291.52225900000002 0.99999998990272265 0.51552099154406494 0.89413971691371452 0.0010111223860697822 -0.023482446803404489 0.40000002528090045 0.047138101199525911 40764.849033000013 -0.28783641579789021 9.5289756944444459 0.013037831810269801 -0.69314718105994511 0.5980350368799241 0.75181154154367591 0.085057598698371387 72.457221500000017 10502.357489500002 0.51264922047535622 0.98300516645485325 -0.69314718007044196 0.19888628308361322
decision_type=2 2 2 2 2 2 2 2 2 2 2 2 2 2 2 2 2 2 2 2 2 2 2 2 2 2 2 2 2 2
left_child=1 -1 -2 5 -5 6 7 21 9 10 11 13 -13 14 15 -7 -10 18 19 -12 -21 22 -3 24 -23 -26 -8 -28 29 -24
right_child=2 3 -4 4 -6 8 26 -9 16 -11 17 12 -14 -15 -16 -17 -18 -19 -20 20 -22 23 28 -25 25 -27 27 -29 -30 -31
leaf_value=-0.050224966515317153 -0.035322848452566204 0.042214940780291588 0.117313272299937 -0.044789854172802332 -0.00047380226473256367 0.099104848600032228 -0.023862247359768645 0.043230363585744197 0.00015373125678631194 0.056703868848335684 -0.026371126738109364 0.14889668504063924 -0.0044573009246445441 -0.031438256344176622 -0.015426764149984978 0.0059047308632559758 0.018815189157601733 -0.025780932206755015 -0.043145863704676206 -0.0031904668038534576 0.05837900499428339 -0.030675900233130184 -0.047711121434145937 0.032411770584954924 0.01570706653699246 -0.030360422346349974 0.029170476486941523 -0.014881404164851859 0.0065397306185581696 0.0044203753121451672
leaf_weight=9.0900523914024216 46.332894213497639 12.177569068968294 0.59551318362355132 14.285210856236516 26.75613418314606 5.7272050715982932 39.306478977203369 13.072667008265851 1534.1174798505381 4.8942300230264655 9.6492782384157199 1.9903385909274209 2.0466287080198526 13.393711525946854 9.4765316024422628 6.8767429143190384 47.242491756565869 89.734401501715183 7.7403272837400428 7.7499327585101154 10.020404092967508 28.35311895981431 10.746291704475881 7.5595514401793471 21.186373256146911 9.6422417573630792 13.339205518364908 17.055527292191982 687.21968625485897 16.21663723886013
leaf_count=2048 5987 83 52 154 326 56 345 85 9943 38 103 70 55 139 104 71 272 1147 89 67 81 281 55 50 131 47 65 81 6244 85
internal_value=0.00016818 0.000756465 -0.0333859 0.000930189 -0.0158988 0.00119315 0.00427579 0.00564109 -0.000349127 -0.0102535 -0.0122468 0.00830561 0.0711505 0.00115385 0.0209238 0.0482547 0.000711235 -0.0187487 -0.000801199 0.0111523 0.0315276 0.00502151 0.00628789 -0.00876078 -0.0140199 0.00129857 -0.0115154 0.00445146 0.0056753 -0.0163571
internal_weight=2723.59 2676.67 46.9284 2667.58 41.0413 2626.54 875.875 806.174 1750.66 169.3 164.406 39.5112 4.03697 35.4742 22.0805 12.6039 1581.36 124.894 35.1599 27.4196 17.7703 793.101 726.36 66.7413 59.1817 30.8286 69.7012 30.3947 714.183 26.9629
internal_count=28354 22315 6039 20267 480 19787 7552 7061 12235 2020 1982 495 125 370 231 127 10215 1487 340 251 148 6976 6467 509 459 178 491 146 6384 140
is_linear=0
shrinkage=0.05


Tree=73
num_leaves=31
num_cat=0
split_feature=8 0 33 33 5 6 20 18 7 13 22 36 38 26 14 19 12 38 13 26 0 16 4 19 33 6 5 33 4 4
split_gain=20.0749 9.00239 8.81513 4.37156 8.78254 8.41837 6.90221 9.9351 6.44823 6.69202 6.95422 8.9881 14.1367 7.91394 7.85798 6.95388 10.4711 7.08088 6.39625 12.4794 8.98788 6.23297 6.17866 6.70861 8.11709 6.88025 6.46699 6.3816 7.46338 5.83803
threshold=0.98984987459997797 0.001000389047293513 13.936597222222224 10.400954861111114 -0.91548576384270086 1.0986122891681098 -6.6022752451179167 0.62607458379420311 0.96399999387713586 0.89842789980875548 35.004500000000007 0.27272727316363637 0.41089182063998336 -0.20226555732048748 0.16218604323765365 4.5883146774113195 1.0019815385506068 0.39283230933200758 0.9984417304734966 -0.13608276128013444 0.46999999878583337 0.19750361784836215 0.40546510810816455 6.5905622377284745 5.7170196759259264 0.58779929919083596 0.30334368156080299 6.6409201388888901 0.69314640822240114 -1.3862943597372788
decision_type=2 2 2 2 2 2 2 2 2 2 2 2 2 2 2 2 2 2 2 2 2 2 2 2 2 2 2 2 2 2
left_child=1 -1 -2 22 -5 6 7 18 9 10 11 -8 13 -13 -12 -11 -17 -18 20 -20 -6 -7 29 24 -24 -25 27 -26 -29 -3
right_child=2 3 -4 4 5 21 8 -9 -10 15 14 12 -14 -15 -16 16 17 -19 19 -21 -22 -23 23 25 26 -27 -28 28 -30 -31
leaf_value=-0.050213947862472311 -0.034870056553898757 0.013626831143234997 0.20229210788979257 -0.027835043880730954 0.010011192426592111 -0.050480111912620695 -0.024467958887865376 0.064693750675629602 -0.033040574443499886 -0.00034638400938383467 -0.046527635424426887 -0.045738075942000606 0.060963874803411394 0.028729592887940136 -0.0017359588679385499 0.072385823241124206 -0.014538999726470346 0.033687399618981338 0.099360533170688006 -0.026171433984008764 -0.053278226166900339 0.0010212396169975717 0.0050077566633460521 0.0057355641585641491 0.042394524212234379 -0.045701822582835921 0.036918224104092089 0.017419068039160622 -0.037681404654662555 0.00029144963044883658
leaf_weight=8.6485750600695592 45.023708748165518 86.091740235686302 0.39525178167968888 33.55230263248086 31.259762454777956 14.811804160475733 21.081124044954777 8.9935683608055097 16.248181749135256 308.42225007712841 24.246982928365469 8.193670626729725 11.467817418277262 6.3194572068750885 16.424272838979959 8.1782417446374875 15.81468301266432 14.67315463721752 4.7855347068980336 3.3768647881224734 6.8364597437903276 9.736822307109831 149.78964699059725 16.730464238673452 10.020255684852598 10.632751816883681 46.252683125436306 15.32507596164942 10.260064397007225 1757.806054212153
leaf_count=2048 6009 443 30 308 259 93 165 73 795 2492 131 81 71 67 82 48 117 76 66 68 162 62 694 82 46 60 234 77 52 13363
internal_value=0.00015657 0.000716041 -0.0328062 0.000881177 -0.00302595 -0.00145796 -7.15535e-05 0.0166085 -0.00211472 -0.000959098 -0.0132967 -0.000210292 0.0194726 -0.0133126 -0.0284394 0.00215947 0.0221476 0.00867135 0.00725981 0.0474267 -0.00134625 -0.0300529 0.00192985 0.00916115 0.0119268 -0.0142519 0.0245877 0.00857002 -0.00467713 0.00091408
internal_weight=2721.4 2675.98 45.419 2667.33 564.423 530.871 506.322 55.2522 451.07 434.822 87.7333 47.0621 25.9809 14.5131 40.6713 347.088 38.6661 30.4878 46.2586 8.1624 38.0962 24.5486 2102.91 259.011 231.648 27.3632 81.8581 35.6054 25.5851 1843.9
internal_count=28354 22315 6039 20267 5216 4908 4753 628 4125 3330 597 384 219 148 213 2733 241 193 555 134 421 155 15051 1245 1103 142 409 175 129 13806
is_linear=0
shrinkage=0.05


Tree=74
num_leaves=31
num_cat=0
split_feature=0 0 19 24 6 28 6 24 34 35 25 23 23 3 11 11 12 39 25 19 20 6 38 21 21 23 28 27 24 10
split_gain=17.065 8.578 5.92339 13.6935 5.03709 12.2621 19.3168 16.8893 5.42397 4.44355 7.55244 7.02723 6.38775 6.22891 7.26741 6.45241 7.91277 6.20754 5.74398 5.94654 5.93588 7.65628 8.28935 8.24045 7.60377 7.30813 8.55686 9.21121 5.89574 12.8112
threshold=0.98700000174270375 0.001000389047293513 -4.5883146774111632 120.90522850000002 0.024654568069362656 0.91517017194121419 0.057725424218323197 1146.4365780000003 2.6345182737044941 1.0000000180025095e-35 0.43868284859591899 40764.849033000013 4.9999440000000011 1.4251123449413765 0.64082668240182417 0.75181154154367591 0.75371222382497072 0.11506933918028188 0.34444516480739279 4.3074322069860509 6.9625759391536066 0.034289066917004098 2.220785485793149 -0.56099030738485922 -0.3766144145369536 79.192875000000015 0.047667840372845591 0.13467893946688594 92.462051000000017 0.030393527239292121
decision_type=2 2 2 2 2 2 2 2 2 2 2 2 2 2 2 2 2 2 2 2 2 2 2 2 2 2 2 2 2 2
left_child=1 -1 3 -2 8 -6 7 -7 -4 10 13 12 17 14 -3 -16 -17 -11 20 -20 21 23 -23 -18 -25 26 -22 -28 29 -29
right_child=2 9 4 -5 5 6 -8 -9 -10 11 -12 -13 -14 -15 15 16 18 -19 19 -21 25 22 -24 24 -26 -27 27 28 -30 -31
leaf_value=-0.050203469585169969 0.24060099231842047 -0.022326513409182847 -0.038529814526303753 -0.022294392579086351 -0.034769002298440287 -0.003858383484758763 -0.034189661066744946 0.25230750697776955 0.11031195932628989 -0.041512892514572179 -0.011243426587300636 0.018649859137170349 -0.00059493172213115082 0.050945409525008881 0.033490699241828306 -0.027198864662472996 -0.041120413982021826 -0.00084512542208853921 0.0060622667136866447 0.061297070300775483 -0.030508810796762011 0.017858277982826087 -0.0090188732094699641 0.055456959475307516 0.0026301716181350676 -0.014603749757567062 0.072314104885365466 0.070070933569073901 -0.003799700712237264 -0.0019535565266449043
leaf_weight=8.2284528333693725 0.68677828647196237 23.957316666841507 45.681023273151368 1.7767752199433742 11.167427147738637 1.0573402536101633 2.8746320605278015 1.6437359959818421 0.62039174046367307 19.020492747426033 76.207486786879599 46.485916449688375 1671.9660303671844 7.3797840476036063 20.244549289345741 18.738497108221054 10.547165893018244 18.519679863937199 10.196949937380852 9.33251546602696 13.168356286361812 207.77098942175508 33.283094152808189 6.9694287478923789 301.13822105433792 77.034061691723764 6.0594231393188229 10.25114379823208 41.182422469370067 15.523395568132399
leaf_count=2048 81 200 5812 229 563 75 161 95 40 203 505 249 11371 36 154 92 54 250 67 59 148 1411 179 35 2970 532 51 75 387 222
internal_value=0.000145833 0.000768283 -0.0250646 0.0509944 -0.0280367 -0.00453414 0.0560224 0.152031 -0.0365355 0.000926855 0.00380716 -0.000531322 -0.00105291 0.00521833 0.00479934 0.00563096 0.00489001 -0.0214503 0.00569988 0.0324572 0.00497705 0.00742368 0.0141473 0.00233747 0.00382512 -0.00341293 0.0065897 0.0132803 0.00793794 0.0266923
internal_weight=2718.71 2653.21 65.5081 2.46355 63.0446 16.7431 5.57571 2.70108 46.3014 2644.98 888.985 1755.99 1709.51 812.777 805.398 781.44 761.196 37.5402 742.457 19.5295 722.928 559.709 241.054 318.655 308.108 163.219 86.1847 73.0164 66.957 25.7745
internal_count=28354 21298 7056 310 6746 894 331 170 5852 19250 7177 12073 11824 6672 6636 6436 6282 453 6190 126 6064 4649 1590 3059 3005 1415 883 735 684 297
is_linear=0
shrinkage=0.05


Tree=75
num_leaves=31
num_cat=0
split_feature=8 7 2 12 31 17 37 35 28 27 33 13 12 12 36 13 10 3 31 31 33 14 28 13 10 33 16 37 20 36
split_gain=15.6914 6.81795 5.60117 6.95706 6.81447 9.01072 7.30247 6.92977 8.61736 7.80943 11.6223 6.78559 9.69647 8.37454 10.5297 6.0573 6.50187 7.48669 6.40715 7.62984 7.01056 9.30556 6.62687 6.31878 5.9596 7.40667 7.22616 15.1956 7.3248 7.78019
threshold=0.99134998253987627 0.0010001556189174054 7.0409480098890315e-08 1.0711270472396761 54.500000000000007 0.53513204405942172 1.0000000017555604 0.31999981739965494 0.86466796882146746 0.91937034193643219 9.3072280092592603 1.0403031562496319 1.0189156915226794 0.99812588339440456 0.11502749098485618 1.1149120991149508 0.012748497441985822 0.16705336863521472 131.50000000000003 74.500000000000014 3.0398611111111111 0.05349765180334861 0.82197042783234975 0.95045116568093679 0.6006731467208225 0.58073495370370376 0.011210660143274861 5.352678583226436e-07 -7.8113346588493906 9.9999999391891003e-10
decision_type=2 2 2 2 2 2 2 2 2 2 2 2 2 2 2 2 2 2 2 2 2 2 2 2 2 2 2 2 2 2
left_child=1 -1 24 4 5 7 15 8 11 -10 -11 12 13 14 -4 16 -6 18 19 -18 21 -21 -20 -22 25 -3 27 28 -27 -30
right_child=-2 2 3 -5 6 -7 -8 -9 9 10 -12 -13 -14 -15 -16 -17 17 -19 22 20 23 -23 -24 -25 -26 26 -28 -29 29 -31
leaf_value=-0.050194999831908942 -0.031842704168171268 0.026128344965201208 0.063218239852746855 -0.0069776015875910105 -0.031309015564080861 -0.012985060651150959 0.025518810671203557 0.067278397838605009 -0.030134610220485577 0.035516285724336218 -0.019146251673522435 0.072259428301286149 0.071866751105195512 -0.028517424879154474 0.0030653158551652241 -0.042154194199778415 -0.015291051158164676 0.034339421833949772 -0.0015603215731912357 -0.041707269419307649 0.00022398081858246736 0.032304863293724326 -0.042831194400390765 0.059700599314658653 -0.0055384525781957527 0.054895991105708891 2.1887596379463174e-05 0.10542321333001572 0.019106067231645756 -0.021029278789848459
leaf_weight=6.5863062089774749 37.763308336958289 28.904719517333433 12.14494237676263 79.249714037403464 14.030403420329092 20.312411271035671 29.745248138904572 8.2398662120103818 12.011327343061565 26.672863287851214 15.303390631452201 9.3300487920641881 9.1915507167577726 8.6817215103656036 18.143598888069391 8.6937525384128076 19.308511342853308 18.0591931194067 30.272706027142704 7.6483572907745865 6.3255058377981213 9.5496089756488782 14.331227066926656 15.187500001862643 426.62879864266142 7.9940588586032382 1760.5944144402165 4.5335760302841654 30.853805407881737 19.838562989607453
leaf_count=1710 5486 182 84 408 61 93 151 37 85 190 106 47 46 107 83 43 127 82 199 70 27 44 116 102 7148 78 10880 39 396 228
internal_value=0.000162821 0.000614079 0.00073933 0.00625669 0.00960557 0.0178069 0.00297293 0.0230313 0.0197609 0.00541535 0.0155878 0.033232 0.0256715 0.0147758 0.0271851 -0.0017035 0.000906997 0.00465239 -0.000571797 0.0103824 0.0231879 -0.000610147 -0.0148206 0.0422126 -0.000210589 0.00101627 0.000618279 0.017227 0.0104138 0.00339902
internal_weight=2716.13 2678.37 2671.78 392.433 313.184 140.032 173.152 119.719 111.479 53.9876 41.9763 57.4919 48.1618 38.9703 30.2885 143.407 134.713 120.683 102.623 58.0195 38.711 17.198 44.6039 21.513 2279.35 1852.72 1823.81 63.22 58.6864 50.6924
internal_count=28455 22969 21259 2308 1900 878 1022 785 748 381 296 367 320 274 167 871 828 767 685 370 243 114 315 129 18951 11803 11621 741 702 624
is_linear=0
shrinkage=0.05


Tree=76
num_leaves=31
num_cat=0
split_feature=0 0 10 34 39 20 26 10 6 26 33 21 4 2 18 0 19 19 34 29 29 19 15 22 16 39 6 28 15 14
split_gain=14.2651 7.65383 6.17426 12.8429 18.6475 21.041 8.50425 8.59012 6.46004 6.21433 7.29871 5.0766 5.62878 5.53978 6.02349 7.48801 8.22131 8.89481 7.60912 7.28821 11.0388 10.694 10.6259 9.37758 11.5229 9.62695 7.93838 6.77839 6.71033 8.23292
threshold=0.99400000029700009 0.001000389047293513 0.95684092033218926 0.81574371538883539 0.97825597562990263 0.42791271473274572 -0.20909337868913511 0.96892633737201106 -0.0025036131605703027 6.7819633098052075 8.9628587962962971 1.3966039884272494 -1.4663370671367595 7.0409480098890315e-08 0.023179887432818371 0.4900000011451317 -6.562168205037632 4.9890312871990483 -0.5249586303586754 0.99999998916396782 0.9723728114787823 -0.62979350830994696 0.20086615686469322 156.52550000000005 0.10710164392972001 1.0000000180025095e-35 0.23786574921475959 0.012637231839877265 0.024619752401047097 0.036949318060917398
decision_type=2 2 2 2 2 2 2 2 2 2 2 2 2 2 2 2 2 2 2 2 2 2 2 2 2 2 2 2 2 2
left_child=1 -1 11 4 6 -6 7 -4 -9 -5 -11 12 -3 14 -14 18 -17 -18 -16 20 27 22 26 24 -21 -25 -22 -20 -27 -30
right_child=-2 2 3 9 5 -7 -8 8 -10 10 -12 -13 13 -15 15 16 17 -19 19 23 21 -23 -24 25 -26 28 -28 -29 29 -31
leaf_value=-0.050185196971812479 -0.032468009794191684 0.015524709128917295 -0.024147751266414559 -0.02357535327058187 0.32296333336204708 0.038163739126302249 -0.031115650457360939 0.038503023714166251 0.20771475873544365 0.17190159127995899 -0.01327897942632722 -0.022541670257448937 0.0061337022481138814 0.0066323894902567118 0.029067502121027319 0.042243731465494851 -0.013906897210644021 0.021565429604005738 -0.023008792246856317 0.053916117025592382 0.0015984057547937984 -0.022070524213058967 -0.036850148412414858 0.039602317193744734 0.0067082778523117536 -0.035981717525711908 0.048788029694324143 0.0010034619180181361 0.023563142528404184 -0.0059264413822565044
leaf_weight=7.4113173815421751 33.10457776626572 68.083612557500601 1.6911568902432912 69.587265011388808 1.0614228830672794 1.6671497225761411 6.834583956282585 1.1048104553483429 1.1523753320798276 0.89335763035342042 1.3158489274792371 22.447073616087437 334.81587200984359 366.41665006056428 22.349038906395435 7.4824439492076626 215.35875027813017 19.252330381423235 30.215691801160574 22.284769661724567 73.290391627699137 118.95845948904753 16.256587572395802 15.438443362712858 30.780589960515499 13.165151435881851 10.14579653739929 1075.6286178417504 31.700953058898449 93.398200400173664
leaf_count=2024 4451 366 32 4123 42 87 259 39 66 44 81 121 3112 1871 116 80 1919 122 298 114 494 701 105 85 158 75 65 6792 170 443
internal_value=0.00015305 0.000555972 0.000696672 -0.0125383 0.0321821 0.148952 0.00263414 0.0610551 0.124892 -0.0209543 0.0616042 0.00113303 0.00134021 0.000953441 -2.32497e-05 -0.00117124 -0.00935052 -0.010996 0.000103311 -0.000319426 -0.00168235 -0.0119478 0.000131239 0.00841107 0.0265332 0.00215447 0.00733664 0.00034736 -0.00202691 0.00154641
internal_weight=2713.29 2680.19 2672.78 85.308 13.5115 2.72857 10.7829 3.94834 2.25719 71.7965 2.20921 2587.47 2565.02 2496.94 2130.52 1795.71 242.094 234.611 1553.61 1531.26 1324.5 218.651 99.6928 206.768 53.0654 153.703 83.4362 1105.84 138.264 125.099
internal_count=28455 24004 21980 4773 525 129 396 137 105 4248 125 17207 17086 16720 14849 11737 2121 2041 9616 9500 8455 1365 664 1045 272 773 559 7090 688 613
is_linear=0
shrinkage=0.05


Tree=77
num_leaves=31
num_cat=0
split_feature=8 0 32 19 6 26 25 5 28 22 27 31 11 28 39 32 19 3 33 31 26 22 8 8 16 33 27 20 6 25
split_gain=13.7727 7.27749 5.02669 6.55008 6.80676 7.6126 7.42042 8.13358 6.39485 6.17863 9.80812 6.14488 5.87446 5.68365 6.92648 9.62382 6.30526 6.69394 6.10041 5.76398 6.46947 5.54405 6.34359 11.1679 11.8584 5.55656 9.01758 5.50883 5.15337 12.5185
threshold=0.99134998253987627 0.001000389047293513 0.0019743281741990515 -8.3469826600743904 0.48064394642286273 0.069123418850247573 0.062801461580399051 0.62691849597700722 0.99333752363000138 302.1627855000001 0.99173246638181445 298.50000000000006 0.2334744477957946 0.6792123249750881 0.12820513119312854 0.033333271644259199 -2.482018266145896 -0.080042707673536426 5.4784259259259267 59.500000000000007 -0.14261988504897002 324.84500000000008 0.94999627577988499 0.92399999813997979 0.017882847017395721 1.5006134259259263 0.78359172299704205 -1.4330863238339899 0.034289066917004098 0.040693388712530233
decision_type=2 2 2 2 2 2 2 2 2 2 2 2 2 2 2 2 2 2 2 2 2 2 2 2 2 2 2 2 2 2
left_child=1 -1 11 -4 8 6 7 -6 9 10 13 28 -11 16 18 19 17 -5 -15 20 -16 -14 23 -23 -25 26 -24 -18 -3 -30
right_child=-2 2 3 4 5 -7 -8 -9 -10 12 -12 -13 21 14 15 -17 27 -19 -20 -21 -22 22 25 24 -26 -27 -28 -29 29 -31
leaf_value=-0.050176131546938889 -0.030727760047443736 -0.0027653895029365896 -0.026884083819225652 0.028526428158545159 -0.031927025246079696 0.0040127750757227663 -0.052215782707272076 0.020842741390035828 -0.019489012705651079 0.024090440584245101 0.053009598689410554 -0.042549703137239769 -0.03499487462641148 0.03573363404099697 0.046642982039552743 -0.045371780468369365 0.010654173189272637 -0.03292499129588157 -0.0025148925703714154 -0.02590180074880637 -0.0046759157722640497 0.0033192227180138438 -0.052938466672855677 0.10720671714027359 0.0073372075541528088 -0.053280141392277061 0.091499229310238905 0.042895707156050254 0.0067888350432108342 -0.0095990744438634295
leaf_weight=7.0511045921593896 35.657418455928564 1094.4842234472744 17.211462043225765 8.3004501163959521 16.781265078112487 58.590296795591712 14.886014446616171 12.927342012524603 24.229330586269498 34.78181104362011 15.297321459278463 8.8074027705006284 9.4807669352740032 22.358268231153488 10.673922970890995 13.699441418051718 22.148659544996917 9.5076747424900514 19.53184050321579 11.281453452073036 14.46172585897148 528.38585028797388 2.2713948087766758 5.3827338553965074 6.6376998275518417 8.8892233832739276 2.0612404877319932 32.970031570643187 488.40298908110708 153.04871508013457
leaf_count=2024 5486 11167 84 47 86 310 81 65 151 174 91 86 49 101 65 65 114 58 104 73 95 2561 57 50 56 207 49 172 3622 1105
internal_value=0.000141644 0.000553199 0.000687295 0.00367188 0.00425266 -0.00783554 -0.0234024 -0.0089649 0.00580724 0.00659492 0.0147099 -0.000891172 0.0041487 0.0111577 0.0028942 -0.00964824 0.0215832 -0.0042822 0.0178997 0.0037903 0.0171168 0.00291695 0.00356618 0.00440335 0.0520586 -0.0306509 0.0157774 0.0299399 -0.000679814 0.00287872
internal_weight=2710.2 2674.54 2667.49 922.747 905.536 103.185 44.5946 29.7086 802.351 778.122 180.231 1744.74 597.891 164.933 92.0067 50.1165 72.9268 17.8081 41.8901 36.4171 25.1356 563.109 553.628 540.406 12.0204 13.2219 4.33264 55.1187 1735.94 641.452
internal_count=28455 22969 20945 4965 4881 542 232 151 4339 4188 985 15980 3203 894 503 298 391 105 205 233 160 3029 2980 2667 106 313 106 286 15894 4727
is_linear=0
shrinkage=0.05


Tree=78
num_leaves=31
num_cat=0
split_feature=0 0 10 34 39 11 26 10 9 26 33 39 6 37 25 16 28 39 27 6 39 28 21 4 27 33 18 27 27 5
split_gain=12.5573 6.90607 5.39824 11.5143 14.1756 13.5665 7.4335 6.69189 5.97742 5.54663 6.58924 4.71828 7.07459 13.4474 12.6829 14.3337 9.3594 6.83541 6.73863 6.12783 14.5867 22.2507 4.61909 4.94172 5.28179 6.29963 5.61755 4.98252 4.07359 3.82689
threshold=0.99400000029700009 0.001000389047293513 0.95684092033218926 0.81574371538883539 0.97825597562990263 1.0009426156737304 -0.20909337868913511 0.96892633737201106 0.98197615563263529 6.7819633098052075 8.2278240740740767 0.80259782903850885 0.0010074873373766417 0.0040314192098146922 0.01192227823154888 0.0043282638395521775 0.77908910279170329 0.93548740312313627 1.0000000180025095e-35 -2.1997442443418168e-08 0.94736842114230935 0.94655658744354432 1.3966039884272494 -1.4663370671367595 0.91172657436399251 1.2160821759259262 0.92307685007685014 0.63160909683662769 0.99999876055511272 -2.4421788509187436
decision_type=2 2 2 2 2 2 2 2 2 2 2 2 2 2 2 2 2 2 2 2 2 2 2 2 2 2 2 2 2 2
left_child=1 -1 22 4 6 -6 7 -4 -9 11 -11 -5 13 18 15 16 -15 -16 -13 -20 -21 -22 23 24 25 27 -27 -3 -8 -25
right_child=-2 2 3 9 5 -7 28 8 -10 10 -12 12 -14 14 17 -17 -18 -19 19 20 21 -23 -24 29 -26 26 -28 -29 -30 -31
leaf_value=-0.050167511054680904 -0.031375610887804467 0.052796435167059612 -0.023307962907157295 -0.051982620663992597 0.24426216308966631 0.033009629604320495 -0.053244066143728556 0.18280076747101376 0.028689967567619275 0.15635293872085917 -0.014674949979576621 0.10537029396004234 -0.032377680201827644 0.098618800041831059 0.069668222937214183 0.010057726014545694 0.3096212492357806 -0.052588481495979326 -0.0469215215321519 -0.051113743995984395 -0.050796796353591391 0.40119968593534827 -0.021569498341311777 -0.020410839453682245 0.042429128193500254 0.018136617022522835 -0.025177022408989065 0.0064710730817788085 0.036787587255997817 0.0010479112266915287
leaf_weight=6.7083416525274506 31.257151927798986 10.452701814472677 1.6497372370213259 11.447484402451662 1.3346612453460687 1.7650184510275719 4.9299741690047076 1.2668538037687542 1.250051845796406 0.95817455137148444 1.3661140929907558 0.95892427070066943 31.659178803209215 0.99935087421908875 2.0118050430901349 1.5709897456690667 1.1084960051812229 2.6483270223252475 12.244910909328611 1.8839490395039278 0.53616838390007593 0.55321153206750751 22.409208666533232 20.95258692279458 13.578062638640402 12.756380621343853 18.117789722979069 13.05206338316202 1.6860934491269288 2475.1662255264819
leaf_count=2024 4451 53 32 558 48 81 178 25 80 41 84 57 2020 53 54 35 60 114 921 144 48 59 121 125 79 78 92 64 81 16595
internal_value=0.000132532 0.000500424 0.000627711 -0.0118597 0.0297354 0.123971 0.00264583 0.0549588 0.10626 -0.0201151 0.0558303 -0.0227254 -0.0167633 0.00340045 0.0549776 0.124379 0.209583 0.000190421 -0.0231864 -0.031287 0.0330999 0.178737 0.00103243 0.00122997 0.0145333 0.00756785 -0.00728099 0.0270722 -0.0302997 0.000867785
internal_weight=2708.28 2677.02 2670.31 83.8295 13.8824 3.09968 10.7827 4.16664 2.51691 69.9471 2.32429 67.6228 56.1753 24.5161 8.33897 3.67884 2.10785 4.66013 16.1772 15.2182 2.97333 1.08938 2586.49 2564.08 67.957 54.3789 30.8742 23.5048 6.61607 2496.12
internal_count=28455 24004 21980 4773 525 129 396 137 105 4248 125 4123 3565 1545 316 148 113 168 1229 1172 251 107 17207 17086 366 287 170 117 259 16720
is_linear=0
shrinkage=0.05


Tree=79
num_leaves=31
num_cat=0
split_feature=8 0 24 31 33 6 3 27 24 36 21 39 13 12 24 11 18 13 12 0 10 31 0 33 8 39 9 26 21 33
split_gain=12.0874 6.56219 4.38375 7.09227 10.0833 18.3509 7.16873 6.52787 6.55276 6.50522 8.49615 7.62257 9.9419 6.16927 9.88809 6.61843 8.32211 6.38129 6.48342 5.55704 11.3713 10.2005 6.58436 5.84633 8.42185 5.27522 6.55754 6.73055 5.11429 5.50563
threshold=0.99239380631796503 0.001000389047293513 210.41205400000004 10.500000000000002 6.2148206018518524 0.81464847220641989 -9.0600859422528605e-08 0.60522696069229698 150.74810700000003 0.012039859436321127 -0.019052137924356154 0.056069178399907486 0.94501278902903296 0.99961998585748968 15.001312500000001 0.99780452433259548 0.004037322849014144 1.1402658402220085 1.3788633665325427 0.11000000004450002 0.27154707455456545 9.5000000000000018 0.074066323675068033 5.6556944444444452 0.048698816586233463 0.0013012367251842222 0.0061333333333333353 -0.13608275737684339 0.39472313751269944 7.9672685185185195
decision_type=2 2 2 2 2 2 2 2 2 2 2 2 2 2 2 2 2 2 2 2 2 2 2 2 2 2 2 2 2 2
left_child=1 -1 3 4 5 19 -5 8 -8 10 -6 12 -12 14 -13 -16 -17 18 -15 22 -21 -22 23 24 25 -3 -27 -28 29 -11
right_child=-2 2 -4 6 9 -7 7 -9 -10 28 11 13 -14 17 15 16 -18 -19 -20 20 21 -23 -24 -25 -26 26 27 -29 -30 -31
leaf_value=-0.050159315287971198 -0.030944786321607104 -0.056013663282957427 0.0014475203176728133 0.021364445768716059 -0.040686453314862404 0.098671818935563829 -0.023783907236221626 -0.044025232920351515 0.044519247516624991 -0.035074548824642261 -0.0059660922090303027 0.16228464012345722 0.075224812025249915 -0.014544026345251324 -0.039765456305069391 -0.025731762899034501 0.12256649193491931 0.028038442787232512 0.063607013844281746 0.079865660965773411 -0.00095214327240121857 0.09822379586038793 -0.046268305858899968 0.036442270849291206 0.052919192003671491 0.034193648333264 0.0069554539507720578 -0.039790093170374796 0.038507835722152925 -0.010805613130219766
leaf_weight=6.3821883525233707 30.953594514168799 5.7480406984686843 2273.3391762063839 8.3938118489459139 10.86826312355697 5.6324693262577048 12.914975683670493 27.83414976624772 4.8226301115937522 32.272499907761812 6.8940745256841174 1.3961952803656439 8.3217299133539182 59.783759153913707 2.9767600502818823 1.6478451294824483 2.2212132201530039 12.513832092285154 2.7771188765764228 6.8493185117840758 27.23909409111366 2.865413849707692 7.5805429071187964 10.843374866992233 5.7628905698657027 8.4850108250975591 16.07341784238815 14.782004792243248 4.2229502722620955 84.709364105947316
leaf_count=2024 5096 68 16006 99 98 33 127 345 56 367 82 61 93 1186 109 63 70 94 18 44 630 52 51 90 46 72 134 124 49 1068
internal_value=0.000121068 0.00048039 0.000601446 -0.00425036 -0.00159559 0.0107229 -0.0210976 -0.0289186 -0.00521315 -0.007571 0.00126825 0.00589591 0.0384383 -4.71788e-05 0.0410158 0.0162832 0.0594058 -0.00455525 -0.0110748 0.00605966 0.0217174 0.00848764 -0.00229272 0.00311064 -0.00399689 -0.0112715 -0.00473421 -0.0154391 -0.0155494 -0.0175008
internal_weight=2707.11 2676.15 2669.77 396.433 342.467 111.862 53.9656 45.5718 17.7376 230.606 109.401 98.5325 15.2158 83.3167 8.24201 6.84582 3.86906 75.0747 62.5609 106.229 36.9538 30.1045 69.2753 61.6947 50.8514 45.0885 39.3404 30.8554 121.205 116.982
internal_count=28455 23359 21335 5329 4702 1344 627 528 183 3358 1874 1776 175 1601 303 242 133 1298 1204 1311 726 682 585 534 444 398 330 258 1484 1435
is_linear=0
shrinkage=0.05


Tree=80
num_leaves=31
num_cat=0
split_feature=0 10 27 23 33 23 6 0 9 38 6 36 21 23 16 18 28 23 35 16 33 20 12 13 27 17 30 6 14 20
split_gain=13.1791 8.09166 8.54247 7.18463 5.84797 8.98078 10.2776 8.70929 7.60604 7.59282 8.63967 7.88894 7.25817 10.7375 8.8479 7.96112 7.41911 10.5571 12.5795 9.60899 12.1867 8.52387 8.48671 11.0244 10.0584 8.17895 7.11355 8.18793 7.80517 8.46985
threshold=0.99400000029700009 0.0013187333374796147 0.96439197468127291 7901.3826330000002 8.187754629629632 1.0025000000000002 0.48064394642286273 0.0029985500000000004 0.0038898120158206285 0.042362546629532614 1.4459167837819085 0.78714835367785285 -0.013245248223705739 130.05000000000004 0.034725650140548701 0.019185814629875193 0.83334490772891845 2551.6251350000007 0.2380951420805669 0.0082312644940952494 11.727418981481483 4.9234055620176349 1.1720394338853219 1.1208380332436587 0.56062891786670155 0.1445905028345493 9.5000000000000018 -0.65904260551708538 0.057240327888391736 1.2427791346132653
decision_type=2 2 2 2 2 2 2 2 2 2 2 2 2 2 2 2 2 2 2 2 2 2 2 2 2 2 2 2 2 2
left_child=1 2 3 -1 5 6 8 -6 -3 -9 11 12 13 -11 -15 -16 17 18 21 20 -18 22 23 24 -14 -26 27 -17 29 -29
right_child=-2 4 -4 -5 7 -7 -8 9 -10 10 -12 -13 16 14 15 26 19 -19 -20 -21 -22 -23 -24 -25 25 -27 -28 28 -30 -31
leaf_value=-0.025585157166917023 -0.033832211200469468 -0.032123850450438661 -0.064723349315684256 0.074823295070029175 -0.031366980758483341 0.00063643372847902282 0.059813561368144946 -0.009806111579655245 0.015261876879391657 -0.033408374642691682 -0.030489512587837882 -0.031693023349600849 0.0028585314627221537 -0.024019461158902175 0.043423986482932581 0.030712016413969923 0.11870587023225219 0.031653315682233202 -0.020570164561796847 -0.0032710881866025751 -0.0063442030816971695 -0.010028603292394418 -0.027066349277072022 0.080813453150348699 0.052288696635565193 0.012576952329131039 0.036474863445622611 0.018097136737494874 -0.032458001417227336 -0.023696150497816371
leaf_weight=6.2882466178853083 29.89391056727618 9.4800896455999446 10.008381419116629 2.485861943801865 26.92079469258897 1592.6941115488298 11.830890282988547 258.83042716421187 79.356791694182903 30.408769860863686 22.095681227743626 17.631969723850489 53.791418625041842 32.095893703401089 12.447638399899004 14.484438188374041 3.7204411700367919 51.351522357203066 35.873063858598471 207.65141676552594 4.0903013618662953 33.67535631544888 9.4849923774600011 7.4845149740576735 27.679796955548227 24.391129460185766 12.495422117412089 30.020199440419674 26.13208669424057 20.334154643118382
leaf_count=445 4471 128 610 76 415 12190 72 4668 1070 221 140 115 377 199 64 71 58 245 228 1384 75 255 59 49 165 139 56 146 118 102
internal_value=-0.000817479 -0.000448562 -0.0331512 0.00286235 -0.000217338 0.00155188 0.0160354 -0.00332807 0.0102052 -0.00252178 0.000261769 0.00129874 0.00221107 -0.00634715 -0.000787392 0.00564543 0.00553634 0.0115119 0.00613558 -0.00122322 0.0532201 0.0122568 0.0183665 0.0221684 0.0180222 0.0336869 0.00110044 -0.00375846 -0.0102862 0.00122012
internal_weight=2705.13 2675.24 18.7825 8.77411 2656.45 1693.36 100.668 963.091 88.8369 936.171 677.34 655.245 637.613 178.419 148.01 115.914 459.194 243.732 192.38 215.462 7.81074 156.507 122.832 113.347 105.862 52.0709 103.466 90.9709 76.4864 50.3544
internal_count=28411 23940 1131 521 22809 13460 1270 9349 1198 8934 4266 4126 4011 977 756 557 3034 1517 1272 1517 133 1044 789 730 681 304 493 437 366 248
is_linear=0
shrinkage=0.05


Tree=81
num_leaves=31
num_cat=0
split_feature=1 10 27 5 34 2 9 6 12 31 16 1 31 13 13 16 14 16 24 18 5 34 29 20 23 7 34 26 10 18
split_gain=12.3288 7.43885 7.96218 6.85501 5.30724 9.88741 7.86763 8.23997 7.82899 8.64998 11.1773 7.76472 7.79968 8.23964 10.2148 11.8326 9.80105 7.14883 8.36881 12.7257 10.4064 9.32802 8.67236 7.37076 7.08398 6.89596 7.08354 6.61804 6.51858 6.17284
threshold=-0.0060180720267702841 0.0013187333374796147 0.96439197468127291 0.11145097533031494 2.1537036640321259 -0.27115400825142927 0.947516666659592 1.4459167837819085 0.99946300009198075 36.500000000000007 0.00052101422109469624 -5.8096265574091293 11.500000000000002 0.89399458420341837 0.77721233706591508 0.10710164392972001 0.16218604323765365 0.023339559571009937 11635.127891500002 0.1429391609529638 0.20723988551917427 2.5766202098544801 0.017423476548766418 -6.6022752451179167 1230.0967950000002 0.0018000000001500002 2.4030843246518088 -0.20615768123121658 0.11685812622498658 0.22486362710526656
decision_type=2 2 2 2 2 2 2 2 2 2 2 2 2 2 2 2 2 2 2 2 2 2 2 2 2 2 2 2 2 2
left_child=1 2 3 -1 -3 -6 7 11 9 10 -8 25 -13 14 15 -14 27 23 19 -19 22 24 -20 -15 29 26 -7 -17 -16 -21
right_child=-2 4 -4 -5 5 6 8 -9 -10 -11 -12 12 13 17 28 16 -18 18 20 21 -22 -23 -24 -25 -26 -27 -28 -29 -30 -31
leaf_value=-0.061418846182434178 -0.033251215194266756 0.0013595689051473054 -0.063031571479191043 0.033462816721342888 -0.045372146404509262 0.084812667604468442 0.15113147533670845 -0.032327795745114671 -0.041409916718109022 0.10261556149772195 -0.023426890797982602 -0.006291199137919372 0.04122296966076619 0.042475047903404901 -0.012209192592152883 -0.0018519248554790904 0.02786970077187554 0.023788564112670128 0.081204067428270632 -0.011004310495905695 0.00033944675118435352 -0.028188417770849135 0.026432400006406665 -0.010838705025271593 -0.01405550215370778 -0.042852509234539565 -0.038565491060064579 -0.050240512821868581 -0.05004879510982399 0.02006911175547707
leaf_weight=2.8149017880205083 28.920330640394241 1778.7459908726159 9.7692808629944903 5.8803191035985947 13.807073307922108 2.4057376682758358 0.99109961185604234 21.340141072869301 25.139386198017746 1.9413005877286185 12.275587939191608 301.11527875065804 18.381802886724472 7.167166829109191 49.982266005128622 15.788889594376085 13.747880406677721 79.601714067161083 12.163778692483904 21.138531483709812 17.734372220933437 26.008201505988836 17.807437472045422 67.911053700372577 35.398055523633957 18.667057628044859 2.2527245557866991 12.790348630398514 14.737366415560244 65.525970906019211
leaf_count=493 4471 14217 610 28 108 48 98 140 1532 81 553 2867 114 57 290 96 65 415 61 120 80 190 85 541 170 247 60 80 71 423
internal_value=-0.000780492 -0.000429182 -0.0320555 0.0027468 -0.000209197 -0.00339528 -0.00272293 -0.00166442 -0.0242793 0.00403835 -0.0103864 -0.000846797 6.50836e-06 0.00399137 -0.00700608 0.00772651 -0.00682031 0.00792737 0.0116561 0.00766617 0.0306979 -0.00100111 0.0486614 -0.00574923 0.00479177 -0.0292714 0.0251498 -0.0235077 -0.0208257 0.0124899
internal_weight=2701.95 2673.03 18.4645 8.69522 2654.57 875.82 862.013 821.666 40.3474 15.208 13.2667 800.326 777 475.885 125.429 60.7089 42.3271 350.456 275.378 227.672 47.7056 148.071 29.9712 75.0782 122.063 23.3255 4.65846 28.5792 64.7196 86.6645
internal_count=28411 23940 1131 521 22809 8592 8484 6220 2264 732 651 6080 5725 2858 716 355 241 2142 1544 1318 226 903 146 598 713 355 108 176 361 543
is_linear=0
shrinkage=0.05


Tree=82
num_leaves=31
num_cat=0
split_feature=9 34 2 0 6 0 31 4 4 27 15 15 13 13 16 15 14 38 37 16 20 35 0 34 24 16 6 4 31 25
split_gain=11.5588 4.51388 9.45818 7.78435 7.28108 7.58356 7.75906 7.76149 10.9281 8.33917 7.91075 8.87895 8.64766 7.79363 11.7282 8.73293 6.94668 6.93456 7.46409 6.05874 8.63924 7.48579 10.3101 7.09851 6.67733 7.46462 8.11332 9.3858 6.05857 5.52036
threshold=0.9950969824686523 2.1537036640321259 -0.27115400825142927 0.98200000233383944 1.4459167837819085 0.0029985500000000004 11.500000000000002 -0.39529403392990436 -0.20067069546215113 0.54156154202096152 0.21471214629909938 0.25868626139059109 0.89399458420341837 0.7833796202636748 0.10710164392972001 0.052922295501891724 0.018389208603736797 0.66666666551965104 0.081580923498472638 0.023339559571009937 -7.6807036083334834 0.028571552990888285 0.67000000485294142 2.6048623918478837 11635.127891500002 0.075310396178840236 -0.021506205220963557 -0.064359401767439026 68.500000000000014 0.058672432346390947
decision_type=2 2 2 2 2 2 2 2 2 2 2 2 2 2 2 2 2 2 2 2 2 2 2 2 2 2 2 2 2 2
left_child=1 -1 -3 4 5 28 -7 17 9 -9 12 -12 13 14 -10 -15 -11 18 -8 20 -14 22 -21 -22 25 26 27 -23 -4 -28
right_child=-2 2 3 -5 -6 6 7 8 10 16 11 -13 19 15 -16 -17 -18 -19 -20 21 23 24 -24 -25 -26 -27 29 -29 -30 -31
leaf_value=0.00095099175128956115 -0.041569919838495631 -0.044655739241842449 -0.0023489907790010963 -0.038005674196444454 -0.031190058199559469 -0.006607852534672401 -0.022618862681764874 -0.0043907960662494345 0.039373417261159581 0.008042943125877491 0.05907584313593426 0.0067382411782347957 0.049924820929088141 0.0015289088917460111 -0.020240620013934094 -0.048935926809730759 0.061344464900035769 -0.053322976367917274 0.024198152011800481 0.012985273740912337 -0.015768195273219661 -3.1181552319297237e-05 0.06080748426660814 0.038037490746821376 0.028156874275558786 -0.019930810436330312 -0.027609424004493316 0.062501958462673299 -0.050055698124427096 0.022634765524591482
leaf_weight=1801.1408195160329 17.227774866856635 13.688220414565874 12.572414427530022 15.392975369933991 21.020918689668179 317.01125289034098 24.009317047894001 12.256669718772171 13.225569617003201 8.8421424515545386 12.686786174774168 22.431150510907173 6.2509637344628564 13.438007134944199 21.931903772056103 23.678539261221886 19.803094632923603 9.7849558740854246 13.190934814512728 82.128751210868359 71.548799980897456 12.86689203977585 13.063211426138876 6.70424317754805 18.19494317471981 43.964333511888981 17.035915181040767 11.244466200470923 14.139765500789506 8.0501207262277585
leaf_count=15769 3280 112 595 1609 140 3486 219 74 77 65 58 109 62 81 132 116 101 55 62 424 797 82 67 87 86 237 103 64 212 50
internal_value=-0.00074541 -0.000483106 -0.00341782 -0.00276636 -0.002129 -0.00139304 -0.000521558 0.00344574 0.00551138 0.0301235 0.00298484 0.0256458 0.000794503 -0.0146853 0.00218504 -0.0306652 0.0448915 -0.0158695 -0.00601789 0.00463844 -0.00663998 0.00925271 0.0195479 -0.0111585 0.000451959 -0.00495895 0.00842038 0.0291315 -0.027602 -0.011486
internal_weight=2698.53 2681.3 880.157 866.469 851.076 830.055 803.343 486.332 439.347 40.9019 398.445 35.1179 363.327 72.274 35.1575 37.1165 28.6452 46.9852 37.2003 291.053 84.504 206.549 95.192 78.253 111.357 93.1617 49.1974 24.1114 26.7122 25.086
internal_count=28411 25131 9362 9250 7641 7501 6694 3208 2872 240 2632 167 2465 406 209 197 166 336 281 2059 946 1113 491 884 622 536 299 146 807 153
is_linear=0
shrinkage=0.05


Tree=83
num_leaves=31
num_cat=0
split_feature=8 10 26 24 24 27 38 10 27 23 8 33 35 35 28 25 21 28 26 0 35 37 35 12 11 25 24 39 9 24
split_gain=12.2751 7.07511 11.1047 12.9298 22.6747 15.9079 6.94882 6.729 7.45905 6.37709 5.47535 7.37885 6.79879 12.467 10.9544 8.22119 7.39429 6.83099 8.67229 6.65745 6.54132 8.39169 7.02128 6.42188 10.0992 7.58141 5.76655 14.8713 8.44843 5.87968
threshold=0.99239380631796503 0.99071974129492646 -0.16178501870813247 1626.7531785000003 604.96766750000018 0.53663958958737867 0.019397656917721145 0.0013187333374796147 0.96439197468127291 7901.3826330000002 0.53324035313199047 0.51706018518518526 0.14285714392857149 0.11371473354231974 0.97901056666226005 0.91629879401887881 0.25131442828090617 0.63744881640630491 -0.27091870186658867 0.0030000000003750004 0.16666666833333335 0.32362845304521387 0.17647059811764712 0.84305645846258404 0.86881671055418297 0.25693748997182392 62.215336500000006 0.0033783780892156423 0.040181063212207026 412.50050200000004
decision_type=2 2 2 2 2 2 2 2 2 2 2 2 2 2 2 2 2 2 2 2 2 2 2 2 2 2 2 2 2 2
left_child=1 7 6 4 5 -4 -3 8 9 -1 11 19 13 15 17 16 23 -15 -19 -9 21 -14 -22 25 -25 -13 27 -24 -29 -28
right_child=-2 2 3 -5 -6 -7 -8 10 -10 -11 -12 12 20 14 -16 -17 -18 18 -20 -21 22 -23 26 24 -26 -27 29 28 -30 -31
leaf_value=-0.024099814620736182 -0.03393861314064428 -0.050507466508051019 0.26442564918424505 -0.011898893619550642 0.50802477995680329 -0.050590400275396345 0.15830823579359291 -0.017225307143946735 -0.061336115420053773 0.071710553547943298 -0.0045870881649938341 -0.0036978453087831071 -0.031172879527061104 0.010487886382736478 -0.022486494200324659 -0.043071911821189302 0.027394408112787386 0.0088560742054802754 0.063953686638582738 0.040433231797792533 0.030570519947916666 0.014306110380147367 -0.046017828160839463 0.043557226154822458 0.0026661960873303079 -0.038573848086939561 -0.015939040451394531 0.086215821027607081 0.0054981557932146635 -0.0013196113749586978
leaf_weight=6.1489183169323969 27.512185411527753 2.5001906631514434 0.79331618454307296 1.2313956087455151 0.44691861700266589 0.80990275135263801 0.47392452880740155 6.5804550021421191 9.5233198550995422 2.4203818435780704 578.04342760518193 118.32563153957017 39.259982392191887 19.785543791949749 10.277243949472902 9.9974308074451965 28.933837309479713 10.199766270816324 23.821413408964872 20.928695514798164 16.902176911011338 13.676400728523729 5.2224810360930887 15.405357096344231 761.0745287030004 17.945794874802232 74.762485528597608 7.9758755601942521 5.4615621194243431 858.81991222174838
leaf_count=445 5080 304 85 83 45 84 18 96 610 76 8301 942 250 106 61 71 133 50 120 120 91 59 65 118 4839 102 689 78 48 5242
internal_value=-0.000711494 -0.000368827 0.0527429 0.116163 0.193082 0.105288 -0.0172327 -0.000493662 -0.0308824 0.00296163 -0.000285667 0.000918196 0.000570964 0.00346795 0.0248144 0.00203053 0.00250936 0.033849 0.0474351 0.0266408 -0.00230812 -0.0194231 -0.00137327 0.00172051 0.00347747 -0.00829072 -0.00194027 0.0255815 0.0534086 -0.00249035
internal_weight=2695.26 2667.75 6.25565 3.28153 2.05014 1.60322 2.97412 2661.49 18.0926 8.5693 2643.4 2065.36 2037.85 1015.77 64.084 951.683 941.685 53.8067 34.0212 27.5092 1022.08 52.9364 969.144 912.751 776.48 136.271 952.242 18.6599 13.4374 933.582
internal_count=28411 23331 619 297 214 169 322 22712 1131 521 21581 13280 13064 6542 337 6205 6134 276 170 216 6522 309 6213 6001 4957 1044 6122 191 126 5931
is_linear=0
shrinkage=0.05


Tree=84
num_leaves=31
num_cat=0
split_feature=8 10 26 35 11 10 27 5 5 13 9 4 6 8 19 35 3 21 9 39 10 6 1 20 33 6 6 10 13 13
split_gain=11.489 6.91492 9.89367 12.5484 11.3144 6.19303 6.95661 6.17547 5.91139 8.25594 16.6746 5.4324 11.2791 4.87488 7.66706 7.15021 14.1438 7.4449 7.06834 6.84388 7.54045 6.4358 9.6017 11.8498 8.86625 11.4648 7.09668 8.93583 7.50431 7.00612
threshold=0.99134998253987627 0.99008494896022825 -0.16178501870813247 0.003357624786237471 0.99968013074817852 0.0013187333374796147 0.96439197468127291 0.11145097533031494 0.0072050775569725729 1.0018610265744805 0.99126666651165574 0.0010015028370895724 0.048986031187060915 0.53324035313199047 13.337587757587677 0.14285714392857149 -0.11778314510219355 0.25131442828090617 0.31112204758711354 0.23904738131631245 0.33842556351567571 0.1844218128137978 -5.1159955402121389 1.5267238845716196 10.314097222222225 1.0986122891681098 -1.0000000180025095e-35 0.15955300977352055 0.98733069784737204 1.1631776203284392
decision_type=2 2 2 2 2 2 2 2 2 2 2 2 2 2 2 2 2 2 2 2 2 2 2 2 2 2 2 2 2 2
left_child=1 5 -3 4 -4 6 7 -1 -2 10 -10 12 -11 14 15 16 -7 18 21 -20 -21 26 23 -23 -24 29 -18 -28 -29 -26
right_child=8 2 3 -5 -6 13 -8 -9 9 11 -12 -13 -14 -15 -16 -17 17 -19 19 20 -22 22 24 -25 25 -27 27 28 -30 -31
leaf_value=-0.059533127756305274 -0.042053515676134468 -0.016294774050576052 0.26653577994699623 -0.012728192442343951 0.020691997147705504 0.062208629936455241 -0.059766558414478289 0.03199004788051979 -0.050398659298734827 -0.050320770146488891 0.46316493726710617 -0.05043947706656389 0.2022629830016871 -0.0043389896175099361 -0.045310086341512505 -0.0018508086208750226 0.001531566152385107 0.026757944460142152 0.041324536301373255 0.043066518064785023 0.0019039304176604211 0.061884527061442242 0.0096132760957154395 0.0060334361736004887 -0.0082377883993538844 -0.045459456483113558 -0.016366997075351011 -0.017624570305875088 0.036100261295321484 0.037824842685865709
leaf_weight=2.7043271178845334 24.320699623320255 2.8711871467530727 1.4096672423183916 1.2964532962068913 0.70060486998409022 10.346689172089098 9.2907027450855804 5.7874355167150497 0.34435465140268107 1.0021162205375729 0.29214567318558693 2.7934450334869325 0.79073524754494418 573.73162849247456 8.9485454037785512 1036.9138633746188 424.87615821231157 33.135533221065998 20.071803063154221 13.325774595141409 67.392077066004276 16.90397784858942 181.82885278761387 21.673779733479023 43.643277872353792 18.169775165617466 129.91419674200006 10.670471400022508 16.629486098885536 10.180725142359732
leaf_count=493 4725 271 88 76 76 58 610 28 50 176 56 384 93 8005 51 6664 2998 154 105 68 383 113 1002 133 260 124 967 54 85 61
internal_value=-0.000680306 -0.000336217 0.0520773 0.109701 0.184916 -0.000460099 -0.0298682 0.00284314 -0.031689 0.0165746 0.185321 -0.00684445 0.061081 -0.000261889 0.000871082 0.00107211 0.00404711 0.00345036 0.00265847 0.0151966 0.00869949 0.00121338 0.0072654 0.0305062 0.00373309 -0.011118 -0.00182671 -0.0109026 0.0151014 0.000474886
internal_weight=2691.96 2662.42 6.27791 3.40673 2.11027 2656.14 17.7825 8.49176 29.5435 5.2228 0.6365 4.5863 1.79285 2638.36 2064.62 2055.68 1018.76 1008.42 975.28 100.79 80.7179 874.491 292.4 38.5778 253.823 71.9938 582.09 157.214 27.3 53.824
internal_count=28411 22927 511 240 164 22416 1131 521 5484 759 106 653 269 21285 13280 13229 6565 6507 6353 556 451 5797 1693 246 1447 445 4104 1106 139 321
is_linear=0
shrinkage=0.05


Tree=85
num_leaves=31
num_cat=0
split_feature=0 34 34 11 10 0 20 24 21 39 5 24 25 20 35 28 26 27 38 28 26 26 8 24 17 12 18 8 9 36
split_gain=11.0699 10.4448 5.96286 7.84251 7.40574 8.33161 10.8792 11.2548 8.86803 8.28815 11.0015 7.75579 7.01817 6.27633 6.13573 9.2482 11.1597 10.1087 8.44128 7.73345 9.63106 9.28885 8.09071 8.75956 9.43306 12.8354 19.3718 9.37536 7.15054 6.96162
threshold=0.99099999929166749 2.6374720789831674 2.3418976148062542 0.37035779976141392 0.012005803132893619 0.030000000064666674 1.6405035497836984 11452.022138500002 -0.18232155679395437 0.048242123555593923 -0.35667494393873228 1031.3783400000002 0.97206648495056469 13.543769446544228 1.0000000180025095e-35 0.78187573589818704 -0.25038649097439075 0.76445257118171461 1.4974183374034662 0.81355277236951906 -0.25217895108088056 -0.22741213701454016 0.0049983131692997885 22.384250000000005 0.01218892429007319 1.0136711912223206 0.0050785718023668583 0.29937587705395902 0.015583333333877776 0.0010282793955579425
decision_type=2 2 2 2 2 2 2 2 2 2 2 2 2 2 2 2 2 2 2 2 2 2 2 2 2 2 2 2 2 2
left_child=2 -2 12 -4 -5 6 7 9 -7 10 11 -6 13 14 15 16 18 19 -1 -17 28 -22 -23 -24 25 26 -25 -26 -21 -16
right_child=1 -3 3 4 5 8 -8 -9 -10 -11 -12 -13 -14 -15 29 17 -18 -19 -20 20 21 22 23 24 27 -27 -28 -29 -30 -31
leaf_value=0.03956920275596814 -0.028035947900076352 0.25663544514026276 -0.057916641112184912 -0.014366921212622251 -0.041509125194154839 -0.035000954375492457 0.044818978712843495 0.060231564692432883 -0.0018484403628941646 -0.020637533137396216 0.04615863125805153 0.015008848599984066 -0.035768509310549611 -0.021513887873620741 -0.030426244477406408 -0.033778636080867751 0.0079627043573206151 -0.0047869038389295841 -0.0090839957648265728 0.10082980372828361 -0.034482991644198401 -0.019041315472311304 -0.01784227822538571 0.046657901175785589 0.02773385269255027 0.033883020622445463 0.22346221927736165 -0.042108362289570489 0.025716959504478179 0.0011402680687546318
leaf_weight=54.174398567527533 39.637869649101049 0.32486007735133071 6.6129920836538068 116.14093763707206 10.003850933164356 21.557860814034939 20.567593902349472 8.0663542151451093 313.61897644074634 32.953943904489279 15.559013869613411 15.43649224936962 12.216484828852115 27.441724534146488 17.685145795345306 7.945664409780874 220.17082920973189 231.33518916531466 10.671155381947754 5.5167800574563426 9.7556103265378606 12.814391053514553 10.314069683663545 4.1193063831888166 19.187057614326481 22.538649741560221 2.483168019913137 6.4103099964559069 7.4435726990923285 1410.4572904428933
leaf_count=415 6112 21 82 1270 111 114 123 38 3382 268 111 95 139 319 228 60 1975 2168 54 49 116 288 143 90 133 136 52 74 71 10222
internal_value=0.0003979 -0.0257218 0.000791318 -0.00378872 -0.0031425 -0.000164601 0.0123036 0.00414994 -0.00398074 -0.00196709 0.0130396 -0.00721559 0.00201807 0.00223995 0.00255746 0.00668977 0.0133321 0.00111942 0.0315627 0.0137091 0.0174605 0.0115101 0.0172723 0.0244256 0.0323899 0.0518432 0.113153 0.0102434 0.0576899 0.00074937
internal_weight=2693.16 39.9627 2653.2 560.518 553.905 437.764 102.587 82.0197 335.177 73.9533 40.9994 25.4403 2092.68 2080.46 2053.02 624.88 285.016 339.864 64.8456 108.529 100.583 87.6226 77.867 65.0526 54.7385 29.1411 6.60247 25.5974 12.9604 1428.14
internal_count=28459 6133 22326 5594 5512 4242 746 623 3496 585 317 206 16732 16593 16274 5824 2444 3380 469 1212 1152 1032 916 628 485 278 142 207 120 10450
is_linear=0
shrinkage=0.05


Tree=86
num_leaves=31
num_cat=0
split_feature=0 33 33 17 33 15 14 4 33 2 6 18 38 38 38 10 13 20 11 18 27 15 5 33 12 24 24 38 30 11
split_gain=10.2538 7.7358 5.48983 7.10374 7.05934 13.8679 11.796 9.92298 6.44445 5.08674 4.97533 5.43986 5.22105 9.28176 8.41743 7.7375 7.14597 6.51385 6.16409 5.39971 8.0031 6.67971 8.73728 5.60663 4.92201 7.27207 4.79935 9.44947 9.78711 8.30471
threshold=0.99099999929166749 13.977824074074077 8.187754629629632 0.76131170512350776 7.9672685185185195 2.0989551300488335e-10 0.0064526440453003178 0.036302231352921273 7.9123842592592597 0.015160447418866319 1.329934323655882 0.1266324335652835 0.71535327271934424 0.80000000090000001 0.60000001360000133 0.0071722408473360805 1.1478619977452933 -3.7389365348365082 0.78976250300611184 0.66666666673333352 0.77059454240843273 0.025479582952356878 -0.64956300734758032 10.182789351851854 0.79280020580284238 3351.9198340000007 1340.7065425000003 1.3005372594308073 2.5000000000000004 1.1534114932864796
decision_type=2 2 2 2 2 2 2 2 2 2 2 2 2 2 2 2 2 2 2 2 2 2 2 2 2 2 2 2 2 2
left_child=2 9 4 10 8 -6 -7 -8 -1 -2 12 -12 14 -14 15 17 19 18 -4 -17 21 22 -21 -22 -23 -26 29 28 -28 -15
right_child=1 -3 3 -5 5 6 7 -9 -10 -11 11 -13 13 26 -16 16 -18 -19 -20 20 23 24 -24 -25 25 -27 27 -29 -30 -31
leaf_value=0.0021696261826994723 -0.029603409431399108 0.18980339874478169 -0.030243073025302471 -0.026732080486191957 0.088189564980563462 -0.025440533760600754 0.064694902832654624 -0.0028665483583672274 -0.038495641554725686 0.1215439890899212 -0.0077737041444438972 -0.05538358671624713 0.03895768273282503 0.013977404709210252 -0.02869613069854085 -0.0029755975263757641 0.030275414134409109 -0.033903982535946481 0.039799635915354424 -0.016273427131603638 0.063492706200120916 -0.038851980040024492 0.077162377298092388 0.015955147096984115 -0.026371293449875422 0.042520195396015488 0.017217454317880795 0.022941672926492976 -0.022872019083786266 -0.021162225454936054
leaf_weight=1651.6397726200521 38.0069047389552 0.41437507513910432 5.6910099706146848 28.845800338545814 6.7649611474480471 14.12882001372054 11.654949165647851 10.183429397642611 9.8004990729968977 0.56491894973441859 19.96163905411959 8.5779946222901327 19.387529395520687 27.310432460159063 30.465085130184889 521.60514572449028 18.499871000647545 31.998470244929194 7.0104996787849814 4.7909731790423393 9.7503341101109999 12.210971601307394 5.2369127832353097 17.04613371193409 8.8234462104737741 6.7695083171129218 27.465491186827421 59.412828102707863 34.158074494451284 43.747724652290344
leaf_count=12666 6099 21 92 299 93 148 74 50 82 13 129 59 104 189 172 5671 134 853 92 51 73 93 58 132 81 37 130 272 216 276
internal_value=0.000374655 -0.0250812 0.000748741 -0.0022996 0.00244585 0.0225118 0.0101587 0.0331904 0.00192975 -0.0273897 -0.00153347 -0.0220835 -0.000875513 0.00598573 -0.0030097 -0.00180474 -0.000320944 -0.0218786 0.00841646 -0.00128648 0.0123462 -0.0024619 0.032522 0.0332525 -0.0150794 0.00353718 0.00265797 0.00871351 -0.00500423 -0.00765669
internal_weight=2691.92 38.9862 2652.94 948.766 1704.17 42.7322 35.9672 21.8384 1661.44 38.5718 919.92 28.5396 891.38 211.482 679.898 649.433 604.733 44.7 12.7015 586.233 64.6283 37.8318 10.0279 26.7965 27.8039 15.593 192.095 121.036 61.6236 71.0582
internal_count=28459 6133 22326 9213 13113 365 272 124 12748 6112 8914 188 8726 1187 7539 7367 6330 1037 184 6196 525 320 109 205 211 118 1083 618 346 465
is_linear=0
shrinkage=0.05


Tree=87
num_leaves=31
num_cat=0
split_feature=10 6 39 4 16 19 0 33 6 11 25 0 9 38 10 10 20 37 31 36 24 11 36 17 24 29 0 12 20 38
split_gain=9.60698 10.8153 15.001 8.80941 8.46931 8.12597 5.63906 5.36129 7.85123 7.69004 5.90043 5.35207 5.37989 5.12506 5.00614 8.00145 6.3836 8.4017 6.37077 5.40141 5.56978 5.01552 7.50083 12.7673 11.1665 7.15417 10.1672 8.49846 7.83292 7.81524
threshold=0.95873438472939043 0.048986031187060915 0.99863600727131063 0.022656738462565749 0.0063984193544538324 -1.0000000180025095e-35 0.9899725007654786 10.400954861111114 1.0986122891681098 0.37035779976141392 0.97206648495056469 0.0020021834237528408 0.0031150755693496578 3.5053320393615235 0.012005803132893619 0.013578449932180834 -2.1121212775169407 2.4717198539429092e-09 8.5000000000000018 0.022579457159200119 739.12500000000011 0.48804242053565633 0.5652449092594295 0.52646724657370358 3855.5657060000008 0.96076327515671001 0.060000000376000166 1.0945055747033361 -6.8802588673268312 0.80000000090000001
decision_type=2 2 2 2 2 2 2 2 2 2 2 2 2 2 2 2 2 2 2 2 2 2 2 2 2 2 2 2 2 2
left_child=6 3 5 -2 -5 -3 7 10 9 -9 -1 -11 -13 -10 16 -16 17 18 -14 20 -18 -17 23 25 -24 26 27 29 -27 -23
right_child=1 2 -4 4 -6 -7 -8 8 13 11 -12 12 14 -15 15 21 19 -19 -20 -21 -22 22 24 -25 -26 28 -28 -29 -30 -31
leaf_value=0.0024428124169179805 -0.021288065465991646 0.11883056116633112 0.25998154709556059 0.13045734154359753 -0.023264113064545525 -0.051442233930296177 -0.040563047910296211 -0.057347224627298778 -0.04966805884901021 -0.031047758284102167 -0.033786619744742639 0.040128107882003439 0.087964960784852109 -0.003084963064929498 0.038970392293138506 0.039119581269663778 -0.019172539476875725 -0.025833395109736441 0.0080009349279096028 -0.029955198145721503 0.033325201892474919 0.0036393603020223376 -0.04199979967507074 0.060256613876140667 0.010931813376196607 0.031002219542504067 -0.0023333893310474312 0.054496047059619128 -0.016290552166869168 0.053500618230589825
leaf_weight=2029.0778877891134 91.181604591663927 1.1605920414440341 0.80293236067518581 1.9134064828976982 1.685159607324749 1.7682231562212098 8.1603344767354411 6.2094773580320171 14.70510768145323 14.753049304243175 11.300894136307759 8.0211179330944997 4.5467963255941886 9.8659064546227437 13.493960693478583 7.953004512935876 13.298702817410232 7.474633000791072 5.5084676258265972 42.931284055113792 8.147914879024027 49.168454360216856 25.15643447637558 8.9823506027460081 16.4983891248703 9.7270099427551013 165.60127975046635 14.391831479966639 87.648611806333065 9.3538543805479986
leaf_count=14344 8565 52 85 64 42 106 385 82 105 509 109 47 58 65 98 63 115 50 67 326 39 392 230 50 80 65 1577 79 564 46
internal_value=0.000353194 -0.0149725 0.0685202 -0.0182598 0.0584717 0.0160312 0.000935668 0.00106673 -0.00334648 -0.00203866 0.00224215 -0.00136874 -0.000489341 -0.0309637 -0.00115439 0.00111036 -0.0124349 0.0143148 0.0441591 -0.0197188 0.000772197 -0.00018471 -0.000993415 0.00142726 -0.021035 -0.000145943 0.00451654 0.020074 -0.0115664 0.0116089
internal_weight=2690.49 98.5119 3.73175 94.7802 3.59857 2.92882 2591.98 2583.82 543.438 518.867 2040.38 512.657 497.904 24.571 489.883 407.975 81.9078 17.5299 10.0553 64.3779 21.4466 394.481 386.528 344.873 41.6548 335.891 238.515 72.9141 97.3756 58.5223
internal_count=28459 8914 243 8671 106 158 19545 19160 4707 4537 14453 4455 3946 170 3899 3244 655 175 125 480 154 3146 3083 2773 310 2723 2094 517 629 438
is_linear=0
shrinkage=0.05


Tree=88
num_leaves=31
num_cat=0
split_feature=0 33 33 17 33 15 8 14 33 9 4 21 33 29 6 21 23 22 29 33 33 24 16 3 23 36 4 17 37 26
split_gain=9.0265 6.25332 4.62105 6.3173 6.28574 11.4648 10.8169 14.6876 5.92309 5.00621 7.37715 5.36514 7.86651 7.46452 6.96191 6.52296 6.44988 6.57549 6.87141 6.09043 12.6574 9.29102 8.3529 8.1574 9.14663 8.27124 8.11088 12.6405 7.76894 7.53239
threshold=0.99099999929166749 13.977824074074077 8.187754629629632 0.76131170512350776 7.9672685185185195 2.0989551300488335e-10 0.034444620119226055 0.040916625115571627 7.9123842592592597 0.947516666659592 0.017338545199586764 -0.012578765725846494 13.977824074074077 0.99999999839112474 1.0986122891681098 -0.0011465098347793561 24.673000000000005 111.12155550000001 -0.47823197864074329 10.400954861111114 9.3924305555555581 107.76228550000003 0.24482760302868875 0.40039005611123779 40.045000000000009 0.0043339320895810106 -0.011083234339672772 0.18328215474272494 1.954213431122565e-07 -0.22994845992357965
decision_type=2 2 2 2 2 2 2 2 2 2 2 2 2 2 2 2 2 2 2 2 2 2 2 2 2 2 2 2 2 2
left_child=2 -2 4 9 8 -6 -7 -8 -1 11 -11 13 15 14 16 -13 -4 18 -18 20 21 -17 23 24 28 -26 27 -22 -23 -29
right_child=1 -3 3 -5 5 6 7 -9 -10 10 -12 12 -14 -15 -16 19 17 -19 -20 -21 26 22 -24 -25 25 -27 -28 29 -30 -31
leaf_value=0.0019687587605693771 -0.026383304818506023 0.15427693087053207 -0.046226192501944083 -0.025482042602138662 0.078723376209245313 -0.023738014340780319 0.0014429523023555403 0.087850709372857105 -0.037392070584826742 -0.025563703088165596 0.061088460755648583 0.035187299805329295 0.057412795784353356 0.032450106187416027 -0.053543361177062966 -0.031965957682442196 0.034885170447135523 -0.017456905024443175 -0.0027829967742477265 -0.0037618956727130935 -0.034794585318855813 0.010028484660452175 -0.048710002658567307 0.052361014319230084 -0.048159871395779763 -0.000221334520600819 0.027892170370025605 0.058710909405617011 0.074735073155680162 0.0041808014237954029
leaf_weight=1653.1461765875574 36.96751773590222 0.4852768462151279 10.420167680829762 28.095227542333305 7.1857566109392783 14.546815187437458 13.862225104589017 7.6220554634928694 9.6134171222802234 34.495809287298471 2.644534724764525 13.629234207794068 6.2254627742804578 10.868712093681095 8.8164195641875249 24.513798240106553 14.089376356918363 70.013973224908113 86.048599968431517 389.40456083300523 15.879610493779181 14.577845373656602 7.6925708770286283 8.4610782563686353 10.215968644013627 75.46561389695853 76.341481888201088 8.9701167463790643 6.8038246631622306 21.540015166159719
leaf_count=12666 6112 21 83 299 93 97 139 36 82 1743 68 115 62 56 52 292 81 380 529 3479 119 166 61 38 105 536 676 61 45 167
internal_value=0.000332338 -0.0240425 0.000676676 -0.00212773 0.00223049 0.0210561 0.00955544 0.0320981 0.00174119 -0.00141229 -0.0193937 -0.000653368 0.00146574 -0.00784613 -0.0101587 0.000948593 -0.00804041 -0.0057019 0.0025169 0.000241409 0.00600527 -0.00385368 0.00173921 0.00509854 0.00136345 -0.00593713 0.0178724 0.00138336 0.0306187 0.0202129
internal_weight=2688.64 37.4528 2651.19 945.214 1705.98 43.2169 36.0311 21.4843 1662.76 917.119 37.1403 879.978 679.721 200.257 189.389 673.496 180.572 170.152 100.138 659.866 270.462 147.731 123.217 115.524 107.063 85.6816 122.731 46.3897 21.3817 30.5101
internal_count=28459 6133 22326 9213 13113 365 272 175 12748 8914 1811 7103 5922 1181 1125 5860 1073 990 610 5745 2266 1243 951 890 852 641 1023 347 211 228
is_linear=0
shrinkage=0.05


Tree=89
num_leaves=31
num_cat=0
split_feature=0 33 2 8 23 22 23 33 39 26 29 24 7 0 33 11 20 11 18 5 12 19 12 5 24 33 23 29 7 24
split_gain=8.34592 5.11244 4.35568 4.25846 7.56333 7.23638 11.4607 10.7849 10.549 8.9646 7.46293 10.357 6.91209 9.07871 6.64591 8.30953 6.3687 6.27455 6.23634 6.91176 6.53358 10.1327 9.17442 6.17013 9.09539 7.77878 7.02183 5.76026 5.6858 5.32055
threshold=0.99099999929166749 13.977824074074077 0.015160447418866319 0.0042500000014602541 19874.651365500005 1684.6987915000002 2687.008633500001 9.6797106481481503 0.41935490936887804 -0.11304653795794663 0.99999999686744234 4499.2689145000013 0.0050000000007250764 0.0040338762426983853 7.9874421296296303 0.66154375025188383 -3.6529230270603152 1.442120553074602 0.43750000611718759 0.51082560401719668 0.83108162369658867 -2.3481163506425444 1.1175082799084561 -0.51082562065413339 56.994319000000011 2.1334375000000003 545.07271850000006 0.86156451458329741 0.0022000000012600009 643.8175500000001
decision_type=2 2 2 2 2 2 2 2 2 2 2 2 2 2 2 2 2 2 2 2 2 2 2 2 2 2 2 2 2 2
left_child=3 2 -2 4 5 6 10 9 -7 18 23 -12 14 27 -5 -16 -17 -6 -8 20 21 -20 -22 29 -25 26 -26 -14 -23 -1
right_child=1 -3 -4 12 17 8 7 -9 -10 -11 11 -13 13 -15 15 16 -18 -19 19 -21 22 28 -24 24 25 -27 -28 -29 -30 -31
leaf_value=-0.054213987528163733 -0.028027631025740851 0.12652037202737529 0.10598130944792453 0.020291438193612534 0.0099933214066078146 -0.034716273716854859 0.050093810830664304 -0.031874808438517553 0.033685444828123454 0.065506978483392417 0.083737268291359385 -0.023680627594858204 -0.062921796580497472 0.00098809540605353805 -0.051351109129808531 0.047066619488900556 -0.013420981732285812 0.078605602716534329 -0.020805175187666086 -0.05282512063334821 -0.033787336769405971 0.09985048164559289 0.054869561916847658 0.041367261690342397 0.06292399526744355 -0.020269972688500934 -0.0096850941248462011 -0.0026729829244012209 0.026549675336914554 -0.017570265868225351
leaf_weight=15.109558875439687 35.413679133635014 0.55992640741169353 0.61691934987902541 84.883607810596004 17.262409262359146 40.96028174017556 9.0693031798582506 10.935851344838737 6.5360332801938048 9.9264065087772888 4.6704070088453573 4.3192574549466372 9.0992671910207736 2252.2907703150995 7.9047408737242248 7.0954426936805293 11.253649767488238 4.1291379847098133 5.4640713022090521 4.7012758888304225 11.425633181352167 5.2678838353604096 3.9189340379089108 8.6968214546795917 5.8454965793061984 61.094354208325967 7.7367440785747021 7.0339650947134933 5.3144686445593834 28.76379839098081
leaf_count=242 6099 21 13 544 307 550 109 208 39 104 66 69 60 17602 99 74 96 22 91 33 195 107 32 167 96 886 57 46 26 399
internal_value=0.000312978 -0.0234033 -0.0257331 0.000640358 -0.00529655 -0.00774046 -0.00361619 0.0134807 -0.0253034 0.0224845 -0.0119018 0.0321263 0.00131686 0.000720383 0.0134916 -0.00849376 0.00996907 0.0232373 0.0130282 0.00371437 0.012182 0.0344885 -0.0111448 -0.0150123 -0.00702534 -0.0126611 0.0215643 -0.0366538 0.0630387 -0.03019
internal_weight=2687.3 36.5905 36.0306 2650.71 271.148 249.757 202.26 66.0238 47.4963 55.088 136.236 8.98966 2379.56 2268.42 111.137 26.2538 18.3491 21.3915 45.1616 36.0923 31.391 16.0464 15.3446 127.247 83.3734 74.6766 13.5822 16.1332 10.5824 43.8734
internal_count=28459 6133 6112 22326 3805 3476 2887 905 589 697 1982 135 18521 17708 813 269 170 329 593 484 451 224 227 1847 1206 1039 153 106 133 641
is_linear=0
shrinkage=0.05


end of trees

feature_importances:
days_to_resolution=250
price=196
ma_20=108
vol_total_60=108
log_days_to_resolution=94
vol_60=90
pct_from_trough_24h=88
ma_60=84
ma_120=81
vol_total_20=78
ret_120h=74
vol_zscore_60=72
n_trades_60=69
buy_sell_imbalance_5=66
pct_from_trough_72h=66
lifetime_pct=66
ret_6h=61
ma_5=61
ma5_over_ma60=60
momentum_z_20=58
pct_from_peak_24h=57
log_price=55
ret_1h=54
ma60_over_ma120=52
momentum_z_60=52
buy_ratio_20=52
vol_5=50
buy_ratio_60=50
ma20_over_ma60=48
dd_120=46
ret_24h=45
accel=41
vol_20=39
vol_total_5=39
vol_ratio_5_60=39
dd_60=36
ret_72h=35
high_low_range_5=32
pct_from_peak_72h=28
n_trades_5=20

parameters:
[boosting: gbdt]
[objective: binary]
[metric: binary_logloss]
[tree_learner: serial]
[device_type: cpu]
[data_sample_strategy: bagging]
[data: ]
[valid: ]
[num_iterations: 500]
[learning_rate: 0.05]
[num_leaves: 31]
[num_threads: 0]
[seed: 0]
[deterministic: 0]
[force_col_wise: 0]
[force_row_wise: 0]
[histogram_pool_size: -1]
[max_depth: -1]
[min_data_in_leaf: 50]
[min_sum_hessian_in_leaf: 0.001]
[bagging_fraction: 0.8]
[pos_bagging_fraction: 1]
[neg_bagging_fraction: 1]
[bagging_freq: 5]
[bagging_seed: 3]
[bagging_by_query: 0]
[feature_fraction: 0.8]
[feature_fraction_bynode: 1]
[feature_fraction_seed: 2]
[extra_trees: 0]
[extra_seed: 6]
[early_stopping_round: 0]
[early_stopping_min_delta: 0]
[first_metric_only: 0]
[max_delta_step: 0]
[lambda_l1: 0]
[lambda_l2: 0]
[linear_lambda: 0]
[min_gain_to_split: 0]
[drop_rate: 0.1]
[max_drop: 50]
[skip_drop: 0.5]
[xgboost_dart_mode: 0]
[uniform_drop: 0]
[drop_seed: 4]
[top_rate: 0.2]
[other_rate: 0.1]
[min_data_per_group: 100]
[max_cat_threshold: 32]
[cat_l2: 10]
[cat_smooth: 10]
[max_cat_to_onehot: 4]
[top_k: 20]
[monotone_constraints: ]
[monotone_constraints_method: basic]
[monotone_penalty: 0]
[feature_contri: ]
[forcedsplits_filename: ]
[refit_decay_rate: 0.9]
[cegb_tradeoff: 1]
[cegb_penalty_split: 0]
[cegb_penalty_feature_lazy: ]
[cegb_penalty_feature_coupled: ]
[path_smooth: 0]
[interaction_constraints: ]
[verbosity: -1]
[saved_feature_importance_type: 0]
[use_quantized_grad: 0]
[num_grad_quant_bins: 4]
[quant_train_renew_leaf: 0]
[stochastic_rounding: 1]
[linear_tree: 0]
[max_bin: 255]
[max_bin_by_feature: ]
[min_data_in_bin: 3]
[bin_construct_sample_cnt: 200000]
[data_random_seed: 1]
[is_enable_sparse: 1]
[enable_bundle: 1]
[use_missing: 1]
[zero_as_missing: 0]
[feature_pre_filter: 1]
[pre_partition: 0]
[two_round: 0]
[header: 0]
[label_column: ]
[weight_column: ]
[group_column: ]
[ignore_column: ]
[categorical_feature: ]
[forcedbins_filename: ]
[precise_float_parser: 0]
[parser_config_file: ]
[objective_seed: 5]
[num_class: 1]
[is_unbalance: 0]
[scale_pos_weight: 1]
[sigmoid: 1]
[boost_from_average: 1]
[reg_sqrt: 0]
[alpha: 0.9]
[fair_c: 1]
[poisson_max_delta_step: 0.7]
[tweedie_variance_power: 1.5]
[lambdarank_truncation_level: 30]
[lambdarank_norm: 1]
[label_gain: ]
[lambdarank_position_bias_regularization: 0]
[eval_at: ]
[multi_error_top_k: 1]
[auc_mu_weights: ]
[num_machines: 1]
[local_listen_port: 12400]
[time_out: 120]
[machine_list_filename: ]
[machines: ]
[gpu_platform_id: -1]
[gpu_device_id: -1]
[gpu_use_dp: 0]
[num_gpu: 1]

end of parameters

pandas_categorical:null
