tree
version=v4
num_class=1
num_tree_per_iteration=1
label_index=0
max_feature_idx=39
objective=binary sigmoid:1
feature_names=price log_price ret_1h ret_6h ret_24h ret_72h ret_120h ma_5 ma_20 ma_60 ma_120 ma5_over_ma60 ma20_over_ma60 ma60_over_ma120 vol_5 vol_20 vol_60 dd_60 dd_120 momentum_z_20 momentum_z_60 accel vol_total_5 vol_total_20 vol_total_60 vol_ratio_5_60 vol_zscore_60 buy_ratio_20 buy_ratio_60 buy_sell_imbalance_5 n_trades_5 n_trades_60 high_low_range_5 days_to_resolution log_days_to_resolution pct_from_peak_24h pct_from_peak_72h pct_from_trough_24h pct_from_trough_72h lifetime_pct
feature_infos=[0.001:0.99900000099899999] [-6.9077552789821368:-0.001000499333583541] [-6.0638561019063859:2.8134107167600364] [-5.8902515606666501:2.8902775500665667] [-5.9559408449950384:3.6763454161844189] [-6.5572464784864373:4.6598950856773378] [-6.7684932096486286:4.2626798770413155] [0.001:0.99900000099899999] [0.0010000000000000002:0.99900000099899999] [0.001:0.99900000000000011] [0.0010000000000000005:0.99900000000000022] [0.0071078733588821391:6.4983660979751496] [0.01524827580451571:2.7035212137937465] [0.019741461655743399:1.8951395316505824] [0:2.4847308352347404] [0:1.4968761980729905] [0:0.92255649173513332] [0:0.99868421051228073] [0:0.99885057471034477] [-1769.4538597099588:727.04670984042343] [-508.67723554438595:950.52861794072271] [-2.8902775500665667:5.8902515606666501] [0:7366817] [0:11998461.751] [0:21616233.361000001] [0:0.99999999992761313] [-1.1142837726169632:2762934400] [0:1] [0:1] [-0.99999999998165445:0.99999999999888578] [0:511] [0:982] [0:116.05226724901804] [0.2537152777777778:13.999131944444445] [-1.3715425943328194:2.638995323724679] [0:0.99767458346675797] [0:0.99868421051228073] [0:65.434782608695642] [0:210.25] [0:1]
tree_sizes=3368 3454 3452 3476 3455 3462 3440 3461 3461 3474 3463 3470 3465 3462 3475 3470 3467 3475 3471 3460 3461 3484 3474 3476 3477 3468 3469 3460 3469 3467 3463 3463 3474 3485 3469 3468 3481 3481 3471 3478 3477 3485 3485 3458 3469 3488 3462 3471 3463 3483 3473 3475 3467 3473 3451 3466 3471 3466 3469 3469 3470 3456 3467 3466 3484 3487 3484 3479 3505 3465 3487 3460 3487 3478 3485 3469 3438 3477 3470 3451 3467 3450 3467 3455 3445 3479 3446 3453 3466 3439 3464 3475 3452 3447 3490 3475 3460 3465 3483 3456 3473 3494 3449 3473 3459 3463 3462 3471 3470 3449 3461 3485 3456 3472 3465 3469 3486 3453 3476 3449 3465 3472 3455 3458 3483 3452

Tree=0
num_leaves=31
num_cat=0
split_feature=35 1 31 8 3 16 1 23 1 34 10 34 3 14 3 8 14 7 18 37 23 34 8 17 4 15 6 39 18 37
split_gain=2674.04 409.354 370.946 248.525 126.836 103.12 99.0168 110.562 86.3538 59.7552 51.1103 49.3568 51.6565 40.7346 40.4157 37.471 48.5609 37.4633 36.249 34.9863 34.8642 33.8521 26.2534 26.2149 26.186 26.6122 25.7896 23.6715 23.1518 22.0659
threshold=0.010223215855037156 -0.020131236961915072 16.500000000000004 0.010900000014480356 -0.0060392750439064629 0.0073176482469335998 -0.7133498855404613 4527.2521560000014 -0.91629070187415096 0.39132235933356457 0.11157636074532773 0.19703245619969129 -0.13353139262452254 0.01732863208456115 -0.11778314510219355 0.49246802749417956 0.0096318803234626566 0.91200779574617707 0.0083133525424385086 0.50000000018750013 701.13515150000012 0.68648730806192371 0.0024000000003000011 0.20919147572182795 -0.40546510810816433 0.37463802191615453 0.32344584010117594 0.042274088265031422 0.040040080160320686 0.69837097980489748
decision_type=2 2 2 2 2 2 2 2 2 2 2 2 2 2 2 2 2 2 2 2 2 2 2 2 2 2 2 2 2 2
left_child=1 5 10 14 8 18 -7 26 11 -9 -2 -5 19 21 29 24 28 -12 -1 -13 -18 -10 -16 -24 25 27 -8 -6 -17 -4
right_child=2 -3 3 4 15 6 7 9 13 -11 17 12 -14 -15 22 16 20 -19 -20 -21 -22 -23 23 -25 -26 -27 -28 -29 -30 -31
leaf_value=-1.7798457121164766 -1.7337927960206305 -1.7929796241787974 -1.6665153578705354 -1.7009120176410706 -1.5783051072077856 -1.7488884401703697 -1.7305294634909882 -1.5097873903047789 -1.5107350765689975 -1.6640729180411162 -1.6861903438869712 -1.5992387971502204 -1.6653994912432313 -1.5520778898455352 -1.7328575529782735 -1.7011341625658973 -1.7035527818657874 -1.7340675360367324 -1.7499390124368368 -1.6769762207982741 -1.5915190033114559 -1.6288965902497305 -1.7685057404364641 -1.6898345261529724 -1.690584370778033 -1.7201737409613143 -1.6584235668105454 -1.66960009897657 -1.6425790387910231 -1.7348718184931577
leaf_weight=280.74987262487411 257.04607039690018 1032.6446744799614 93.668250739574432 30.585551261901855 15.29277563095093 558.56862992048264 136.8703418970108 8.7933459877967852 6.8817490339279166 21.919645071029663 141.33073478937149 94.942648708820343 71.87604546546936 46.897845268249512 92.266412973403931 36.575221717357635 8.2835868000984174 57.47534841299057 158.53510737419128 17.076932787895203 42.947211563587189 50.848478972911835 11.724461317062376 109.34334576129913 161.33878290653229 8.7933459877967817 13.636058270931242 13.253738880157469 31.350190043449402 13.508618474006651
leaf_count=2203 2017 8103 735 240 120 4383 1074 69 54 172 1109 745 564 368 724 287 65 451 1244 134 337 399 92 858 1266 69 107 104 246 106
internal_value=-1.73567 -1.76999 -1.68194 -1.66427 -1.6462 -1.74986 -1.73847 -1.70635 -1.62393 -1.6199 -1.71907 -1.6421 -1.63232 -1.58669 -1.70018 -1.66856 -1.64639 -1.70003 -1.76905 -1.61109 -1.60963 -1.61481 -1.71277 -1.69745 -1.68185 -1.64412 -1.724 -1.62069 -1.67411 -1.67513
internal_weight=3625.03 2211.72 1413.31 957.455 636.944 1179.07 739.788 181.219 319.109 30.713 455.852 214.481 183.896 104.628 320.511 317.835 119.156 198.806 439.285 112.02 51.2308 57.7302 213.334 121.068 198.679 37.3399 150.506 28.5465 67.9254 107.177
internal_count=28445 17355 11090 7513 4998 9252 5805 1422 2504 241 3577 1683 1443 821 2515 2494 935 1560 3447 879 402 453 1674 950 1559 293 1181 224 533 841
is_linear=0
shrinkage=1


Tree=1
num_leaves=31
num_cat=0
split_feature=18 3 31 31 37 10 7 10 0 22 7 33 23 34 37 2 9 33 10 31 9 0 18 32 31 34 3 38 14 9
split_gain=2126.18 525.311 179.319 177.462 174.685 119.701 91.3518 64.3544 52.7891 109.427 80.5101 50.1653 47.3835 42.0915 38.8272 34.1652 31.6778 28.6498 39.7223 27.0164 26.631 26.3786 26.252 25.5486 26.9828 26.4221 25.6635 24.8874 31.5583 26.2379
threshold=0.010111218508436187 -0.0060392750439064629 12.500000000000002 16.500000000000004 0.034482746972058817 0.030393527239292121 0.15954200618512374 0.95873438472939043 0.98499999934735549 424.00080550000001 0.13000000435000869 2.3758738425925929 561.81571650000012 -0.2564930544121487 0.69837097980489748 -0.01153280069975089 0.13978772228352196 6.0011979166666674 0.36988117185372082 7.5000000000000009 0.0025315868263473063 0.98405142914451915 0.4708865555953422 0.025152392869649376 240.50000000000003 0.84178162292720915 -0.20712653528040406 1.4974183374034662 0.0048399107685668588 0.51105242348650293
decision_type=2 2 2 2 2 2 2 2 2 2 2 2 2 2 2 2 2 2 2 2 2 2 2 2 2 2 2 2 2 2
left_child=4 3 17 16 21 20 13 12 9 -6 -11 -12 -7 -5 23 -8 -2 18 -3 -18 -4 -1 -22 -15 25 -25 -27 28 -14 -30
right_child=1 2 5 6 8 7 15 -9 -10 10 11 -13 27 14 -16 -17 19 -19 -20 -21 22 -23 -24 24 -26 26 -28 -29 29 -31
leaf_value=-0.042366246291969945 0.0059555879564798216 -0.0026380498550781953 -0.0085605125839098347 0.0064275458744968098 -0.019403152927447761 0.02954105632462788 0.14661865677362942 -0.012477751359361987 -0.057088459429978936 -0.037478246614155157 0.16656517485282551 0.053762606593066489 0.043837281569944257 0.064001541317266944 0.023939695581900663 0.099045479720110893 0.013378494154051996 -0.012033566894636355 0.048036236116954546 0.075491167475824641 -0.0035338216584832427 -0.058211078182415721 0.029447259025657715 0.071475817153971014 0.04984166897364814 0.14587331355058447 0.075992033759737565 0.024791731804638215 0.065025172447553556 0.10431579182996552
leaf_weight=372.289376296103 93.340459480881691 144.28390938043594 128.4126565605402 25.128403395414352 127.0149290561676 141.63283336162567 54.901304483413696 40.941001392900944 40.495295025408268 14.137528181076048 16.989799983799458 23.473548278212547 77.149392500519753 111.23172149062157 33.700653463602066 120.73293581604958 29.667676068842411 435.10577888041735 52.833038873970509 42.709481231868267 88.442569226026535 892.11991336941719 189.85272812843323 32.024048611521721 24.223947241902351 48.129440858960152 18.071114107966423 33.952726274728775 96.587610140442848 75.864230409264565
leaf_count=3003 730 1136 1010 191 1001 1091 393 320 331 112 123 180 588 823 258 872 228 3419 412 327 688 7292 1465 236 180 351 134 260 736 555
internal_value=-0.00043144 0.0314897 0.0154091 0.0696718 -0.046362 0.0300975 0.0854124 0.0473934 -0.00546684 0.00604335 0.0652381 0.101126 0.0531583 0.0682975 0.0741121 0.113916 0.0252055 -0.00486949 0.0109441 0.0500309 0.0102748 -0.0535458 0.0189658 0.0813478 0.097105 0.108761 0.126797 0.0649549 0.0704183 0.0823097
internal_weight=3625.44 2138.92 1505.06 633.861 1486.52 872.836 468.144 466.128 222.111 181.616 54.6009 40.4633 425.187 292.509 267.381 175.634 165.718 632.223 197.117 72.3772 406.708 1264.41 278.295 233.68 122.449 98.2246 66.2006 283.554 249.601 172.452
internal_count=28445 16403 11680 4723 12042 6713 3438 3550 1747 1416 415 303 3230 2173 1982 1265 1285 4967 1548 555 3163 10295 2153 1724 901 721 485 2139 1879 1291
is_linear=0
shrinkage=0.05


Tree=2
num_leaves=31
num_cat=0
split_feature=35 1 31 8 32 39 3 18 1 10 34 32 16 34 3 32 6 31 34 20 8 34 18 37 37 35 23 24 34 37
split_gain=2156.8 385.624 251.566 161.973 108.67 73.3413 70.1519 69.2641 48.6347 40.3462 33.5008 32.9092 31.5841 31.4655 30.845 30.1495 29.4136 25.117 26.9932 38.425 24.5974 33.9969 33.005 23.928 23.5085 21.3202 21.2603 20.5955 20.5058 20.3004
threshold=0.010223215855037156 -0.020131236961915072 16.500000000000004 0.010900000014480356 0.0017713288356673554 0.98275862627830912 -0.0060392750439064629 0.0080173543194876559 -0.91629070187415096 0.11157636074532773 0.58648043677987649 0.0046514772709404578 0.006661742169839978 -0.2564930544121487 -0.13353139262452254 2.8124115519238168e-09 0.020305268832795962 226.50000000000003 0.48896690682115518 -1.704765672187792 0.49246802749417956 0.73802759482501845 0.032651857958739226 0.50000000018750013 0.75000000255526944 0.17206057077924838 701.13515150000012 196.86478300000002 0.21275645838395604 0.42857141827282746
decision_type=2 2 2 2 2 2 2 2 2 2 2 2 2 2 2 2 2 2 2 2 2 2 2 2 2 2 2 2 2 2
left_child=1 4 9 15 7 24 8 16 13 -2 -7 -10 -11 -5 23 -4 -1 18 -17 -20 25 -22 -23 -15 -6 -8 -24 -14 -18 -21
right_child=2 -3 3 6 5 10 20 -9 11 12 -12 -13 27 14 -16 17 28 -19 19 29 21 22 26 -25 -26 -27 -28 -29 -30 -31
leaf_value=-0.048133948425724674 0.0013439231585132886 -0.056663035904504978 0.017156057312830392 0.0086618783179504399 0.024262137815436634 0.16500698775782663 0.026553217893976272 -0.0085090456642985136 0.089729986719899402 -0.00083957498192297581 0.057590377860215605 0.14143003277249078 0.013002872829112611 0.10188834600214908 0.054720274116256608 0.013733712063397716 0.058776746516025949 0.01714490501604304 0.10930263040397506 0.070868628289402533 0.1264288691102555 0.025937136390419294 0.042623398000516621 0.044712091710902881 -0.026987679345937123 0.058789787041092827 0.10278643357504112 0.054402168831071178 -0.024671947072271702 -0.0061135996928807258
leaf_weight=210.2265045568347 257.53081034123898 952.04460284858942 191.45587512850761 16.89499120414257 69.457081474363804 10.997344255447386 87.063982859253883 608.1584560573101 68.537495121359825 56.611601144075394 21.350671365857124 55.873443365097046 41.492113918066025 122.13995556533337 80.884150892496109 22.50462506711483 7.6432224065065375 46.459907785058022 40.456354707479477 19.884383127093315 24.324411913752556 41.371083870530128 21.960286438465118 21.522954493761063 33.010311454534531 124.82615019381046 44.318818435072899 108.86189660429955 199.87258043140173 15.041940703988073
leaf_count=1749 2017 8103 1444 127 530 70 645 4804 457 434 160 364 314 826 573 167 60 353 292 145 169 302 160 157 260 914 304 812 1619 114
internal_value=-0.000461458 -0.0330767 0.0451725 0.0587754 -0.0137306 0.0284725 0.0723125 -0.0192766 0.0875526 0.0145543 0.0941088 0.112949 0.0309922 0.0744664 0.0794175 0.0301649 -0.0349523 0.0474192 0.0617882 0.0761343 0.0560979 0.0730425 0.0609794 0.0933224 0.00775179 0.045544 0.0828526 0.0429775 -0.0215984 0.0377142
internal_weight=3622.78 2112.76 1510.02 1045.52 1160.72 134.815 709.718 1025.9 365.853 464.496 32.348 124.411 206.966 241.442 224.547 335.803 417.742 144.347 97.8873 75.3827 343.865 131.975 107.65 143.663 102.467 211.89 66.2791 150.354 207.516 34.9263
internal_count=28445 17355 11090 7513 9252 1020 4998 8232 2504 3577 230 821 1560 1683 1556 2515 3428 1071 718 551 2494 935 766 983 790 1559 464 1126 1679 259
is_linear=0
shrinkage=0.05


Tree=3
num_leaves=31
num_cat=0
split_feature=35 1 31 8 32 18 39 3 1 10 32 6 14 33 4 33 32 37 32 7 22 18 35 27 33 28 16 27 28 37
split_gain=1933.54 376.113 209.737 132.128 98.3078 65.5349 60.778 57.2246 39.2299 36.5108 30.1789 28.7067 27.1663 26.4477 35.486 25.1077 24.0514 23.5414 28.2396 21.1127 26.1639 23.4181 19.6201 24.7859 18.9578 18.5116 18.4727 18.2872 20.4121 19.7178
threshold=0.010223215855037156 -0.020131236961915072 16.500000000000004 0.0090000000017696515 0.0017713288356673554 0.0080173543194876559 0.98275862627830912 -0.0060392750439064629 -0.91629070187415096 0.019568998503589605 0.01999999999999999 0.020305268832795962 0.11507282898073222 1.2306250000000001 -0.028328820612561686 1.7892071759259263 0.0046514772709404578 0.78330748385117521 2.8124115519238168e-09 0.57000000193500011 2214.6244750000001 0.032651857958739226 0.14285714392857149 0.99553027239083558 1.2306250000000001 0.43306318725200171 0.074116688294949565 0.99048470431885616 0.79291568240641497 0.13966484512734945
decision_type=2 2 2 2 2 2 2 2 2 2 2 2 2 2 2 2 2 2 2 2 2 2 2 2 2 2 2 2 2 2
left_child=1 4 9 17 5 11 12 8 13 -2 27 -1 -6 -5 -15 -8 -10 18 -4 22 21 -21 -9 -24 -13 -7 -16 28 -11 -30
right_child=2 -3 3 7 6 25 15 19 16 10 -12 24 -14 14 26 -17 -18 -19 -20 20 -22 -23 23 -25 -26 -27 -28 -29 29 -31
leaf_value=-0.047396887412085441 -0.0077247449497348979 -0.056178131454626114 0.01880401877632008 0.026734260917999509 0.026378261939286579 -0.025609721157404137 0.14210876355639143 0.022246527682891207 0.080522760617351571 0.015562023630316758 0.085968036073791484 0.055457209028930157 -0.02727008606877317 0.084862388223783211 -0.011712388510075625 0.052575842876741642 0.12317019884428651 -0.0048424127694719982 0.052620085920543749 0.026938035339195251 0.11144403152529672 0.074975790625281855 0.059132332523999222 -0.0036074347114268372 -0.023889595223126548 -0.0037529799663631584 0.054838189625241077 0.004969404429787834 0.061928922417766645 -0.0059357458286933319
leaf_weight=203.00486577302217 139.86009120941162 913.23172068595886 155.70946751534939 35.714137226343155 66.405689552426338 121.15681658685207 12.098925545811651 83.384853005409241 72.446858018636703 106.77773204445839 17.864438474178314 7.8276578560471526 36.604270286858082 169.54953879117966 13.175728201866148 22.194634199142456 60.807358831167221 51.404203951358795 102.29867886006832 42.448986172676086 26.235541492700577 63.058129549026489 141.90368327498436 17.706219300627708 196.51319503039122 483.37224811315536 49.984636425971985 131.48823037743568 60.126319944858551 13.021033793687819
leaf_count=1749 1095 8103 1159 257 499 966 70 605 457 806 133 59 291 1108 89 160 364 389 728 303 169 419 1003 127 1620 3838 336 997 450 96
internal_value=-0.000484827 -0.0322259 0.0416146 0.0536849 -0.0131916 -0.0185786 0.0265086 0.0646954 0.0778065 0.0136778 0.0227684 -0.0340799 0.00731449 0.066797 0.0729454 0.0841635 0.0999839 0.0260559 0.0322119 0.0506418 0.0667598 0.0556486 0.0419031 0.0521723 -0.0208501 -0.0081334 0.0409552 0.0191429 0.0295009 0.0498483
internal_weight=3617.38 2062.41 1554.97 1085.83 1149.18 1011.87 137.304 776.416 401.678 469.138 329.278 407.346 103.01 268.424 232.71 34.2936 133.254 309.412 258.008 374.737 131.743 105.507 242.995 159.61 204.341 604.529 63.1604 311.413 179.925 73.1474
internal_count=28445 17355 11090 7513 9252 8232 1020 5237 2611 3577 2482 3428 790 1790 1533 230 821 2276 1887 2626 891 722 1735 1130 1679 4804 425 2349 1352 546
is_linear=0
shrinkage=0.05


Tree=4
num_leaves=31
num_cat=0
split_feature=36 23 0 9 32 2 9 11 10 3 3 23 16 37 34 4 37 24 16 36 36 34 3 24 36 37 30 9 26 11
split_gain=1678.27 276.678 190.348 141.763 107.427 84.8351 50.7125 40.1914 36.3636 38.3305 33.4604 33.4396 32.6857 38.8638 32.41 29.0906 29.7322 23.6839 23.0653 24.3193 21.8804 20.8488 20.4325 19.708 19.5656 19.4993 19.2934 19.1208 18.8249 16.4763
threshold=0.010214529415031497 265.20900000000012 0.98007004595458247 0.011182698839523121 0.0024167339660781336 -0.0072084159417268217 0.058610803465532768 0.99949508072123916 0.11685812622498658 -0.011428195822969502 -0.15415067982725825 646.32536950000008 0.0061520901775387838 0.085365857939001935 0.55629013851908315 -1.0986122853447682 1.1254418217559736 130.33596750000001 0.28152749473246824 0.6399999650931657 0.018367353761123036 0.049175892175225493 -0.0066453691537268099 2822.8082875000005 0.14787469755605934 0.53554945054945058 54.500000000000007 0.0031150755693496578 -0.21807842175572562 1.0289757168049631
decision_type=2 2 2 2 2 2 2 2 2 2 2 2 2 2 2 2 2 2 2 2 2 2 2 2 2 2 2 2 2 2
left_child=2 8 4 10 7 15 -6 -1 -2 17 23 -7 20 18 -8 -5 -17 -10 19 22 -13 -9 -14 -3 -24 -25 -15 -12 -21 -16
right_child=1 3 -4 5 6 11 14 21 9 -11 27 12 13 26 29 16 -18 -19 -20 28 -22 -23 24 25 -26 -27 -28 -29 -30 -31
leaf_value=-0.051602370875184184 -0.0044336947168026521 -0.0044014949369658501 -0.05587723984830574 0.038563700416105372 -0.033917906309745262 0.025046970135172632 0.12009277463994217 0.051432302910894789 -0.0052270899606268045 0.0087036974778383815 -0.0047748118795601091 -0.024703411042107912 0.083746400815598074 0.039181959399068059 -0.0054393714732492906 0.095601685076206852 0.005787005637128171 0.066455418838951161 0.015516244640038807 0.1658454144824093 0.065649204369600853 -0.021946364156128169 0.064656838474082864 0.060480662861827718 0.016156487453269572 -0.0057552662910366507 0.1159532318001211 0.021177342962035078 0.084727994023700598 0.05833437759769862
leaf_weight=134.14426793158054 449.89546406269073 19.744414567947388 869.52692070603371 32.375253945589066 20.367240771651268 161.09893411397934 15.342722348868845 9.9083193689584714 14.71020722389221 258.16092000901699 142.06597183644772 22.710951179265976 90.635573945939541 281.11297093331814 15.67270667105913 157.4310604929924 9.787374019622801 53.184122011065483 18.959345445036888 11.21015986800194 9.5049379020929319 420.36081556975842 75.369967557489872 76.102327287197113 28.717288181185722 13.011173084378241 8.4291170313954336 141.8305131867528 19.75850835442543 28.626281552016735
leaf_count=1178 3498 143 8049 212 165 1153 87 75 109 1966 1103 168 559 1912 116 981 68 356 130 74 67 3513 505 516 202 97 55 1058 128 202
internal_value=-0.000501878 0.0284743 -0.0406145 0.0424038 -0.0200204 0.0530694 0.034201 -0.0277065 0.00478089 0.0174953 0.0172275 0.0451472 0.0508641 0.0538138 0.0574631 0.0819456 0.0903448 0.0509245 0.0684853 0.072935 0.00195412 -0.0202566 0.0663895 0.0407957 0.0512758 0.0508098 0.0414169 0.0081905 0.114091 0.0357716
internal_weight=3609.76 2095.81 1513.95 1319.86 644.422 927.101 80.009 564.413 775.951 326.055 392.754 727.508 566.409 534.193 59.6417 199.594 167.218 67.8943 244.651 225.691 32.2159 430.269 194.723 108.858 104.087 89.1135 289.542 283.896 30.9687 44.299
internal_count=28445 15060 13385 9131 5336 6214 570 4766 5929 2431 2917 4953 3800 3565 405 1261 1049 465 1598 1468 235 3588 1266 756 707 613 1967 2161 202 318
is_linear=0
shrinkage=0.05


Tree=5
num_leaves=31
num_cat=0
split_feature=35 0 31 10 32 18 39 2 2 0 19 39 19 2 20 28 10 35 10 39 15 35 33 37 10 2 13 23 18 37
split_gain=1595.21 347.782 147.455 110.996 88.8021 54.9106 48.2542 39.0289 34.1414 31.9583 30.2589 24.0451 23.8641 23.1603 21.7822 20.9389 20.6578 20.473 25.5823 25.8522 21.6589 23.5827 24.0856 19.4842 19.3121 19.0521 19.0158 18.5631 18.5129 18.4328
threshold=0.010223215855037156 0.9810000007744385 12.500000000000002 0.030393527239292121 0.0022000022000022022 0.017102615900860502 0.983922371041831 -2.4666243630061311e-08 -0.013340878478211443 0.46999999878583337 5.2137781990155991 0.22478602811506432 6.6666657342243747 0.32870115501152181 -3.3647647042566562 0.4549404946152194 0.11157636074532773 0.018929974856699731 0.48981479224845798 0.056069178399907486 0.40699497363831033 0.44427360675332267 2.7406018518518525 0.9999981139998938 0.0017270744773683804 0.012163055875193009 1.0668744315235255 511.21192000000002 0.032651857958739226 0.75000000255526944
decision_type=2 2 2 2 2 2 2 2 2 2 2 2 2 2 2 2 2 2 2 2 2 2 2 2 2 2 2 2 2 2
left_child=1 4 16 7 5 10 -6 14 9 -5 24 29 15 17 -4 -7 -2 25 19 20 21 -19 -23 -17 -1 -10 -12 -24 -18 -9
right_child=2 -3 3 8 6 12 -8 11 13 -11 26 -13 -14 -15 -16 23 28 18 -20 -21 -22 22 27 -25 -26 -27 -28 -29 -30 -31
leaf_value=-0.054431525593956601 -0.0014893842316519104 -0.055546525430846816 0.094384641421711352 0.061738531507247368 0.0082273397704533402 -0.027900255035524676 0.077217788237939788 0.028628365772080666 0.021578488926399905 0.10961590963998327 -0.0085471657494520688 -0.013404148808336827 0.061439406231500585 -0.0085486945373589585 0.039110972378792769 0.0001076165446251268 -0.0044014675392971261 0.052251957215072066 0.071239433242230088 0.036175977821139425 0.02217298807782498 0.050826827070628411 0.055916075355713503 -0.039481220651779947 -0.028819944931343541 0.092066618776761325 0.071561464675242312 0.14447649806499463 0.031811756406368873 -0.0034103175937934029
leaf_weight=95.856239356100559 211.60247699916363 817.59625366330147 27.170049607753754 114.18158473074436 106.2047234326601 109.84961988031864 33.289723232388496 319.32730741798878 78.322822988033295 50.16953156888485 32.325308933854103 48.221861951053143 12.471848450601099 16.072911769151688 51.816535636782646 365.9822895899415 48.940514124929905 55.318952932953835 180.94246354699135 193.39508198201656 24.014342337846756 16.856158718466759 7.6822236329317084 33.963959105312824 317.05189211666584 10.923266619443892 9.6103053465485555 25.753108620643616 126.55331717431545 52.237359032034874
leaf_count=887 1650 7895 176 704 799 893 205 2237 509 278 273 349 98 107 351 2917 364 365 1090 1280 163 110 52 271 2721 66 78 157 900 381
internal_value=8.71804e-05 -0.0307693 0.0360514 0.044272 -0.012627 -0.0179547 0.0246916 0.0258802 0.0561296 0.0763535 -0.0306558 0.0198132 -0.00689325 0.0506742 0.0581242 -0.00856497 0.00902958 0.0522789 0.0561878 0.0477564 0.065034 0.07478 0.0995601 -0.00325432 -0.0347656 0.0302059 0.00981118 0.124129 0.0217129 0.0241241
internal_weight=3593.7 1934.2 1659.5 1272.41 1116.61 977.111 139.494 498.773 773.632 164.351 454.844 419.787 522.268 609.281 78.9866 509.796 387.096 593.208 503.962 323.02 129.625 105.61 50.2915 399.946 412.908 89.2461 41.9356 33.4353 175.494 371.565
internal_count=28326 17037 11289 8375 9142 8138 1004 3494 4881 982 3959 2967 4179 3899 527 4081 2914 3792 3217 2127 847 684 319 3188 3608 575 351 209 1264 2618
is_linear=0
shrinkage=0.05


Tree=6
num_leaves=31
num_cat=0
split_feature=17 24 1 3 32 9 7 19 39 15 15 4 33 23 12 10 33 29 21 7 38 33 9 13 19 22 23 19 21 33
split_gain=1433.98 208.524 195.966 125.532 97.3197 53.0724 45.3946 36.2051 34.1344 27.8567 25.6793 25.6088 31.3972 24.9946 24.8048 23.8433 29.9256 23.1667 21.9798 21.6978 21.9148 18.2869 18.1017 18.1851 24.595 19.2609 18.0525 18.0412 15.4047 15.2598
threshold=0.010111218508436187 1000.6150000000001 -0.019182818627336208 -0.0081795559952369864 0.00061573740171336178 0.027029620435794603 0.54919998690413963 5.2137781990155991 0.98911067065958447 0.010980215117191819 0.0039268990348697297 -0.15415067982725841 1.5536979166666669 595.22416600000008 0.99900128101349084 0.11157636074532773 5.7376909722222225 0.9493780754225859 0.10646212876876464 0.0038000000003301057 0.090909090909090953 2.6193344907407412 0.3487591333977404 0.77177187491651578 1.1546448347264471 278.64700000000011 810.9273720000001 -6.4058779810619981 0.10646212876876464 3.4252951388888895
decision_type=2 2 2 2 2 2 2 2 2 2 2 2 2 2 2 2 2 2 2 2 2 2 2 2 2 2 2 2 2 2
left_child=2 15 4 6 7 27 11 14 -6 -7 -8 12 -3 -14 -1 -2 -17 22 -18 -15 -21 -12 23 24 25 -11 -19 -5 -13 -24
right_child=1 3 -4 5 8 9 10 -9 -10 17 21 28 13 19 -16 16 18 26 -20 20 -22 -23 29 -25 -26 -27 -28 -29 -30 -31
leaf_value=-0.048289176181843044 -0.0048341427703736057 0.026127625896317015 -0.055194560539831607 0.062839187144247896 0.005125444789273393 0.013001847673251472 0.0016550368821578864 0.013105509191497253 0.065355357832265731 0.11148513930175792 0.11597344824877893 0.026708853688176076 0.027229141628123749 0.035636217293532467 -0.023822536462483015 0.037753828991999083 -0.0015219523286117305 0.025854077192943654 0.065639618810726205 0.10060781654934137 0.061593715405471039 0.073778038951069366 0.077220852200453799 0.011806241539752377 -0.02089709412982968 0.030323448890743884 0.072612064894371761 0.0090038124743384677 0.073033984192130294 0.036141786696572177
leaf_weight=142.06633596122265 387.47549697011709 65.937134921550751 780.02268026769161 16.226725600659847 67.328136511147022 100.70412135124207 10.02207078039646 52.489099852740765 36.15662707388401 15.868192851543428 34.555269151926041 158.52630300819874 35.222160041332245 31.275633901357651 382.5167718604207 91.63341362029314 179.40215069800615 27.128267206251621 13.0695414096117 73.806036859750748 70.258792921900749 99.943778216838837 34.616539359092712 104.27922254055738 8.8676221147179586 13.553729921579359 86.346015922725201 380.00473003834486 20.236577153205872 65.164983846247196
leaf_count=1316 3011 431 7865 115 514 719 62 432 219 104 180 1004 228 204 3290 649 1332 188 91 426 422 554 203 709 63 88 553 2820 126 408
internal_value=4.92116e-05 0.0262726 -0.0380875 0.0369248 -0.0184801 0.0245976 0.0544515 -0.026487 0.0261692 0.0362183 0.0788655 0.0467013 0.0562364 0.0656649 -0.0304485 0.00323303 0.0142354 0.0427889 0.00303857 0.0733859 0.0815811 0.0846188 0.034059 0.022627 0.0520966 0.0740966 0.0614336 0.0112085 0.031953 0.0503931
internal_weight=3584.7 2124.12 1460.58 1452.54 680.557 852.76 599.784 577.072 103.485 456.529 144.521 455.263 276.5 210.563 524.583 671.581 284.105 355.825 192.472 175.34 144.065 134.499 242.35 142.569 38.2895 29.4219 113.474 396.231 178.763 99.7815
internal_count=28326 14690 13636 9607 5771 5970 3637 5038 733 3035 796 2841 1711 1280 4606 5083 2072 2316 1423 1052 848 734 1575 964 255 192 741 2935 1130 611
is_linear=0
shrinkage=0.05


Tree=7
num_leaves=31
num_cat=0
split_feature=17 0 32 32 31 9 37 2 19 39 18 31 0 12 37 4 33 9 23 23 13 39 25 25 28 39 3 9 25 38
split_gain=1309.96 193.357 173.995 89.1349 58.7822 62.6436 54.7274 34.2071 33.7841 29.2535 27.8554 25.2693 24.3693 24.2758 23.1142 22.3955 19.5572 31.4727 19.3463 17.4177 17.228 17.066 17.4854 16.4462 15.9792 15.9744 15.0607 15.052 14.7343 14.7194
threshold=0.010111218508436187 0.9810000007744385 2.8124115519238168e-09 0.00061573740171336178 11.500000000000002 0.028363772088344261 0.75000000255526944 -0.01153280069975089 5.2137781990155991 0.99274495527214002 0.040040080160320686 54.500000000000007 0.46999999878583337 0.99900128101349084 0.82169807053707333 -0.023810600484663217 6.0011979166666674 0.29404689713460114 19.995560500000003 54.236264000000013 1.0797877511238729 0.58000414602712425 0.014167688754122073 0.53358581990276932 0.99829967331245606 1.0000000180025095e-35 0.11778247565609302 0.05566937533828805 0.0089493414349960786 0.01530614465116271
decision_type=2 2 2 2 2 2 2 2 2 2 2 2 2 2 2 2 2 2 2 2 2 2 2 2 2 2 2 2 2 2
left_child=1 3 4 8 16 14 7 12 13 -5 -7 19 23 -1 -6 21 17 -2 -19 -12 -8 22 27 -4 -21 -18 -17 -9 -13 -14
right_child=2 -3 6 9 5 10 20 15 -10 -11 11 28 29 -15 -16 26 25 18 -20 24 -22 -23 -24 -25 -26 -27 -28 -29 -30 -31
leaf_value=-0.047628124051985819 0.0011832387482473572 -0.054809043190014756 0.061472068140038416 0.0056648342102705949 0.012454333851534001 0.0096910598306663986 0.0022636553493494515 0.13114855847774887 0.012331395854865316 0.061493668886663216 0.0049033099833266196 0.091514722344077593 0.14564179667404981 -0.023040483396363748 -0.024692749930654588 0.035424150248614179 0.022248594443746213 0.090149285594999337 0.025021933273038789 0.043622751919086149 0.053179501467588514 0.08376458411690639 0.042015458633504636 0.0041872164820756733 -0.021414636208962848 -0.0097961481077215081 -0.0017806343852585554 0.045137607387571173 0.042791138927741813 0.081446657152384583
leaf_weight=136.96600490063429 126.31022620201111 747.06750877946615 126.72872105240822 69.643221296370029 357.59515824168921 82.102347284555435 95.065901905298233 10.800273999571802 52.98185521364212 35.386124432086945 39.61024359613657 36.18761257827282 11.684940651059149 375.89674061536789 47.430862478911877 211.39004895836115 44.333077736198902 17.663844034075737 32.169713914394379 218.83334495127201 20.132089950144291 36.045142576098442 195.9083349481225 13.903872087597845 9.8702654689550382 316.82920759171247 31.218334913253784 9.6148711889982206 27.163515724241734 37.866631969809532
leaf_count=1316 983 7865 743 527 2570 554 660 66 432 206 278 223 62 3290 357 1321 346 129 226 1393 138 200 1205 83 65 2462 214 57 163 192
internal_value=1.62111e-05 -0.0373122 0.0245608 -0.0178281 0.0136498 0.0220826 0.043048 0.0484091 -0.0256801 0.0244745 0.0357657 0.0422204 0.0664326 -0.0296069 0.0081042 0.041484 0.000799227 0.0144586 0.0481068 0.0355143 0.0111617 0.0519118 0.0466043 0.0558085 0.0408159 -0.00586262 0.0306367 0.0906402 0.0706232 0.0965848
internal_weight=3574.4 1417.94 2156.46 670.874 1356.1 818.793 800.359 685.161 565.845 105.029 413.767 331.665 190.184 512.863 405.026 494.977 537.306 176.144 49.8336 268.314 115.198 252.369 216.323 140.633 228.704 361.162 242.608 20.4151 63.3511 49.5516
internal_count=28326 13636 14690 5771 9749 5603 4941 4143 5038 733 2676 2122 1080 4606 2927 3063 4146 1338 355 1736 798 1528 1328 826 1458 2808 1535 123 386 254
is_linear=0
shrinkage=0.05


Tree=8
num_leaves=31
num_cat=0
split_feature=17 0 24 35 32 8 2 0 22 8 11 39 4 9 35 33 4 33 10 24 25 18 37 33 16 28 15 26 8 29
split_gain=1197.81 190.724 163.463 95.8205 81.671 65.9403 35.4835 32.3092 26.8316 25.9783 33.1964 22.8832 21.5181 20.1985 28.2881 24.0583 19.9836 17.9928 18.0956 31.1496 17.0553 16.5826 24.4401 16.5377 22.8267 18.3741 16.2592 17.7446 14.9789 20.9835
threshold=0.010111218508436187 0.9810000007744385 1000.6150000000001 0.009018492894383924 0.00061573740171336178 0.014375047317176327 -0.01153280069975089 0.0030000049371222402 424.00080550000001 0.11115431528835223 1.0610373799596209 0.22478602811506432 0.17386531482544379 0.11233860192837467 0.098613182245609957 6.4759027777777787 -1.0986122853447682 0.8791782407407408 0.93396860225474621 2673.0695860000005 0.24717311353528759 0.018145159906433988 0.058823529411764622 9.2266087962962988 0.086853420112138854 0.99829967331245606 0.2331835514579704 1.4263840541983397 0.0019500000010070227 0.99999999936483019
decision_type=2 2 2 2 2 2 2 2 2 2 2 2 2 2 2 2 2 2 2 2 2 2 2 2 2 2 2 2 2 2
left_child=1 4 13 26 7 11 12 -1 -6 -10 -11 28 16 -2 15 -15 -7 -9 19 -19 -16 -8 23 25 -25 -23 27 -4 -5 -30
right_child=2 -3 3 5 8 6 21 17 9 10 -12 -13 -14 14 20 -17 -18 18 -20 -21 -22 22 -24 24 -26 -27 -28 -29 29 -31
leaf_value=-0.048854235217570603 -0.0048008142467574483 -0.054441372569919357 -0.0010947115925576385 0.007814743485146684 -0.01554573387209326 0.030248101590875643 0.012297024830506329 0.060032407765028328 -0.019099717480647455 0.016405234733392331 0.091112655202986281 -0.015962765731761624 0.01636693676461011 0.025676977067074433 0.05423583374732921 -0.0084660505872720584 0.07629867106812814 -0.019231146093275257 -0.037752773384279376 0.033342686050744107 -0.011825114374746004 0.063612051522417876 0.032076467200688567 0.022103010939893877 0.082532380522066129 -0.0046550476895452489 -0.054879785507366885 0.062215190021481959 0.027868010966182716 0.10253608051053326
leaf_weight=112.19748486578465 391.53948935121298 715.3105895742774 167.5442036986351 98.310154810547829 31.789887718856335 27.897865191102028 51.756159588694572 7.118965506553649 15.170808769762514 29.392991878092289 30.094169020652771 37.417252957820892 21.651872053742409 82.027733653783798 52.26133506000042 139.06210336089134 151.44920562207699 295.66807704418898 108.93051350861788 31.141866490244865 12.016964718699453 192.28472045063972 315.34150767326355 74.55725920945406 19.771626114845276 10.389070540666578 12.971544384956358 11.850659646093844 306.92076972126961 9.7066516876220685
leaf_count=1121 3038 7865 1278 700 240 161 326 55 122 200 171 271 128 566 348 1052 805 2589 1013 260 79 1106 1906 454 119 67 103 86 2035 62
internal_value=-1.26753e-05 -0.0365455 0.0229892 0.0321427 -0.0171939 0.0369558 0.0450447 -0.0248877 0.0229239 0.0393046 0.0541992 0.0214865 0.0634511 0.00257279 0.0126898 0.00420154 0.0691354 -0.0188158 -0.020104 -0.0142214 0.0418856 0.0394737 0.0417707 0.0520635 0.0347692 0.0601127 -0.000821334 0.00308748 0.0248636 0.0301571
internal_weight=3563.54 1376.82 2186.73 1509.82 661.505 1317.45 865.099 555.057 106.448 74.658 59.4872 452.355 200.999 676.908 285.368 221.09 179.347 442.859 435.74 326.81 64.2783 664.1 612.344 297.003 94.3289 202.674 192.366 179.395 414.938 316.627
internal_count=28326 13636 14690 9607 5771 8140 5072 5038 733 493 371 3068 1094 5083 2045 1618 966 3917 3862 2849 427 3978 3652 1746 573 1173 1467 1364 2797 2097
is_linear=0
shrinkage=0.05


Tree=9
num_leaves=31
num_cat=0
split_feature=17 1 24 3 32 35 1 7 10 22 15 7 9 10 35 33 23 10 15 35 33 21 24 10 6 15 26 6 14 2
split_gain=1096.53 187.93 142.772 86.1679 74.8176 40.2107 31.4101 28.5609 25.0333 23.6138 22.4011 21.4271 21.0447 18.1528 20.9712 21.4541 16.8662 19.8732 17.3573 16.0787 18.3211 18.208 19.3424 17.1316 16.0144 15.3551 15.418 14.0973 13.9133 19.022
threshold=0.010111218508436187 -0.019182818627336208 1000.6150000000001 -0.0060392750439064629 0.00061573740171336178 0.0082568822851900505 -5.8091413446081308 0.090000000300045888 0.039900839820793725 424.00080550000001 0.0039268990348697297 0.052885220411466781 0.93283361790773711 0.11157636074532773 0.098613182245609957 6.4759027777777787 219.40142850000004 0.93396860225474621 0.086605070740032083 0.20000000000000004 1.6221932870370372 -0.40546510810816422 13009.037773500002 0.0045516362492795791 0.40546510810816433 0.2331835514579704 1.4263840541983397 -0.51082562343365712 0.0046267866027564783 0.17759277445950575
decision_type=2 2 2 2 2 2 2 2 2 2 2 2 2 2 2 2 2 2 2 2 2 2 2 2 2 2 2 2 2 2
left_child=1 4 13 7 6 25 -1 19 -7 -6 -9 -11 -13 -2 15 -15 -8 18 24 -4 27 -22 23 -23 -18 26 -5 -21 -10 -30
right_child=2 -3 3 5 9 8 16 10 28 11 -12 12 -14 14 -16 -17 17 -19 -20 20 21 22 -24 -25 -26 -27 -28 -29 29 -31
leaf_value=-0.048255186598007566 -0.0046705645199214977 -0.054090016914435914 0.0023608681788816624 -0.00080542010359540683 -0.014929914865899303 0.015015467121544324 -0.024133875097250471 -0.0054707022803089497 0.021943827939293004 -0.022774302261235203 0.058054822750260027 0.062388685356845809 -0.010947716416939148 0.02450479173766007 0.036402170420630445 -0.0074351785117975581 0.015223815354852763 -0.03535482294651409 -0.026037926092808156 0.0052352087758919114 0.017364723320360008 -0.023153049856316558 0.071064742627932762 0.044374971310668331 0.094546166030907222 -0.054261266686025544 0.058494012525146293 0.066330537681542887 0.045526682926885206 -0.012767754726089087
leaf_weight=108.01707033813 386.41594639420509 684.73264940828085 35.946198910474777 165.06669273972511 31.454808101058006 316.99066879600286 318.31835793703794 14.580753184854983 144.49496798962355 12.678086459636686 287.74031598865986 51.376538760960102 12.083001337945459 84.059849038720131 67.012743756175041 140.36903899163008 55.182508789002895 32.460392981767654 23.51548670232296 58.723251894116402 50.823692992329597 10.253112897276877 74.261362120509148 111.86227025091648 7.1923158317804328 12.476006798446177 11.741074897348879 11.250875413417814 215.28780046105385 14.966831520199774
leaf_count=1121 3011 7865 223 1261 240 2207 2888 89 918 105 1508 300 88 571 433 1068 463 306 201 365 314 67 418 643 59 103 82 71 1245 93
internal_value=-3.90262e-05 -0.035794 0.0215499 0.0299828 -0.0165877 0.0197698 -0.0241138 0.0437108 0.0253575 0.0215134 0.054991 0.0365693 0.0484251 0.00243536 0.011857 0.00452794 -0.0181421 -0.00202645 0.0105693 0.0340534 0.0376452 0.0440387 0.0509422 0.0387051 0.0243703 -0.000650502 0.00313241 0.0150585 0.0341055 0.0417375
internal_weight=3551.33 1337.01 2214.32 1536.47 652.279 881.024 544.686 655.442 691.74 107.592 302.321 76.1376 63.4595 677.858 291.442 224.429 436.669 118.351 85.8903 353.121 317.175 247.2 196.377 122.115 62.3748 189.284 176.808 69.9741 374.75 230.255
internal_count=28326 13636 14690 9607 5771 5909 5038 3698 4463 733 1597 493 388 5083 2072 1639 3917 1029 723 2101 1878 1442 1128 710 522 1446 1343 436 2256 1338
is_linear=0
shrinkage=0.05


Tree=10
num_leaves=31
num_cat=0
split_feature=18 32 37 23 8 7 17 0 22 3 0 37 36 33 10 33 10 0 33 29 18 24 34 23 17 7 34 17 38 26
split_gain=994.151 166.833 153.638 63.3503 46.969 36.2939 32.3218 31.7349 52.1168 32.4657 27.8134 27.757 25.7115 24.135 20.4459 22.1481 19.7132 27.5598 21.9917 17.6481 17.8224 17.4104 17.1232 15.6901 15.2515 15.388 14.7954 17.6854 14.49 19.5738
threshold=0.010111218508436187 0.0014069037980265621 0.034482746972058817 139.09500000000003 0.0040000000005144002 0.54919998690413963 0.017180398033779298 0.98500000731250037 1000.0050000000001 0.012039592841404616 0.98500000731250037 0.047815342892760175 0.036585362064227071 1.7892071759259263 0.30682251316161013 6.4759027777777787 0.030393527239292121 0.0049988355263157905 8.6861284722222241 0.9851706037963488 0.79166656666656687 40.665000000000013 0.52301491579871551 211.62869750000002 0.10858337123216107 0.0035811622424248113 1.4440185383888942 0.23618539068181824 0.13169856165693969 -0.073824630851065179
decision_type=2 2 2 2 2 2 2 2 2 2 2 2 2 2 2 2 2 2 2 2 2 2 2 2 2 2 2 2 2 2
left_child=2 3 10 14 -5 11 -6 8 23 -10 -1 22 -7 -11 -2 21 17 -8 28 24 26 -16 -3 -4 -13 -26 -21 -28 29 -18
right_child=1 5 7 4 6 12 16 -9 9 13 -12 19 -14 -15 15 -17 18 -19 -20 20 -22 -23 -24 -25 25 -27 27 -29 -30 -31
leaf_value=-0.036212895309133131 -0.0089053639212945297 0.018692396125618748 -0.028722572584052565 -0.0051902357382159862 -0.0029019814015066514 0.034283740412433504 0.06044044608983129 -0.051388981490799845 0.13771667456732212 0.078555476449316153 -0.054873928611118561 -0.017628321615917066 0.069138189570333339 0.0011008745483565541 0.10805235233314464 -0.0020805649119091155 0.065321873184718174 0.0079722534476579354 0.018704187738221661 0.065208548989539303 0.10952000175976227 0.023260568731734849 0.050684129645077083 0.0057730751904803094 -0.014965768953218682 0.023997088871341346 0.054690886095332902 -0.014769030551027684 0.030330308452602213 0.021167534039083589
leaf_weight=301.58082524687052 465.00870575755835 54.463332310318947 61.178998820483685 189.00881234556437 105.61560651659966 93.84594139456749 28.797179490327835 27.323595643043518 8.6359996572136861 16.494592040777206 590.91387689113617 30.897894568741322 121.30453409999609 25.772182196378708 6.5760473459959021 153.72010416537523 97.617337629199028 191.21235689520836 159.31700906902552 23.311098322272301 8.9388561323285085 76.256815209984779 180.26149912923574 71.47553962469101 28.574499219655991 223.91918439418077 15.839529506862162 21.744328446686268 127.95866610109806 33.78720124065876
leaf_count=3098 3684 326 553 1415 811 538 197 328 57 85 7100 212 597 169 51 1194 574 1322 991 143 54 520 1029 576 204 1346 105 136 778 201
internal_value=-0.000119939 0.0177021 -0.0394989 0.00853491 0.0170683 0.0363639 0.0227206 -0.00111571 0.00636776 0.0493771 -0.0485682 0.0299341 0.0539351 0.0313275 -0.00281737 0.00915021 0.0269576 0.0148398 0.0333253 0.021078 0.0435921 0.0299921 0.0432611 -0.010136 0.0155301 0.0195877 0.0339144 0.0145045 0.0423066 0.0539688
internal_weight=3541.35 2437.98 1103.38 1634.88 933.314 803.101 744.305 210.881 183.557 50.9028 892.495 587.95 215.15 42.2668 701.562 236.553 638.69 220.01 418.68 353.225 69.8338 82.8329 234.725 132.655 283.392 252.494 60.895 37.5839 259.363 131.405
internal_count=28394 16428 11966 11738 6289 4690 4874 1768 1440 311 10198 3555 1135 254 5449 1765 4063 1519 2544 2200 438 571 1355 1129 1762 1550 384 241 1553 775
is_linear=0
shrinkage=0.05


Tree=11
num_leaves=31
num_cat=0
split_feature=18 35 37 31 8 0 10 34 0 9 14 35 7 33 2 10 7 13 28 23 24 38 33 17 10 25 23 33 16 38
split_gain=916.435 165.661 148.708 81.1861 45.2105 29.7945 44.0789 40.2666 28.4044 26.2486 25.9681 22.6731 26.3685 19.9883 20.8562 19.8302 18.4072 17.4079 17.366 15.9516 15.8922 15.6462 15.6268 20.191 19.7883 16.4141 15.5037 18.3412 19.6398 15.2725
threshold=0.010111218508436187 0.010526317273684228 0.034482746972058817 15.500000000000002 0.42955247849998718 0.98500000731250037 0.027963855069759121 1.344454576715383 0.98500000731250037 0.13247271446782921 0.011194174272342249 0.17647059811764712 0.0038000000003301057 0.72898148148148156 -0.69314682108371328 0.91597220354441744 0.89000001507786697 1.0523946592125044 0.43306318725200171 612.45012950000023 872.61873200000014 0.10532213994505428 9.4793518518518542 0.73076922807692302 0.0095943141497707597 0.39195627215980616 452.24820600000004 2.5476504629629635 0.16037752064250235 0.0091413648894591217
decision_type=2 2 2 2 2 2 2 2 2 2 2 2 2 2 2 2 2 2 2 2 2 2 2 2 2 2 2 2 2 2
left_child=2 18 8 9 11 6 -4 -8 -1 -3 29 -5 -13 -14 -15 -11 19 -9 -2 -12 -16 26 24 -24 -20 -26 -22 28 -28 -6
right_child=1 3 5 4 10 -7 7 17 -10 15 16 12 13 14 20 -17 -18 -19 22 -21 21 -23 23 -25 25 -27 27 -29 -30 -31
leaf_value=-0.035415348928155475 -0.021675284192740816 -0.0034555419306852987 -0.031689047487853811 0.009979475651789858 0.063189135065571847 -0.050978410359631368 0.058507601553072087 -0.014763868734615654 -0.054596845321724818 0.030457789721504265 0.010547842084800193 0.014420938682056274 -0.008691643708692201 0.090784202628254165 0.0006307474557477996 -0.0038442202495805179 0.08770648469014844 0.035251065238575408 -0.012603005054693231 0.057031922026286742 0.013524310334151024 0.031387170877219095 -0.015078305743119975 0.075789236848290087 0.0094550710148086515 0.056554397497796664 0.069935796886097995 0.070351454781088743 -0.0047545953534188197 0.024562400310114325
leaf_weight=293.16945064067841 122.20630111545324 269.61217201501131 54.50124941021204 194.17668917775154 31.408956691622734 26.195065438747406 47.547639988362789 56.528084270656109 564.87518325448036 143.06885132193565 21.555644974112511 218.42771822214127 25.016519948840141 17.460731491446495 31.189685471355915 59.721310429275036 42.268642172217369 25.132541432976723 105.0946357473731 128.34169393777847 23.198036596179008 326.91136920452118 188.97619862109423 6.3177275061607352 223.22331725805998 20.16951360553503 15.632941246032713 87.906771287322044 20.140222430229187 138.13546600937843
leaf_count=3098 1030 2036 492 1201 180 328 292 465 7100 923 113 1460 157 95 205 417 204 191 869 615 138 1909 1542 50 1728 151 83 457 109 756
internal_value=-0.000137553 0.0166522 -0.0388149 0.0245571 0.0309156 -0.00109193 0.00602136 0.021928 -0.0480431 0.0067661 0.045981 0.0252396 0.0291086 0.0349688 0.0370594 0.0203559 0.0585649 0.000629136 -0.00464381 0.0503474 0.0352018 0.0374776 -0.000816259 -0.0121388 0.00552892 0.0133581 0.0510332 0.0580685 0.0278852 0.0317182
internal_weight=3528.11 2460.16 1067.95 1794.17 1321.77 209.905 183.71 129.208 858.045 472.402 361.71 960.061 765.884 547.456 522.44 202.79 192.166 81.6606 665.988 149.897 504.979 473.789 543.781 195.294 348.487 243.393 146.878 123.68 35.7732 169.544
internal_count=28394 16428 11966 11058 7682 1768 1440 948 10198 3376 1868 5814 4613 3153 2996 1340 932 656 5370 728 2901 2696 4340 1592 2748 1879 787 649 192 936
is_linear=0
shrinkage=0.05


Tree=12
num_leaves=31
num_cat=0
split_feature=18 37 32 24 8 1 37 1 39 33 11 1 38 33 34 3 33 7 33 26 7 29 1 26 34 11 15 13 16 10
split_gain=845.312 143.92 131.65 53.093 37.9718 29.0012 28.0626 27.9959 41.0965 29.1121 25.4088 24.4631 21.1141 20.8956 19.8354 19.6402 19.1224 19.0174 20.7839 17.0485 16.51 15.8221 15.8079 14.2312 14.1608 12.4174 13.4413 15.3408 12.32 16.1362
threshold=0.010111218508436187 0.034482746972058817 0.0014069037980265621 566.94000900000003 0.0040000000005144002 -0.01511363038619015 0.41392917909733956 -0.015113638472631538 0.73760254997385688 2.1334375000000003 1.102585589679921 -0.051032066945921196 0.21428571428571433 3.0398611111111111 1.4102485001770944 -0.011428195822969502 11.149467592592595 0.020000000057879972 5.7376909722222225 -0.24506324403587701 0.14221478408978019 0.97699815583510852 -0.052873647417675432 -0.17501340395329693 0.48896690682115518 0.62878726378814342 0.21919238442934122 0.80865158589802799 0.017882847017395721 0.6006731467208225
decision_type=2 2 2 2 2 2 2 2 2 2 2 2 2 2 2 2 2 2 2 2 2 2 2 2 2 2 2 2 2 2
left_child=1 5 3 10 16 -1 -4 8 -3 -10 17 12 14 -13 23 -14 25 -2 -19 -18 21 -8 -11 -6 -22 26 -5 -28 -20 -30
right_child=2 7 6 4 11 -7 20 -9 9 22 -12 13 15 -15 -16 -17 19 18 28 -21 24 -23 -24 -25 -26 -27 27 -29 29 -31
leaf_value=-0.034621836507597085 -0.012639560490937441 -0.020093224641085802 0.037249048863800059 -0.016456364326542263 0.066232913363455104 -0.05433499072073094 0.0011794470730698869 -0.048972827007342526 0.069634630721940247 0.024936252818522256 -0.035686009972634665 0.044135207897736117 0.033280136262625222 -0.022113874456177282 0.023806622211233891 0.0058619874652363077 0.089698370469159239 0.025053975639116273 -0.01187320515752842 -0.005303426212333145 0.085967491989432543 0.040003312665253823 -0.027879803179584522 0.024921190669679447 0.02391830967449883 -0.018469069085084722 0.0034133460461111295 0.072269664478904122 0.0035785385372403148 0.062069807712775808
leaf_weight=285.10128364712 211.8608376160264 82.827220976352692 621.8657787963748 28.796784117817879 54.900287665426731 539.84993100166321 132.36034727841616 26.61268812417984 29.114021472632885 50.740448854863644 57.744503431022167 14.993102960288523 87.458162114024162 57.739294610917568 320.4774304330349 257.96267329901457 9.6709993258118647 104.1634393632412 132.92752268910408 9.228949122130869 13.587570920586584 32.732383251190186 19.654955044388771 33.608260735869408 28.444040350615978 126.43772715330124 21.0162283629179 13.150884658098219 95.153690606355667 13.459028236567972
leaf_count=3098 1729 744 3380 212 325 7100 863 345 156 376 483 102 508 417 1994 1768 70 729 1087 70 72 212 147 203 163 982 145 91 727 96
internal_value=-0.000152883 -0.0381336 0.0156828 0.00751862 0.0144311 -0.0475222 0.0319399 -0.00106686 0.00592519 0.0275818 -0.00411363 0.0192361 0.021906 -0.00845725 0.0295933 0.0128041 -0.00464905 -0.000843821 0.00638507 0.0433085 0.0159998 0.00887692 0.0101896 0.0505461 0.043977 -0.00943462 0.00870746 0.0299161 -0.00166583 0.0108266
internal_weight=3513.64 1033.9 2479.74 1650.75 1035.44 824.951 828.99 208.949 182.337 99.5094 615.309 827.139 754.407 72.7324 408.986 345.421 208.302 557.565 345.704 18.8999 207.124 165.093 70.3954 88.5085 42.0316 189.402 62.9639 34.1671 241.54 108.613
internal_count=28394 11966 16428 11738 6887 10198 4690 1768 1423 679 4851 5317 4798 519 2522 2276 1570 4368 2639 140 1310 1075 523 528 235 1430 448 236 1910 823
is_linear=0
shrinkage=0.05


Tree=13
num_leaves=31
num_cat=0
split_feature=17 0 23 32 8 9 3 33 34 33 7 39 31 37 7 10 23 37 9 31 4 11 7 16 33 33 31 23 37 26
split_gain=771.665 181.54 99.8797 57.4688 52.9155 32.2637 30.2459 25.7947 25.4785 22.4749 18.4682 18.3862 20.165 19.0124 21.9594 17.503 17.3258 17.2848 16.1604 15.9679 14.5356 14.3228 14.2773 13.8912 11.5639 16.0949 13.6688 13.4667 11.5172 15.9881
threshold=0.010111218508436187 0.98405142914451915 139.09500000000003 0.0028321998867398266 0.011060957227195386 0.0017333333333395837 -0.010157530278109827 4.0101215277777795 -0.18677598343728605 1.7402314814814817 0.95845955876759648 0.22478602811506432 24.500000000000004 0.31250001621170992 0.0012030084982746377 0.93005137644082569 219.40142850000004 0.18749986640621627 0.17437497784453851 7.5000000000000009 -0.41593464978455436 0.92521995834384285 0.48000004117592654 0.016328690158907203 6.2148206018518524 4.0798553240740754 8.5000000000000018 13.155784000000002 0.039989516310315519 2.3546816149449472
decision_type=2 2 2 2 2 2 2 2 2 2 2 2 2 2 2 2 2 2 2 2 2 2 2 2 2 2 2 2 2 2
left_child=1 3 18 5 11 -1 19 17 -7 -5 20 12 -4 14 -14 16 -10 23 -2 -6 -9 -20 -19 -8 25 27 -26 -23 29 -21
right_child=2 -3 4 9 6 8 7 10 15 -11 -12 -13 13 -15 -16 -17 -18 22 21 28 -22 24 -24 -25 26 -27 -28 -29 -30 -31
leaf_value=-0.049328063176410253 -0.0072131461993793031 -0.053484141360739756 -0.0048803195047833637 0.062241490891058321 -0.004243761870406185 0.080651093686243111 0.02446794080585997 0.04771519987702063 -0.01832374408058602 0.0068610412244120211 -0.022779645429370787 -0.020713965316064994 0.0070905961502255631 0.00064929106497118184 0.037619477607173712 -0.032292486492785523 0.0067516552315652692 0.010437776488404465 0.041375102028801541 0.050051737184348737 0.014136874045069144 0.040719964532623998 0.05994470166332564 0.060986548433234533 -0.017507902823513707 0.050628513397562705 0.015543199970895469 -0.017259276323220527 0.031027721450490632 0.012812334195354214
leaf_weight=84.719246096909046 363.07471258938313 553.09071650356054 120.35547125339508 24.183689206838608 21.809408262372017 6.7428861409425727 39.317514203488827 35.563671380281448 238.51886837929487 75.556534595787525 31.123590022325516 44.788011431694031 94.086653672158718 102.41598980128765 157.51803942024708 136.98773710429668 96.861906759440899 76.453478991985321 30.870707437396049 262.38135509938002 343.77990878373384 15.091123670339583 17.989893853664398 77.11531925201416 77.267098113894463 27.857368856668472 52.56290889531374 29.775545582175255 229.75501278787851 32.379375532269478
leaf_count=1000 2833 7593 879 122 146 53 229 209 2263 520 216 333 653 697 950 1465 816 467 201 1319 2111 98 89 426 609 178 361 189 1204 165
internal_value=-0.000166442 -0.032329 0.0169712 -0.014696 0.0231898 -0.0208848 0.0290948 0.021549 -0.0158553 0.020289 0.014247 0.00990874 0.0128 0.0188107 0.0262033 -0.0172328 -0.0110817 0.0357623 -0.000614315 0.0376767 0.0172849 0.00964967 0.019868 0.0486548 0.00481449 0.0207769 -0.00412685 0.00224232 0.0394197 0.045961
internal_weight=3499.99 1216.66 2283.33 663.571 1686.83 563.831 1167.67 621.343 479.111 99.7402 410.467 519.164 474.376 354.021 251.605 472.369 335.381 210.876 596.499 546.325 379.344 233.425 94.4434 116.433 202.554 72.724 129.83 44.8667 524.516 294.761
internal_count=28394 13832 14562 6239 10093 5597 6581 3747 4597 642 2536 3512 3179 2300 1603 4544 3079 1211 4469 2834 2320 1636 556 655 1435 465 970 287 2688 1484
is_linear=0
shrinkage=0.05


Tree=14
num_leaves=31
num_cat=0
split_feature=18 37 35 24 8 0 35 23 0 10 34 33 10 34 18 24 8 28 35 33 10 19 12 12 28 33 33 25 27 28
split_gain=721.888 135.283 121.568 59.3654 53.0302 29.9313 29.7501 25.276 33.9568 26.4542 23.5786 21.9407 20.7864 23.1495 19.4998 19.2051 15.9161 15.3509 14.9562 13.1973 15.8251 13.0441 12.5543 12.4056 12.3624 18.6749 11.9468 11.9164 11.7441 12.6158
threshold=0.010111218508436187 0.034482746972058817 0.010526317273684228 196.86478300000002 0.40379931208974046 0.98500000731250037 0.11111111111111106 211.62869750000002 0.98800000084085127 0.029158106999109801 -0.43793090951855568 0.8125520833333334 0.020469067276955622 -0.2564930544121487 0.034517802074572508 2673.0695860000005 0.94573076096302666 0.43306318725200171 0.50000000100000008 9.4793518518518542 0.0045516362492795791 7.1989618144699303 0.66430060398141721 0.99911707387481208 0.75350456110133057 9.1797106481481503 9.4628587962962971 0.19101567034600428 0.99636835373422961 0.24170782249993236
decision_type=2 2 2 2 2 2 2 2 2 2 2 2 2 2 2 2 2 2 2 2 2 2 2 2 2 2 2 2 2 2
left_child=1 5 17 -4 6 23 -5 -3 9 -9 -6 -11 15 -14 26 -8 -16 -2 27 20 -19 -22 -21 -1 25 -20 -12 -17 29 -15
right_child=2 7 3 4 10 -7 12 8 -10 11 14 -13 13 28 16 18 -18 19 24 22 21 -23 -24 -25 -26 -27 -28 -29 -30 -31
leaf_value=-0.048578000956099043 -0.02064840871806984 -0.028007505925761518 -0.0092476373813614419 -0.0029462896853726843 0.10230403755638827 -0.053855370061119706 -0.0018247702098446615 -0.02435089260340401 -0.054113732081193557 0.10403595817564713 0.02790977387359992 0.023730490584915831 -0.012940955189676485 -0.0034005850576260301 0.03968244371829896 0.0065008708994462421 0.088031320929876478 -0.017892261071027645 0.009544091362007557 0.042098097467218494 0.0076081030582140843 0.059920679159838286 -0.01441769771744412 -0.025734558424552204 0.048619545042282726 0.08222028591307784 -0.0066804801882402514 0.040068379577774371 0.0097594416022332639 0.034474352363943681
leaf_weight=88.08519934117794 119.47233702242374 60.796239160001278 153.47461903095245 152.62742070108652 13.578837558627127 492.99183562397957 148.34943650662899 27.215110078454018 17.911469377577305 9.3784175813198072 114.74206337332726 91.381181597709656 33.658867686986923 23.137652508914471 298.73234444856644 185.31155472248793 18.050278782844543 62.460996888577938 68.42451511323452 10.386597312986849 275.68683743476868 12.454615354537962 182.16803960502148 182.72220904380083 63.333688601851463 10.150496482849119 31.902735613286495 30.83897377550602 64.095694810152054 441.81495118886232
leaf_count=1108 1030 589 1147 963 64 7100 1047 247 255 49 627 628 204 143 1500 1193 91 536 424 81 2122 90 1511 1990 381 58 205 191 400 2420
internal_value=-0.000177873 -0.0368086 0.0139579 0.0205332 0.0232237 -0.0465195 0.0177037 -0.000921737 0.0103659 0.0193906 0.037362 0.0312051 0.0206517 0.0272656 0.0354591 0.0133026 0.0424374 -0.00442167 0.01957 -0.000852448 0.00492345 0.00986926 -0.0113692 -0.0331648 0.0321818 0.0189326 0.0203846 0.0112901 0.0298236 0.0325896
internal_weight=3485.34 970.482 2514.85 1852.22 1698.75 763.799 1221.74 206.682 145.886 127.975 477.006 100.76 1069.12 562.707 463.427 506.409 316.783 662.629 358.059 543.157 350.602 288.141 192.555 270.807 141.909 78.575 146.645 216.151 529.048 464.953
internal_count=28394 11966 16428 11058 9911 10198 7424 1768 1179 924 2487 677 6461 3167 2423 3294 1591 5370 2247 4340 2748 2212 1592 3098 863 482 832 1384 2963 2563
is_linear=0
shrinkage=0.05


Tree=15
num_leaves=31
num_cat=0
split_feature=0 35 10 24 0 34 32 7 2 0 33 24 35 6 31 19 7 39 6 36 38 37 14 24 7 38 31 25 17 33
split_gain=687.569 195.716 52.2352 50.9701 49.8556 32.176 29.7589 32.9621 27.0271 21.0577 20.4765 19.853 19.6529 19.0362 15.8243 14.2755 13.7968 18.9143 13.6973 17.7267 13.5551 12.6416 12.641 12.5991 17.7 17.4437 12.5818 13.6476 12.2824 12.1388
threshold=0.9819999988585989 0.0082568822851900505 0.00107878007526441 162.45629300000004 0.43000000542490674 -0.43793090951855568 0.0038311262868356492 0.13658940675241707 -2.8010139247290339e-09 0.9580000048259617 2.4327893518518526 21955.608249500001 0.041666635121370421 -0.052072744027783335 9.5000000000000018 -6.562168205037632 0.0072000000018000001 0.02631578949540167 -0.76213998049257248 0.87517918785922244 0.24549237364232668 0.13580249350863918 0.007409948832234765 552.14928450000014 0.0089452671199426823 0.20689655172413798 22.500000000000004 0.18210792419882293 0.022050112583096339 7.7590625000000015
decision_type=2 2 2 2 2 2 2 2 2 2 2 2 2 2 2 2 2 2 2 2 2 2 2 2 2 2 2 2 2 2
left_child=1 2 -1 -3 8 -6 9 -8 10 23 -5 -12 22 16 -15 -14 26 18 19 -18 -9 -17 -7 25 -25 28 -10 29 -4 -28
right_child=-2 3 6 4 5 12 7 20 13 -11 11 -13 15 14 -16 21 17 -19 -20 -21 -22 -23 -24 24 -26 -27 27 -29 -30 -31
leaf_value=-0.049080582831565661 -0.051349299105262848 -0.0099058096997674053 -0.012554609623350782 0.010921652407141999 0.11018543982924625 0.014394256384379476 -0.012247670746733703 0.014773485468616759 -0.0073930049309064621 -0.027266608779501513 0.030846737158519502 0.069211576672563224 -0.01108176865388863 -0.027505546385277031 0.0068707531476408278 0.05510224233998598 0.061077707347633271 0.015155483145324276 0.017005860757348817 0.013987881444153652 0.056079228671366194 0.023799471876248281 0.036701346138602188 -0.01383096165109522 0.011914908386917758 -0.025231986952471315 0.0030809348190933821 0.043548263334259082 0.0087723599676489319 0.038564759211674085
leaf_weight=70.655991435050964 543.28515762835741 137.00090497732162 154.73881055414677 86.88514056801796 14.050511002540587 143.94468296319246 56.360222935676575 35.897642582654953 83.164149828255177 122.29107612371445 133.95614590495825 45.065121978521347 10.69485206902027 38.098898366093636 275.94936482608318 148.27023567259312 72.596933387219906 266.56337770819664 54.711058482527733 27.577351167798042 44.463194876909256 41.220113456249237 113.65389316529036 101.71232227981091 194.24869494140148 134.45680999755859 131.84999968111515 36.172224417328835 119.75791601836681 29.49354076385498
leaf_count=910 8013 1040 1497 470 63 868 437 222 601 1235 714 232 53 275 1731 722 410 1558 336 148 240 197 573 863 1541 1239 831 216 980 184
internal_value=0.000307285 0.00990026 -0.00758359 0.0194662 0.0217605 0.0356564 -0.00454185 0.0170677 0.0166465 -0.00811349 0.0308382 0.0405043 0.0333689 0.012933 0.00270038 0.0451208 0.0175098 0.0232297 0.0371256 0.0481142 0.0376277 0.0482929 0.0242363 -0.00479074 0.00306688 -0.0104773 0.00892133 0.0157905 -0.00325004 0.00956737
internal_weight=3468.79 2925.5 1034.58 1890.92 1753.92 471.834 963.927 136.721 1282.08 827.206 265.906 179.021 457.784 1016.18 314.048 200.185 702.129 421.449 154.885 100.174 80.3608 189.49 257.599 704.915 295.961 408.954 280.68 197.516 274.497 161.344
internal_count=28399 20386 9164 11222 10182 2476 8254 899 7706 7355 1416 946 2413 6290 2006 972 4284 2452 894 558 462 919 1441 6120 2404 3716 1832 1231 2477 1015
is_linear=0
shrinkage=0.05


Tree=16
num_leaves=31
num_cat=0
split_feature=18 0 32 33 9 8 33 31 35 13 16 38 0 3 26 27 13 29 0 16 14 7 33 21 17 9 2 7 4 29
split_gain=646.667 121.522 79.0876 53.7352 37.0747 32.1275 26.9641 26.3299 22.2378 22.0123 21.605 18.1761 18.2027 17.112 17.0538 16.6562 15.3116 14.4088 13.7651 16.3068 13.6464 19.7171 17.1109 15.5713 14.7476 13.6439 13.4827 13.2531 12.9948 12.8337
threshold=0.010111218508436187 0.98405142914451915 2.8124115519238168e-09 2.7941608796296298 0.028363772088344261 0.062576150504756595 5.8707407407407421 15.500000000000002 0.19608950080592244 1.0198592625508842 0.0061520901775387838 0.20000000101313875 0.97999999657000003 0.11778247565609302 -0.097862425240236681 0.94540044015954783 0.99941701264786442 0.99999999327301214 0.93500002290742446 0.00038711187363309088 0.007409948832234765 0.74459437188023447 1.5536979166666669 0.083381653939055528 0.022988500862059249 0.13247271446782921 1.1447403691396841e-07 0.93999999896951525 0.2513144287809061 0.99999999644223059
decision_type=2 2 2 2 2 2 2 2 2 2 2 2 2 2 2 2 2 2 2 2 2 2 2 2 2 2 2 2 2 2
left_child=1 3 4 5 8 -1 11 18 -2 26 -5 12 14 20 15 -6 -9 -10 -8 -20 24 22 -22 28 -4 -12 -7 -27 -24 -19
right_child=2 -3 13 10 6 9 7 16 17 -11 25 -13 -14 -15 -16 -17 -18 29 19 -21 21 -23 23 -25 -26 27 -28 -29 -30 -31
leaf_value=-0.02631761853246975 -0.011679897078515272 -0.053049299618184789 -0.0088916846236988239 -0.036602563083833813 0.056731990505023526 -0.015514646692107859 0.0022075258733838961 0.031111660317196706 0.0028656546483471564 0.07710392055039339 -0.027632098135915439 0.0064752658187330701 -0.034210473818078867 0.0094492765464927742 0.009554889337327354 0.024385668386495238 0.0058321320501401441 0.086205169321152297 0.052859568456512178 -0.035049068836228478 0.0072240120957397878 0.047173491318900661 0.027861434562090184 0.046245411158637541 0.026151536615432631 0.012786087873062636 0.06028534037331014 -0.028516909530364138 -0.0074012833861605348 0.018739203766708866
leaf_weight=23.488588087260723 330.3315657377243 483.66146912425756 49.033873729407787 181.710952013731 96.479113660752773 16.454722709953788 295.75583074986935 129.98980157822371 321.55644729733467 25.58906614035368 75.696024157106876 94.54395642131567 9.7332355156540853 154.8130099400878 48.167944401502609 67.742909662425518 111.09023498743773 9.3870465680956823 5.9313117265701285 47.69385764747858 98.199227333068848 139.78469754755497 286.40933757275343 113.47118330001831 77.436205498874187 67.22567842900753 9.1169160604476911 27.312921985983849 28.748656801879406 28.299871250987053
leaf_count=260 2736 7599 314 2228 584 160 2222 773 2212 133 742 595 76 971 299 424 644 59 57 405 540 655 1496 570 446 533 56 257 170 183
internal_value=0.000276055 -0.0358918 0.0132141 -0.0164392 0.0064223 0.0220924 0.0130651 0.00675215 -0.00231627 0.0443181 -0.0246119 0.0248364 0.0326516 0.0246546 0.0357157 0.0433889 0.0194628 0.00629378 -0.00201846 -0.0253258 0.0276227 0.0304795 0.0260501 0.0303631 0.0125649 -0.0118129 0.0115099 0.000853337 0.0246448 0.0355436
internal_weight=3454.86 910.256 2544.6 426.595 1596.7 74.6493 907.128 590.461 689.575 51.1607 351.946 316.667 222.123 947.896 212.39 164.222 241.08 359.243 349.381 53.6252 793.083 666.613 526.828 428.629 126.47 170.235 25.5716 94.5386 315.158 37.6869
internal_count=28399 11968 16431 4369 11269 609 6079 4101 5190 349 3760 1978 1383 5162 1307 1008 1417 2454 2684 462 4191 3431 2776 2236 760 1532 216 790 1666 242
is_linear=0
shrinkage=0.05


Tree=17
num_leaves=31
num_cat=0
split_feature=1 35 10 2 10 33 1 31 18 35 18 33 15 26 20 34 14 37 10 14 19 34 28 13 10 32 7 14 33 35
split_gain=604.535 158.832 48.0497 39.114 29.6588 24.7541 27.969 24.3569 24.2883 20.8509 19.9755 15.1082 15.0612 14.5553 16.0278 15.8846 14.0578 13.4328 13.314 12.6747 11.8303 11.5154 10.9829 14.4958 10.8434 10.164 10.0539 10.0156 9.93929 9.71388
threshold=-0.018163971789994245 0.0082568822851900505 0.00107878007526441 -0.0072084159417268217 0.38716708323790422 2.9704050925925931 -1.7147985274252686 15.500000000000002 0.019185814629875193 3.5343171072300267e-07 0.042553038297565918 2.7234837962962968 0.019643168540077777 -0.51594824229417491 -1.1077623036263622 0.98846495541911283 0.007409948832234765 0.031712448652458043 0.033833333333333354 0.012469826945203292 -7.1655961161680048 0.80157590111263055 0.082075247533285614 0.5123603156501525 0.33842556351567571 0.32990259677614336 0.73000000016733424 0.011194174272342249 2.9704050925925931 0.13310691912867034
decision_type=2 2 2 2 2 2 2 2 2 2 2 2 2 2 2 2 2 2 2 2 2 2 2 2 2 2 2 2 2 2
left_child=1 2 -1 12 7 6 11 29 17 -8 16 -4 27 -9 15 -15 -6 -7 -19 -2 -12 26 -10 -24 28 -23 -14 -3 -17 -5
right_child=19 3 5 4 10 8 9 13 22 -11 20 -13 21 14 -16 24 -18 18 -20 -21 -22 25 23 -25 -26 -27 -28 -29 -30 -31
leaf_value=-0.048322590105636012 -0.051540217566409412 0.033909053260073041 -0.01385386433816552 -0.019677749568775323 0.0025224505958721284 -0.027640883031045393 0.051595578347423246 -0.034265277304231664 -0.026186828249795083 -0.0075763686871688557 -0.01808546331422833 0.057784931076313086 0.0074097509721126002 0.0069734152453191263 0.0062340762540742251 0.07397380195842182 0.030107114407037828 -0.029714234666031604 0.0031580000124250677 0.027109288870720911 0.035422387768739731 0.031354811188078972 -0.039007758189368615 0.0036329007237561948 -0.01919993707441069 0.07186131404220121 0.054151882677206567 0.077784614565379717 0.027126662387138702 0.0020618936150809792
leaf_weight=66.00696187466383 492.46131601929665 24.650794044137001 72.280494451522827 65.446827374398708 128.26067290455103 177.00612682849169 55.5864048153162 15.292416073381899 38.671634793281555 20.334053002297878 10.758678331971167 8.1939414367079717 84.088003359735012 141.63423493504524 311.59263622760773 11.772880390286444 72.179323449730873 44.707431100308895 99.040313981473446 5.1763891801238051 259.26986499130726 191.9552186280489 20.92639148235321 419.14946806430817 12.170505627989767 16.845724985003471 13.327657192945479 27.536062031984329 295.73471714556217 239.13514049351215
leaf_count=910 7951 126 615 478 828 1930 347 94 354 147 56 70 445 826 1890 66 365 443 780 62 1329 974 177 3391 63 85 56 128 1670 1743
internal_value=0.000246844 0.00886366 -0.00706337 0.0173334 0.0139178 -0.00421433 0.0139779 0.00939888 -0.00777301 0.0357473 0.024414 -0.00655957 0.0322314 0.0140392 0.014995 0.0209125 0.0124558 -0.01842 -0.0070657 -0.0507221 0.0332905 0.028 -0.000639691 0.00160526 0.0270882 0.0346228 0.0138046 0.0570597 0.0289202 -0.0026094
internal_weight=3441.19 2943.55 1021.9 1921.65 1563.25 955.896 156.395 1092.78 799.501 75.9205 470.469 80.4744 358.403 788.197 772.905 461.312 200.44 320.754 143.748 497.638 270.029 306.217 478.747 440.076 319.678 208.801 97.4157 52.1869 307.508 304.582
internal_count=28399 20386 9164 11222 9408 8254 1179 6830 7075 494 2578 685 1814 4609 4515 2625 1193 3153 1223 8013 1385 1560 3922 3568 1799 1059 501 254 1736 2221
is_linear=0
shrinkage=0.05


Tree=18
num_leaves=31
num_cat=0
split_feature=0 35 16 24 9 8 33 2 18 34 18 18 6 24 7 13 34 33 24 24 23 36 11 25 33 35 7 2 22 28
split_gain=567.357 148.987 50.8118 42.3254 36.348 28.5105 36.8207 23.439 21.8356 17.173 16.6791 15.7829 15.0373 14.3524 14.2821 13.6326 17.5301 13.6249 15.7505 12.3643 11.581 13.723 12.3913 10.9207 10.8658 10.6562 13.5759 13.826 13.7605 12.2408
threshold=0.98499999934735549 0.0082568822851900505 0.0063984193544538324 162.45629300000004 0.46729319247491907 0.14000000017200007 2.4327893518518526 -2.8010139247290339e-09 0.019185814629875193 1.3259830036067786 0.042553038297565918 0.35048006212198868 -0.052072744027783335 1626.7531785000003 0.94200213555844947 0.95045116568093679 -0.43793090951855568 2.4327893518518526 21955.608249500001 54684.766199000005 211.62869750000002 5.3206673980927038e-08 0.98793901087866753 0.0066088701636248985 7.4730266203703719 0.14843494136236884 0.0072000000018000001 0.20651309603009935 2516.7758330000001 0.80843151188049089
decision_type=2 2 2 2 2 2 2 2 2 2 2 2 2 2 2 2 2 2 2 2 2 2 2 2 2 2 2 2 2 2
left_child=1 2 8 -3 7 11 -7 17 -1 15 -11 -4 19 -14 20 -6 -17 -5 -19 25 22 -22 24 -23 -8 -9 28 -28 -27 -30
right_child=-2 3 5 4 9 6 14 12 -10 10 -12 -13 13 -15 -16 16 -18 18 -20 -21 21 23 -24 -25 -26 26 27 -29 29 -31
leaf_value=-0.032205542756190163 -0.052487497469329708 -0.010340789768768951 -0.018722621587748758 0.01027698077806808 -0.0095575456675761651 0.050429614865047726 0.072648183100213148 0.00093245572922800524 -0.0024183916615215031 0.0094637554975272528 0.032541354810529798 0.00036056580838081436 -0.014340876214336749 0.0085546651857503018 -0.024117905556873404 0.10001532985678373 0.041227423228513749 0.02601496915475611 0.059264740392270365 -0.013814399790697969 0.039256276038181735 -0.033488279092526385 -0.013673701600115405 0.017560318219850393 0.0031862646311323775 0.004797926694290789 0.027943585434735588 -0.016857290886430398 0.018978284983869852 0.078149934721945785
leaf_weight=226.68496060371399 444.36990094557405 139.01731131225824 192.57148895412683 83.852726459503174 11.729828327894209 51.7831911444664 8.6244780123233813 99.399787537753582 84.442944690585136 133.57325275614858 189.1871307939291 247.73675731569529 98.804457053542137 222.78944202512503 38.194054745137691 13.869193375110624 148.00241189450026 138.98406776785851 47.889592260122299 36.498078510165215 51.28930702060461 14.851728036999701 71.704606354236603 35.564066804945469 16.21530344337225 212.22326982021332 306.71588917821646 18.245709165930748 30.645667262375355 12.22759126126766
leaf_count=2815 7604 1055 1768 448 56 292 61 615 762 783 926 2047 678 1349 346 60 709 714 233 217 348 106 609 228 132 1378 1704 101 184 71
internal_value=0.000220329 0.00807124 -0.00720644 0.0162433 0.0182911 1.71087e-05 0.0122424 0.0139203 -0.024121 0.0298115 0.0229908 -0.00798558 0.0105017 0.00152039 0.00387905 0.0424926 0.0462644 0.0270221 0.0345358 0.0145359 0.00927284 0.021047 -0.00313067 0.00252218 0.0273037 0.0160588 0.0186509 0.0254281 0.0100175 0.0358542
internal_weight=3427.69 2983.32 1039.66 1943.66 1804.64 728.535 288.227 1308.28 311.128 496.362 322.76 440.308 1037.55 321.594 236.444 173.601 161.872 270.726 186.874 715.956 198.249 101.705 96.5444 50.4158 24.8398 679.458 580.058 324.962 255.097 42.8733
internal_count=28399 20795 9514 11281 10226 5937 2122 7692 3577 2534 1709 3815 6297 2027 1830 825 769 1395 947 4270 1484 682 802 334 193 4053 3438 1805 1633 255
is_linear=0
shrinkage=0.05


Tree=19
num_leaves=31
num_cat=0
split_feature=1 35 16 24 9 8 33 3 1 6 34 1 29 39 13 33 6 2 33 1 24 33 21 13 6 4 16 15 13 16
split_gain=533.684 133.693 45.2456 35.8025 33.8695 25.6946 34.9871 21.8143 18.0195 14.9165 14.8068 14.5233 17.0862 14.2328 13.8191 14.0352 13.5607 15.0762 12.9546 12.1005 12.0198 13.0437 18.4579 11.8237 14.7424 12.4529 11.5023 12.9463 11.3897 11.3769
threshold=-0.015113638472631538 0.010223215855037156 0.0063984193544538324 162.45629300000004 0.46729319247491907 0.14000000017200007 2.4327893518518526 -0.14310083187485989 -6.9073663829679512 0.65756445000825336 1.3259830036067786 -0.061875403571279013 0.99999992131746118 0.95669211272680799 0.99634938789919281 0.70679976851851867 -0.057128635845882215 -0.25571133835077564 2.1334375000000003 -3.4737680719398827 2989.5915670000009 1.7402314814814817 0.021978903239575253 1.0764537885869945 0.019130839112536012 0.046520039511835594 0.33757735564053948 0.42002408586820783 0.95595573106064213 0.2753169600398187
decision_type=2 2 2 2 2 2 2 2 2 2 2 2 2 2 2 2 2 2 2 2 2 2 2 2 2 2 2 2 2 2
left_child=1 2 8 -3 7 9 -7 20 -1 -4 14 12 -8 28 -6 -16 17 29 -19 26 -5 -22 -23 24 25 -14 -18 -28 -12 -9
right_child=-2 3 5 4 10 6 11 16 -10 -11 13 -13 23 -15 15 -17 19 18 -20 -21 21 22 -24 -25 -26 -27 27 -29 -30 -31
leaf_value=-0.046726175181190446 -0.052273366242862399 -0.0093490428210401821 -0.0036510752956800904 0.0096206922157135999 0.018573004477726605 0.047203957391907782 0.0013009904418919845 0.08673714222980973 -0.016618848713409819 -0.029170299569604086 0.067478545909885321 -0.021760771337302125 0.10844708405966884 -0.0070418918515794612 0.10361758614899151 0.044360231556610827 -0.014792575536771286 -0.0057793967518314929 0.014920297182415571 0.0099428087417072694 0.010699315852021052 0.024271363590049496 0.055146022863874135 0.091442364899280856 -0.0029352138327066826 0.017277784156167385 0.074605817581388775 -0.016004830470675132 0.023604429294497041 0.013353592502154454
leaf_weight=61.711664281785488 424.38562428206205 135.37805823981762 370.60507680475712 133.68898601830006 50.240269169211388 55.601713299751282 152.23068448901176 11.935230463743212 255.28841263055801 67.727554626762867 15.675399735569952 46.892089456319809 7.3796345144510251 36.723168082535267 11.01308463513851 107.82541272044182 134.60712969303131 90.587867677211761 456.39215612411499 152.09885462373495 83.919919908046722 157.43301562964916 69.901717647910118 8.0619836971163732 20.708063051104546 7.6059367135167122 8.0680453553795797 7.7085172757506362 262.58018428087234 9.4741316586732847
leaf_count=912 7604 1028 3185 794 234 308 1160 63 2773 635 76 407 52 213 47 497 908 555 2728 882 466 802 327 51 148 52 54 52 1333 53
internal_value=0.000195627 0.00764514 -0.00668476 0.0154483 0.0173134 0.00011083 0.0114259 0.0131533 -0.02248 -0.0075941 0.0286219 0.00323528 0.00921589 0.0222149 0.0405576 0.0498518 0.00855161 0.0131032 0.0114921 -1.1462e-06 0.0221601 0.0275459 0.0337648 0.0367527 0.0244002 0.062174 -0.0100585 0.0303329 0.0260761 0.0542632
internal_weight=3413.45 2989.06 1053.81 1935.25 1799.87 736.813 298.48 1315.82 317 438.333 484.058 242.878 195.986 314.979 169.079 118.838 870.872 568.389 546.98 302.483 444.944 311.255 227.335 43.7556 35.6936 14.9856 150.384 15.7766 278.256 21.4094
internal_count=28399 20795 9683 11112 10084 5998 2178 7684 3685 3820 2400 1870 1463 1622 778 544 5295 3399 3283 1896 2389 1595 1129 303 252 104 1014 106 1409 116
is_linear=0
shrinkage=0.05


Tree=20
num_leaves=31
num_cat=0
split_feature=0 35 24 10 9 22 9 9 35 9 16 6 17 19 3 18 33 24 35 29 19 33 33 20 24 25 0 31 21 11
split_gain=485.343 118.457 46.0945 42.3396 28.6008 25.1388 25.5254 25.0362 23.1773 20.3477 20.1257 20.0338 14.7869 13.784 13.4064 13.2719 14.4398 12.3369 11.5627 16.833 18.4834 13.8202 11.5599 13.361 11.2706 11.1629 10.5873 9.8813 15.0793 10.5415
threshold=0.98300000493509909 0.009018492894383924 196.86478300000002 0.0015167739684248847 0.9445627150957755 424.00080550000001 0.0063609681644483523 0.46729319247491907 0.20000000100000007 0.0041294795498464472 0.28152749473246824 -1.0498221227254581 0.22222225470408377 7.1989618144699303 0.51082570376600045 0.034517802074572508 12.973026620370371 4499.2689145000013 0.69230771118237067 0.3053051045671637 -1.361365990036606 11.290526620370372 1.5536979166666669 -3.1597362560943978 1340.7065425000003 0.014167688754122073 0.93500002290742446 98.500000000000014 -2.8857325299398284e-09 1.0047106173200617
decision_type=2 2 2 2 2 2 2 2 2 2 2 2 2 2 2 2 2 2 2 2 2 2 2 2 2 2 2 2 2 2
left_child=1 3 -3 -1 5 13 -7 8 -4 18 11 22 -13 14 27 16 -9 -8 21 -20 -21 -10 -11 -24 25 -14 -17 29 -29 -5
right_child=-2 2 7 4 -6 6 17 15 9 10 -12 12 24 -15 -16 26 -18 -19 19 20 -22 -23 23 -25 -26 -27 -28 28 -30 -31
leaf_value=-0.041592370955529437 -0.05119993781262494 -0.0123070935107342 0.0012369816665317695 0.00089265111106698813 -0.024988135518705556 -0.022551382808650461 0.058770866518913827 0.018124105944050971 -0.0083118560164187234 0.0096932061007432933 0.0051997800328954947 0.077642254041113343 0.019336470499869935 0.032129371569554414 -0.044026156289914194 0.029660619893374734 -0.043219015342643455 0.020102810539623341 -0.013474224178382089 0.098565303531441995 0.0067587295386940631 0.043474990278244557 0.051998224987624145 0.01255262488999761 0.022231947323458033 -0.012304230298645432 0.073082200657840143 -0.017516760225519037 0.08406665229497616 -0.012586782266183417
leaf_weight=82.601291179656982 413.23766391351819 155.44302101433277 341.57264203578234 294.35710423439741 140.65380917862058 29.739529214799404 27.330838911235332 166.49039391428232 145.98086060583591 28.203329041600227 174.69569055736065 10.349430449306963 55.965339101850986 24.436530008912086 22.521013669669628 307.08627681434155 10.179918751120566 84.096986643970013 15.059158839285372 11.590466305613516 10.403426304459574 14.129980728030203 116.41385953873396 26.321457304060459 295.56474558264017 55.539349235594273 14.710825428366659 6.9565592855215073 7.6933964416384679 285.93939530104399
leaf_count=1121 7687 1184 2035 2562 1561 259 188 912 980 155 981 57 389 184 208 1428 68 484 96 67 60 92 604 140 1545 347 68 51 62 2592
internal_value=-0.000438361 0.00664348 0.013816 -0.00729571 -0.00422884 -0.000500088 0.0186033 0.0160716 0.012423 0.0164021 0.0201019 0.0245266 0.0186224 -0.0047013 -0.00615888 0.0256005 0.0145895 0.0295872 0.00208329 0.0272534 0.0551395 -0.0037416 0.0389444 0.0447242 0.0171219 0.00357656 0.0316456 -0.00472546 0.0358296 -0.0057493
internal_weight=3375.26 2962.03 1955.7 1006.33 923.725 783.071 141.167 1800.26 1301.79 960.217 763.053 588.358 417.419 641.904 617.467 498.467 176.67 111.428 197.164 37.0531 21.9939 160.111 170.939 142.735 407.069 111.505 321.797 594.946 14.65 580.296
internal_count=28167 20480 11208 9272 8151 6590 931 10024 7548 5513 4218 3237 2338 5659 5475 2476 980 672 1295 223 127 1072 899 744 2281 736 1496 5267 113 5154
is_linear=0
shrinkage=0.05


Tree=21
num_leaves=31
num_cat=0
split_feature=0 35 9 23 9 39 8 37 33 31 18 19 26 2 28 35 33 9 18 11 9 15 26 18 35 28 8 36 31 15
split_gain=457.23 107.523 38.8242 30.7564 26.3049 24.6495 18.9479 17.7275 17.7097 14.8285 14.6687 12.1524 13.2833 10.7981 11.7804 10.5218 10.3591 10.2404 22.005 9.87238 9.64874 11.076 9.40781 12.8371 12.2355 10.9386 11.0728 16.0375 10.8865 10.7182
threshold=0.98405142914451915 0.009018492894383924 0.0010000129682431174 227.02570350000002 0.9445627150957755 0.80259782903850885 0.0026000000001869385 0.036571875591437895 2.476990740740741 8.5000000000000018 0.058691429509544049 6.6666657342243747 1.3063207478726968 0.33647223962121292 0.99866307566841217 0.66657792926281434 4.8204976851851855 0.16369045378349761 0.11764705882352941 0.60676680070789624 0.011182698839523121 0.042207533263938564 -0.10803146562355721 0.93609354051372273 0.19047616142856671 0.76843884606483226 0.49246802749417956 0.089167028128314937 31.500000000000004 0.30107549872835321
decision_type=2 2 2 2 2 2 2 2 2 2 2 2 2 2 2 2 2 2 2 2 2 2 2 2 2 2 2 2 2 2
left_child=1 2 -1 17 5 10 15 9 -7 19 -4 12 20 14 22 -5 -6 -3 -19 -8 21 -12 24 -24 25 -9 -27 28 -28 -26
right_child=-2 3 4 6 16 8 7 13 -10 -11 11 -13 -14 -15 -16 -17 -18 18 -20 -21 -22 -23 23 -25 29 26 27 -29 -30 -31
leaf_value=-0.046810129397725136 -0.051632656654058529 -0.00477888727101629 -0.017146364170525796 -0.0093513635069631274 -0.0021334679940619092 0.047875385118872446 0.048366866581993073 -0.014772660012416962 0.0076508649261561243 0.026734513392283402 -0.0052216823536966389 0.044072293370538265 0.0281512474008641 -0.015165883732740455 -0.037619027477847698 0.017287664302915964 -0.032338161058134453 -0.0025302007389954159 0.031852684278005798 -0.011763347580482706 0.0020797230978170981 -0.032759615912317373 0.023589219780614096 -0.024709155141728043 0.025661574451489845 -0.0077186872238841804 -0.032955607177464756 0.073485572297303112 0.027099483584419631 -0.0014226987773320319
leaf_weight=57.94160558283329 385.96138904243708 262.12486109137535 190.46832154691219 102.8541691377759 38.748180042952299 34.90143259614706 8.1816631853580457 73.185509338974953 126.69151323288679 582.80619705468416 120.97897777706385 14.72513275593519 33.491120524704456 32.464367285370827 10.732889547944067 57.95311763882637 106.15268267318606 125.08722665160894 74.101689755916595 41.20194984972477 230.7106998860836 52.298911944031715 304.2142653465271 14.40915374457836 135.60009395331144 42.507021002471447 10.590645983815191 13.531382665038107 26.250607326626778 49.996214345097542
leaf_count=920 7561 1907 1860 699 399 180 55 396 1013 2935 1056 102 255 193 63 354 1273 809 424 265 1865 463 1553 80 722 243 53 60 121 288
internal_value=-0.000431896 0.00621085 -0.00707643 0.0130112 -0.00465089 -0.00111782 0.0164703 0.0184088 0.0163387 0.0245054 -0.00550707 -0.000604603 -0.00210838 0.0130068 0.0143498 0.000249039 -0.0242611 0.00171505 0.0102608 -0.00180123 -0.00461694 -0.0135332 0.0151819 0.021405 0.00954343 -0.000316291 0.0110748 0.0269336 0.00983562 0.0183656
internal_weight=3360.86 2974.9 1007.11 1967.79 949.167 804.266 1506.48 1345.67 161.593 632.19 642.673 452.205 437.48 713.482 681.018 160.807 144.901 461.314 199.189 49.3836 403.989 173.278 670.285 318.623 351.661 166.065 92.8797 50.3726 36.8413 185.596
internal_count=28167 20606 9386 11220 8466 6794 8080 7027 1193 3255 5601 3741 3639 3772 3579 1053 1672 3140 1233 320 3384 1519 3516 1633 1883 873 477 234 174 1010
is_linear=0
shrinkage=0.05


Tree=22
num_leaves=31
num_cat=0
split_feature=0 35 24 10 9 39 8 35 8 33 34 33 18 18 2 23 25 26 33 26 12 33 26 24 26 19 25 7 3 12
split_gain=430.949 96.6392 38.5759 38.0349 25.4747 21.2797 20.9456 20.8608 17.2093 16.2234 16.1321 14.9679 17.6266 12.9778 12.8424 11.9819 13.6384 11.9782 11.8656 18.5394 11.373 15.0457 11.2772 11.0623 10.593 12.3455 11.6588 17.3674 10.0385 10.0156
threshold=0.98405142914451915 0.009018492894383924 196.86478300000002 0.0014000000000332338 0.9445627150957755 0.80259782903850885 0.40379931208974046 0.20000000100000007 0.0040000000005144002 1.1613946759259262 -0.43793090951855568 2.6193344907407412 0.12198022232838066 0.058691429509544049 0.33647223962121292 303.35314550000004 0.31105161317823887 -0.31793754321445672 11.05722800925926 -0.24506324403587701 0.97410333533083637 12.917604166666669 2.5845837784531347 1108.0100000000004 1.3063207478726968 6.6666657342243747 0.52069949677632843 0.018000000009535274 0.60606228873751122 1.0388715157868154
decision_type=2 2 2 2 2 2 2 2 2 2 2 2 2 2 2 2 2 2 2 2 2 2 2 2 2 2 2 2 2 2
left_child=1 3 -3 -1 5 13 7 -4 18 -7 -10 -8 20 -5 15 29 -17 -14 23 -20 -13 -22 -11 -9 25 28 27 -26 -15 -12
right_child=-2 2 6 4 -6 9 11 8 10 22 14 12 17 24 -16 16 -18 -19 19 -21 21 -23 -24 -25 26 -27 -28 -29 -30 -31
leaf_value=-0.04147745952795974 -0.051425814961081909 -0.01167348674485927 -0.00011871697993889326 -0.015870399995170283 -0.023518014224094701 0.064750904872989706 0.038065645256283802 -0.039095453242670254 -0.021491226389525088 0.0057998559002100398 0.015755985140603022 -0.021909851908219612 -0.0049633713662432695 -0.0023720160331176308 -0.019659421737518459 0.027267176396264692 0.0045282266184080875 0.044469319436594268 0.09604059686921991 -0.00057683243108723708 0.018228264973226289 -0.02541967839362759 0.051069388855945475 0.0026386684594061106 0.11009118858621177 0.044238518635389662 0.00084971390831194897 0.0039102783973735322 -0.044035442805827413 -0.014734858126663581
leaf_weight=73.188232958316803 368.57735046371818 154.75423893332481 322.55619636178017 183.75108081102371 142.09972333163023 15.22260846942663 122.00545372068882 17.27492019534111 24.604000613093376 131.71855653822422 101.44539598375559 22.45401605963707 14.45101837813854 375.08649500459433 20.148925043642521 476.94713243842125 76.521582275629044 80.634350374341011 8.4202568233013171 12.099727801978586 269.02596980333328 21.307258799672127 15.361630462110041 196.38883852213621 7.9797216802835447 13.743450209498404 19.775531329214573 7.4432162940502167 15.03730984777212 36.66724518686533
leaf_count=1082 7561 1189 1931 1811 1672 71 553 132 145 1026 646 113 68 3139 119 2436 391 375 50 80 1365 124 92 1260 63 94 152 47 137 243
internal_value=-0.000424463 0.00588757 0.0122935 -0.00677636 -0.0040373 -0.000511461 0.0143281 0.0108973 0.0145585 0.0156136 0.0183133 0.0227006 0.0181045 -0.00471357 0.0196893 0.0208357 0.0241233 0.0369566 0.00275229 0.0390696 0.0123736 0.015025 0.010528 -0.000735575 -4.43903e-05 -0.00233714 0.0262627 0.0588475 -0.00397793 0.00766103
internal_weight=3346.69 2978.11 1977.71 1000.41 927.219 785.12 1822.95 1293.07 970.518 162.303 736.334 529.878 407.873 622.817 711.73 691.581 553.469 95.0854 234.184 20.52 312.787 290.333 147.08 213.664 439.066 403.867 35.1985 15.4229 390.124 138.113
internal_count=28167 20606 11220 9386 8304 6632 10031 7433 5502 1189 3980 2598 2045 5443 3835 3716 2827 443 1522 130 1602 1489 1118 1392 3632 3370 262 110 3276 889
is_linear=0
shrinkage=0.05


Tree=23
num_leaves=31
num_cat=0
split_feature=0 35 9 24 9 0 7 35 32 8 33 11 19 18 36 20 33 23 25 25 33 31 33 33 28 32 28 14 33 31
split_gain=406.312 86.9151 35.4264 34.6088 22.5253 20.7372 18.6745 17.652 16.105 15.7434 17.205 14.8183 14.7759 13.3366 12.1221 12.8305 11.8267 18.2671 17.0756 10.9747 10.8016 10.2768 12.6705 11.0089 11.053 10.2141 13.0427 13.3155 10.0205 9.64283
threshold=0.98405142914451915 0.009018492894383924 0.0010000129682431174 196.86478300000002 0.9445627150957755 0.4900000011451317 0.48000004117592654 0.20000000100000007 0.010526327905863733 0.0028075473831896372 0.63928240740740749 1.1142918755459268 11.524222283962827 0.35048006212198868 0.22624394690498853 -2.9575118734458106 1.5536979166666669 452.24820600000004 0.030390620725363023 0.39195627215980616 5.0305266203703711 87.500000000000014 8.187754629629632 7.7284722222222237 0.78469828554116694 1.6090324071240822e-09 0.8060218933369413 0.061034048736515391 4.8204976851851855 11.500000000000002
decision_type=2 2 2 2 2 2 2 2 2 2 2 2 2 2 2 2 2 2 2 2 2 2 2 2 2 2 2 2 2 2
left_child=1 2 -1 -3 5 12 7 -5 21 -9 -11 19 13 -4 -12 16 18 20 -16 -7 -18 22 23 24 -8 -15 27 -27 -6 -19
right_child=-2 3 4 6 28 11 8 9 -10 10 14 -13 -14 25 15 -17 17 29 -20 -21 -22 -23 -24 -25 -26 26 -28 -29 -30 -31
leaf_value=-0.04597033493218227 -0.051223763442535888 -0.011181115932484963 -0.014823047005322124 0.00072278745280434905 -0.00087978467711771063 0.0028904417433518997 0.0099492234691996723 0.00037117418473640146 0.038543390494032784 -0.022763576843259109 0.069986226381236402 0.044201674383150383 0.07487298808680469 -0.0030824038964032611 0.05519937794200544 0.010496305907123134 0.035032947110967508 -0.00049576659502254699 -0.0094424171254438496 0.041250250104720811 -0.0025093041059032445 -0.00093365501763981455 0.0086477632093515597 0.077107294263608656 0.035722061669090081 0.051726387980212965 0.064159023625279255 -0.027525790127085156 -0.030978747217099742 0.036577550337575836
leaf_weight=53.741836983710527 351.94981072470546 153.52269640564919 280.34174178540707 345.14344409108162 38.012833643704653 197.15932198613882 67.007744528353214 177.83994135260582 111.6354563087225 26.594434894621372 11.108996570110319 29.638553909957409 5.5390809476375571 231.32079615443945 12.783994756639002 361.5690528973937 26.742167584598064 18.930447734892368 50.862409949302673 20.593346729874611 67.572831727564335 66.331600777804852 129.0858855843544 11.181694157421587 109.71196315437555 8.4810760021209735 13.603923216462134 14.130372479557989 101.45395940542221 238.74059665203094
leaf_count=920 7561 1189 2623 2043 399 1576 332 1166 473 158 58 170 40 1980 72 2029 156 115 272 138 421 309 703 59 536 61 96 110 1273 1129
internal_value=-0.000417038 0.00558267 -0.00648753 0.0116228 -0.00423087 -0.00100127 0.0135329 0.0104632 0.0218307 0.0138496 0.016791 0.0110329 -0.00638082 -0.0072023 0.0181254 0.0173842 0.0233761 0.0269626 0.00354151 0.00651821 0.00813546 0.0169634 0.0207084 0.0289939 0.0259496 0.000783207 0.0254743 0.00220003 -0.022775 0.0338539
internal_weight=3332.33 2980.38 994.017 1986.37 940.275 800.808 1832.84 1337.89 494.954 992.745 814.905 247.391 553.417 547.878 788.31 777.202 415.632 351.986 63.6464 217.753 94.315 383.319 316.987 187.901 176.72 267.536 36.2154 22.6114 139.467 257.671
internal_count=28167 20606 9386 11220 8466 6794 10031 7619 2412 5576 4410 1884 4910 4870 4252 4194 2165 1821 344 1714 577 1939 1630 927 868 2247 267 171 1672 1244
is_linear=0
shrinkage=0.05


Tree=24
num_leaves=31
num_cat=0
split_feature=7 35 10 24 9 24 8 35 9 36 33 18 8 34 33 17 17 7 20 33 24 18 15 26 12 33 4 35 29 25
split_gain=370.795 83.2389 33.511 30.0831 25.4893 18.1413 17.5491 16.7276 15.9975 13.8498 13.6362 15.1948 12.4196 14.4923 12.162 11.6061 11.223 12.5349 10.4332 12.0544 13.1343 11.2262 10.8784 10.3537 10.2506 12.7245 9.87143 9.70159 9.62526 9.61036
threshold=0.98499971721861734 0.009018492894383924 0.0014000000000332338 196.86478300000002 0.9445627150957755 1080.0813675000002 0.40379931208974046 0.20000000100000007 0.0045430034919031062 0.22624394690498853 2.6193344907407412 0.12198022232838066 0.0028075473831896372 -0.43793090951855568 6.0011979166666674 0.73076922807692302 0.36596967910789652 0.15954200618512374 -2.9575118734458106 2.7406018518518525 2913.1702140000002 0.62607458379420311 0.089622561211294874 -0.31793754321445672 0.97410333533083637 12.917604166666669 -0.13815033848081706 0.017145138025295232 -1.0000000180025095e-35 0.28555082709536789
decision_type=2 2 2 2 2 2 2 2 2 2 2 2 2 2 2 2 2 2 2 2 2 2 2 2 2 2 2 2 2 2
left_child=1 2 -1 -3 5 14 7 -5 -7 -9 -8 24 -11 -14 -4 -16 -15 18 19 -18 21 -21 -22 -13 -12 -26 -23 -2 -24 -20
right_child=27 3 4 6 -6 8 10 9 -10 12 11 23 13 16 15 -17 17 -19 29 20 22 26 28 -25 25 -27 -28 -29 -30 -31
leaf_value=-0.04034885860618561 -0.051166728832588604 -0.010349852086249035 0.0054363892125618932 -0.00015009513880454223 -0.023491493888661182 -0.01567427714478549 0.03516525182001487 0.069314177640743102 0.013689895332033875 0.0003995618709717963 -0.021796295028288396 -0.0055029415147280674 -0.022147745369122361 0.0014862559443472082 -0.013737484283046131 0.047028438443168639 0.0093232933316190706 0.043029826804610795 0.012793493078362757 -0.01548139819034338 0.0017499506634732827 0.018202370724695206 0.023588221433544169 0.040320102729190385 0.016199193541174842 -0.024339455061289518 0.074177023541073958 0.05238069210414395 0.05539199559442072 -0.016941979458045316
leaf_weight=68.574376214295626 330.65804141387343 151.25382071733475 139.40079561248422 322.66734834760427 143.64999650046229 56.225074395537376 122.12284982576966 10.787402391433714 264.96652433648705 177.74155243486166 22.411231189966202 14.500211134552954 25.385284692049026 110.24573423713446 315.91691276058555 8.05836323648691 114.03037546575069 49.087406828999519 237.88512760400772 22.458825469017029 16.304238200187683 67.621088176965714 34.546598494052887 82.263598755002022 270.31322367116809 20.850263565778732 8.914995998144148 2.2776438146829596 76.405894264578819 30.676561288535595
leaf_count=1082 7386 1181 1218 1931 1817 510 547 56 1877 1165 113 68 154 615 3007 66 592 229 1339 141 82 389 161 375 1354 122 52 11 357 170
internal_value=-0.00040918 0.00517262 -0.0066197 0.0110839 -0.00412788 -0.000582509 0.0128485 0.00972679 0.00854965 0.0129719 0.0204981 0.016133 0.0123461 0.0150219 -0.00691252 -0.012226 0.0162502 0.0187241 0.0167645 0.0225792 0.0292602 0.0156014 0.0398855 0.0334534 0.0107881 0.0132962 0.0247224 -0.0504584 0.0454894 0.00939695
internal_weight=3318.2 2985.27 996.792 1988.47 928.218 784.568 1837.22 1304.76 321.192 982.091 532.461 410.339 971.304 793.562 463.376 323.975 768.177 657.931 608.844 340.282 226.252 98.9949 127.257 96.7638 313.575 291.163 76.5361 332.936 110.952 268.562
internal_count=28167 20770 9577 11193 8495 6678 10012 7433 2387 5502 2579 2032 5446 4281 4291 3073 4127 3512 3283 1774 1182 582 600 443 1589 1476 441 7397 518 1509
is_linear=0
shrinkage=0.05


Tree=25
num_leaves=31
num_cat=0
split_feature=0 35 10 24 8 19 3 14 22 4 12 4 34 34 5 12 34 0 13 26 25 37 13 36 24 12 11 3 11 26
split_gain=362.13 86.2793 33.6257 25.6502 21.8343 19.4408 16.1216 15.2561 14.4891 15.6862 16.5974 14.9601 13.7909 13.2376 21.5069 12.6021 12.3483 11.5086 11.1703 11.1178 10.5192 10.6563 10.018 9.95043 9.64917 9.61553 9.20069 9.08305 8.895 10.8884
threshold=0.98007004595458247 0.010223215855037156 0.00107878007526441 422.99920250000002 0.40379931208974046 6.6515653342421404 -0.093087116735480327 0.012469826945203292 2080.2550000000006 0.22314355067524988 0.63570201276069349 -0.2566965283600367 2.3728968474581991 1.217862006637682 -0.087485778525707783 1.0111729840993084 1.7470568594825699 0.93999997518399347 0.99545525258769751 4.8634561496295889 0.0048803019419115523 0.51264922047535622 1.0003911297113117 0.018367353761123036 1.0000000180025095e-35 0.97410333533083637 1.0161120300158426 -0.23100819971127437 0.60676680070789624 -0.18398755327319161
decision_type=2 2 2 2 2 2 2 2 2 2 2 2 2 2 2 2 2 2 2 2 2 2 2 2 2 2 2 2 2 2
left_child=1 2 -1 -3 6 8 20 -2 9 10 28 -12 26 18 -15 23 -13 -18 -6 -10 -5 -22 -20 -16 -19 -25 -7 -23 29 -4
right_child=7 3 5 4 13 12 -8 -9 19 -11 11 16 -14 14 15 -17 17 24 22 -21 21 27 -24 25 -26 -27 -28 -29 -30 -31
leaf_value=-0.048025960903677778 -0.049627521170190633 -0.0038955554795887001 0.046106242064746179 0.035879745619485308 0.010968299691596066 -0.010395321066631075 0.0046588261782027057 0.037356331155146236 0.0048268175797465092 -0.024013501653678659 0.082054430209913307 0.0025254325573742086 -0.021616208105601473 0.04511168650673418 -0.023408867183061521 0.023533852704247304 -0.0085686478242299174 0.036253613691635482 0.086080587195416058 0.0552913037716267 0.016622720664230622 -0.021265275558098581 0.037144702635150677 -0.020062871765187923 -0.032191484759253701 0.014058244998058285 0.048530958341492902 0.021572416004645323 0.080777572430023759 -0.023363059828415952
leaf_weight=48.680364884436131 356.54737293347716 265.62141934037209 12.908046647906307 60.324856027960777 38.161024495959282 8.2142109051346761 750.23196688294411 5.1131534092128268 54.341825231909752 144.34033589810133 4.6257756650447837 188.95897382497787 13.068455524742602 54.563491657376289 31.01319894939661 116.65713165700436 352.4311573728919 5.4657991528511038 11.713880047202109 13.656976170837877 372.31794954836369 36.823485746979713 97.581552907824516 25.193925693631172 88.916120380163193 114.41653755307198 34.225054420530796 18.637140855193138 6.8241033926606169 10.018311679363251
leaf_count=900 8069 1933 105 324 166 72 4429 69 359 1311 38 1616 105 243 182 546 3192 66 52 86 1856 209 418 124 1034 548 218 102 56 83
internal_value=-0.00115029 0.00458391 -0.00750854 0.0105698 0.0127938 -0.00540575 0.00926047 -0.0483977 -0.00721106 -0.00906222 -0.00584193 -0.00753793 0.0232958 0.021736 0.0163346 0.010869 -0.00818979 -0.0127213 0.0342578 0.0149622 0.0163334 0.0135769 0.0423895 0.00220983 -0.0282277 0.00790079 0.0371257 -0.00686998 0.0306657 0.0157497
internal_weight=3341.59 2979.93 986.676 1993.26 1727.64 937.995 1238.34 361.661 882.487 814.489 670.148 640.398 55.5077 489.301 341.844 287.281 635.772 446.813 147.456 67.9988 488.103 427.779 109.295 170.624 94.3819 139.61 42.4393 55.4606 29.7505 22.9264
internal_count=28511 20373 9241 11132 9199 8341 6920 8138 7946 7501 6190 5946 395 2279 1643 1400 5908 4292 636 445 2491 2167 470 854 1100 672 290 311 244 188
is_linear=0
shrinkage=0.05


Tree=26
num_leaves=31
num_cat=0
split_feature=0 35 9 31 9 19 39 34 34 12 34 28 30 18 39 12 11 34 30 11 1 23 38 30 11 17 8 34 25 23
split_gain=341.561 79.6588 27.7805 23.8295 22.0617 17.8257 15.125 15.3058 14.0261 16.1574 12.7887 11.3579 11.056 10.8299 12.259 15.5262 10.782 10.6081 17.0305 17.6206 14.2558 9.76595 13.9525 10.4677 10.0231 9.62505 11.3289 11.4611 14.092 12.0925
threshold=0.9819999988585989 0.010223215855037156 0.0010000129682431174 9.5000000000000018 0.029540663446944334 6.6515653342421404 0.22478602811506432 -0.73532057839590459 1.7470568594825699 0.63570201276069349 2.3728968474581991 0.5864996830032031 1.5000000000000002 0.018145159906433988 0.8092430800490934 0.99586450218772449 0.2334744477957946 2.3054923212395591 13.500000000000002 0.95078486069540225 -4.7105307011459168 1.0000000180025095e-35 0.066697181685747356 26.500000000000004 1.2759170798153854 0.28571428796203807 0.0019500000010070227 0.19703245619969129 0.0055116635186387838 768.69183650000014
decision_type=2 2 2 2 2 2 2 2 2 2 2 2 2 2 2 2 2 2 2 2 2 2 2 2 2 2 2 2 2 2
left_child=1 2 -1 -3 6 8 7 -5 11 -10 -7 -4 25 -11 -15 -16 -6 -14 19 20 -19 22 -13 24 -23 -9 -27 -28 29 -29
right_child=-2 3 5 4 16 10 -8 12 9 13 -12 21 17 14 15 -17 -18 18 -20 -21 -22 23 -24 -25 -26 26 27 28 -30 -31
leaf_value=-0.044619550362252985 -0.049061878779669645 -0.0029248014335942298 -0.015646099655353424 -0.052638840124889633 -0.0042844973405044206 0.034648746093900236 -0.01909809007234765 -0.031641557484966547 0.032649823566769376 -0.022216199382794111 -0.021566772799363684 0.059887433150499873 0.0096972573020857773 -0.010817891305650321 -0.023246536709424698 0.051720078534033542 0.018006648055349985 0.049629650822436061 -0.025147198116256566 0.090459930161759988 -0.0155840824492541 0.0038909040735653332 -0.0063338200856484705 0.039233041309712585 -0.028752784602087772 -0.028397597617600658 0.066091048079037637 0.00043885311741687934 -0.022640919479686175 0.038163213171262568
leaf_weight=47.635957218706608 334.04663025587797 303.71594154834747 75.497317522764206 10.406088411808012 57.395790800452232 43.736641470342875 58.879278630018234 23.475381419062614 19.650568671524525 216.06932643800974 13.161592714488505 18.899922408163548 343.79535532742739 305.27421841770411 11.179762355983259 18.070227868855 988.69192087650299 22.647609405219551 10.667887434363363 14.710383541882036 13.302405193448068 160.6430162973702 13.734442859888075 17.795071750879288 27.547153919935226 24.659214429557323 8.115539997816084 54.341788977384567 34.006303757429123 34.876574113965034
leaf_count=915 8003 2170 661 67 305 295 390 161 155 2404 109 157 1912 2651 92 152 4822 126 60 85 73 1280 129 99 255 171 50 358 210 194
internal_value=-0.00110824 0.00424458 -0.00736733 0.00997549 0.0122803 -0.00548204 0.00507577 0.00746792 -0.00722735 -0.0119008 0.0216451 0.0012568 0.00853785 -0.0134908 -0.0078551 0.0230668 0.0167836 0.0131145 0.0322709 0.0443618 0.0254989 0.00660474 0.0320177 0.00257855 -0.000887458 -0.00179289 0.00269885 0.00853722 0.00474675 0.0151858
internal_weight=3326.63 2992.58 988.895 2003.69 1699.97 941.259 653.884 595.005 884.361 570.244 56.8982 314.117 584.598 550.594 334.524 29.25 1046.09 405.124 61.3283 50.6604 35.95 238.62 32.6344 205.985 188.19 179.475 155.999 131.34 123.225 89.2184
internal_count=28511 20508 9354 11154 8984 8439 3857 3467 8035 5454 404 2581 3400 5299 2895 244 5127 2256 344 284 199 1920 286 1634 1535 1144 983 812 762 552
is_linear=0
shrinkage=0.05


Tree=27
num_leaves=31
num_cat=0
split_feature=1 35 10 31 9 33 28 15 39 33 32 27 14 24 17 31 13 13 33 21 37 22 22 33 22 35 11 11 14 33
split_gain=322.092 71.8144 30.563 21.3332 19.6943 16.0665 14.4848 13.9014 13.7101 13.2896 11.2952 13.7448 12.5628 11.655 11.0771 11.024 10.8171 23.5327 10.7473 10.3224 10.1838 11.148 9.99622 9.87325 13.7224 12.2753 10.0158 9.61978 9.35293 9.32403
threshold=-0.018163971789994245 0.010223215855037156 0.00107878007526441 9.5000000000000018 0.029540663446944334 9.6797106481481503 0.082075247533285614 0.25347861475843397 0.22478602811506432 0.47899884259259268 0.028571428571428584 0.72344584016033053 0.1277470986408846 22421.897714000002 0.67627387279803297 105.50000000000001 0.99288143408150298 0.99048839132429867 2.7941608796296298 -1.0000000180025095e-35 0.33333326960207299 4041.5191665000007 99.999000000000009 11.290526620370372 47.998500000000007 0.26596395092610575 1.2138515666984249 0.2334744477957946 0.012469826945203292 2.1334375000000003
decision_type=2 2 2 2 2 2 2 2 2 2 2 2 2 2 2 2 2 2 2 2 2 2 2 2 2 2 2 2 2 2
left_child=1 2 -1 -3 8 6 -4 16 9 -5 23 15 13 -13 -7 -12 17 -8 19 22 21 -14 -18 26 25 -25 -11 -6 -2 -22
right_child=28 3 5 4 27 14 7 -9 -10 10 11 12 20 -15 -16 -17 18 -19 -20 -21 29 -23 -24 24 -26 -27 -28 -29 -30 -31
leaf_value=-0.047338286214182103 -0.049765738197292526 -0.002783937843441837 -0.030207754098485664 -0.051228384078386438 -0.0040786381379014211 -0.01585422294292169 0.0080602756026570584 -0.033243289176655241 -0.018362031541540577 0.00156833630129272 0.019630500899247158 0.035782474369806333 0.020556136595123328 0.10269610113830425 0.031947958512853078 -0.014716337569025318 0.078667647260284551 0.088890811089886043 -0.0086918469657096247 -0.0034738966473930721 -0.032499434895396521 0.075975600369238602 0.017308952702519569 -0.04013927403483946 0.05038277475762503 0.022778531491595411 -0.035308540436675244 0.016993087199631548 0.026169377368003212 0.018386205044021778
leaf_weight=44.92956754565239 315.37739292904735 303.14437987655401 37.982313796877861 9.6205583065748197 57.281074352562428 316.47590340673923 239.51032070070505 27.138736456632614 58.195322997868061 295.56231766939163 47.748177617788315 21.7849435210228 38.36442919075489 9.2796617448329908 12.601627498865126 45.742198824882507 9.0344487577676755 9.3562667965888959 218.53590399026871 41.913310766220093 14.311564058065413 11.885541453957556 25.021800316870213 11.764264494180678 24.286946088075638 22.731097847223282 19.635950326919556 995.1093996539712 4.1079263575375071 24.266400784254074
leaf_count=900 7940 2170 389 64 305 3100 1938 250 390 1794 245 113 189 49 97 246 76 72 2086 320 86 59 126 81 135 145 124 4822 63 137
internal_value=-0.00106803 0.00402557 -0.00705381 0.00943932 0.0116093 -0.00512333 -0.000309944 0.00168053 0.00480382 0.00706208 0.00801683 0.0171961 0.028402 0.055771 -0.0140237 0.00282556 0.0034248 0.0110991 -0.00306026 0.0131397 0.0188306 0.0336644 0.0335862 0.0027794 0.0215918 0.0013211 -0.000728988 0.0158462 -0.0487894 -0.000491232
internal_weight=3312.7 2993.21 982.5 2010.71 1707.57 937.571 608.493 570.511 655.179 596.984 587.363 213.383 119.893 31.0646 329.078 93.4904 543.372 248.867 294.505 75.9696 88.8279 50.25 34.0562 373.981 58.7823 34.4954 315.198 1052.39 319.485 38.578
internal_count=28511 20508 9354 11154 8984 8454 5257 4868 3857 3467 3403 1124 633 162 3197 491 4618 2010 2608 522 471 248 202 2279 361 226 1918 5127 8003 223
is_linear=0
shrinkage=0.05


Tree=28
num_leaves=31
num_cat=0
split_feature=0 31 3 6 10 10 18 9 24 33 33 33 37 33 16 16 33 6 27 14 28 30 16 37 24 31 28 9 22 27
split_gain=303.828 57.1712 32.7473 24.418 21.3658 25.2352 24.2311 16.6186 12.2993 10.9118 10.3475 10.2212 10.1379 10.615 14.5571 9.93588 11.0087 9.84438 9.62777 9.02559 8.97532 8.42343 8.92624 8.38142 9.59918 15.3092 15.112 11.4313 9.28377 8.89522
threshold=0.9819999988585989 9.5000000000000018 -0.0060392750439064629 -0.0091232401781354989 0.027963855069759121 0.89604085185812121 0.37317002730039178 0.0018666666666666673 140.01720000000003 8.4660879629629644 0.47899884259259268 0.47899884259259268 0.11989669020076392 6.0011979166666674 0.0043282638395521775 0.16557025955268206 10.248026620370373 -1.6863984869033219 0.0058337069104244027 0.012469826945203292 0.062807884529606145 55.500000000000007 0.43892207104380482 0.69837097980489748 21955.608249500001 188.50000000000003 0.79589840158815217 0.1479301036686948 7.6400000000000015 0.99115120880421148
decision_type=2 2 2 2 2 2 2 2 2 2 2 2 2 2 2 2 2 2 2 2 2 2 2 2 2 2 2 2 2 2
left_child=1 3 11 12 6 8 -4 -5 -6 -7 -10 -3 13 14 -1 16 -9 -8 -12 -2 -16 22 -19 24 28 -26 -27 -28 29 -13
right_child=19 2 4 7 5 9 17 15 10 -11 18 23 -14 -15 20 -17 -18 21 -20 -21 -22 -23 -24 -25 25 26 27 -29 -30 -31
leaf_value=0.068487516724120179 -0.049537737290358458 -0.026549028849244573 -0.024542552586946799 -0.051522123011147884 -0.035809593417509868 -0.0014433758168737642 -0.022135954573604288 -0.0044060003463092861 0.06178970175760206 -0.030336087133660018 -0.024216033937325635 0.046977448937382434 -0.018847240956704831 -0.0020654273072538759 -0.043800361274747769 -0.041875654550879104 -0.0244408297977293 0.001194650746117157 0.013109667591834982 0.024375526854465403 0.014697473995906395 0.054203413911321711 0.04959198044527563 -0.0014279220018123609 0.039151602513363568 -0.0047472275953595981 0.081810224979022739 0.01055355244937186 0.012575288135770982 0.0013396862327420297
leaf_weight=12.130060806870459 301.34241203591228 14.067896619439123 119.46534480899572 32.354130696505308 13.202722519636152 105.353470813483 41.183742552995682 198.99745587259531 10.65917871147394 47.372182607650757 17.734609924256802 38.863674625754356 57.728686310350895 238.45111884176731 7.0910892337560645 29.137480713427067 104.60877644643188 350.72861809283495 668.44944329559803 4.1875927820801726 87.070433706045151 8.0564784184098226 9.7932375594973546 60.804610334336758 114.15588872879744 52.169832587242126 10.667449712753298 11.915052518248556 516.81374623626471 14.721335656940935
leaf_count=100 7940 81 1191 654 109 754 279 1957 53 462 116 199 487 1962 63 274 1093 2440 3746 63 623 50 63 337 519 255 52 52 2458 79
internal_value=-0.00102887 0.00381837 0.0078756 -0.00794881 0.00318111 0.00803269 -0.00472816 -0.0173121 0.0119986 -0.0104053 0.0129044 0.0157093 0.00054501 0.00379233 0.0169334 -0.0139857 -0.0113091 0.00104869 0.012145 -0.0485247 0.0102921 0.00363926 0.00250932 0.0164342 0.0178646 0.0276334 0.0100437 0.0442136 0.0146293 0.0344394
internal_weight=3299.28 2993.75 2226.18 767.569 1392 862.772 529.227 365.098 710.046 152.726 696.843 834.179 402.471 344.743 106.292 332.744 303.606 409.762 686.184 305.53 94.1615 368.578 360.522 820.112 759.307 188.908 74.7523 22.5825 570.399 53.585
internal_count=28511 20508 13295 7213 9263 5240 4023 3978 4024 1216 3915 4032 3235 2748 786 3324 3050 2832 3862 8003 686 2553 2503 3951 3614 878 359 104 2736 278
is_linear=0
shrinkage=0.05


Tree=29
num_leaves=31
num_cat=0
split_feature=0 17 3 33 9 9 23 13 9 36 24 38 16 6 13 29 33 21 9 33 3 13 17 33 17 24 31 16 11 19
split_gain=286.766 55.8592 24.2404 21.4646 19.4761 17.7339 15.5354 14.0693 13.2762 17.7555 12.8584 12.3032 12.6538 11.9322 11.1656 10.9694 10.6795 11.5689 11.2454 13.2498 10.3692 10.1301 13.2213 11.4692 11.3273 10.0216 9.95763 9.82982 9.10085 9.94958
threshold=0.98500000731250037 0.010111218508436187 -0.0060392750439064629 0.51706018518518526 0.0017333333333395837 0.9494833227269065 529.70381400000008 1.0576613530655614 0.020679522352336784 0.39999999980060003 552.14928450000014 0.0082815423180672403 0.00028874178893968059 -0.40546510860816437 1.0368501735449962 0.99999999859658606 1.2160821759259262 0.0070422809800228343 0.947516666659592 4.6875000000000009 -5.4166887656606487e-10 1.0027075730062192 0.79025400254846079 1.979351851851852 0.49999999986245619 5287.0049870000012 30.500000000000004 0.17643587002824693 0.99961433786864973 -2.0523484182182599
decision_type=2 2 2 2 2 2 2 2 2 2 2 2 2 2 2 2 2 2 2 2 2 2 2 2 2 2 2 2 2 2
left_child=1 3 10 -1 13 6 11 -8 9 15 14 12 -6 -5 -3 -4 17 -10 20 -20 -18 23 -23 24 -11 -13 -9 -25 -12 -30
right_child=-2 2 8 4 5 -7 7 26 16 21 28 25 -14 -15 -16 -17 18 -19 19 -21 -22 22 -24 27 -26 -27 -28 -29 29 -31
leaf_value=0.083948235276915792 -0.050988625437880776 0.0060881085816037097 -0.02060281133686595 0.051508804523861862 0.0015747504303877742 -0.027616005614592393 -0.00039224341514672821 0.077634644640210054 0.051199380043269883 0.048577116474238347 0.01180513782957505 -0.018556502789619438 0.081396647855039958 -0.046980639649239819 -0.030189616613598459 0.042412138287392341 -0.018675963070368097 0.0057188018648196585 0.015295169591539421 -0.026216166023393758 0.0082254368199244123 -0.017230968411216394 0.033838147451682739 0.0011662525305414918 -0.01976235332616684 0.053988492829527272 0.019894409383042756 0.020972679133230976 0.049485585365366493 0.019355641016894718
leaf_weight=5.914976116269826 263.7717525549233 86.946912325918674 148.36073788255453 3.2805796116590491 53.852158963680267 100.42972675710917 99.875755082815886 10.182060539722441 26.927993983030319 6.7969296202063552 597.53428436815739 204.21082709357142 5.4692262485623351 49.135970123112202 28.053496457636356 7.2432971969246855 37.62278401106596 29.084511451423168 29.093519680202007 56.657523792237043 747.93309163302183 99.386598408222198 14.525765992701052 120.35933319479227 56.192694142460823 4.874233976006507 28.001068592071533 130.63368356972933 31.701007142663002 201.94541057944298
leaf_count=40 7482 572 1176 40 586 1506 720 76 147 47 2873 2132 63 991 205 52 204 152 180 462 4513 713 95 887 405 40 161 871 152 968
internal_value=-0.000990965 0.0033727 0.00663303 -0.0107998 -0.0118018 -0.00880144 -0.00415272 0.0094769 0.0027028 -0.00320594 0.0129086 -0.0111633 0.00893405 -0.0408165 -0.00276157 -0.0176695 0.00642077 0.0275836 0.00506031 -0.0121322 0.00693704 0.00205373 -0.0107188 0.00668758 -0.0123881 -0.0168653 0.0352916 0.0114749 0.0150767 0.0234437
internal_weight=3286 3022.23 2457 565.227 559.312 506.895 406.465 138.059 1510.82 583.499 946.181 268.406 59.3214 52.4165 115 155.604 927.319 56.0125 871.307 85.751 785.556 427.895 113.912 313.983 62.9896 209.085 38.1831 250.993 831.181 233.646
internal_count=28511 21029 14674 6355 6315 5284 3778 957 9904 4246 4770 2821 649 1031 777 1228 5658 299 5359 642 4717 3018 808 2210 452 2172 237 1758 3993 1120
is_linear=0
shrinkage=0.05


Tree=30
num_leaves=31
num_cat=0
split_feature=1 35 10 22 10 14 19 15 23 23 33 38 37 10 33 13 12 23 37 2 19 1 27 36 33 16 23 15 23 35
split_gain=289.867 44.2719 27.8818 20.3991 16.1635 14.8242 13.6657 12.6582 11.8897 11.3657 10.2818 9.99235 9.63586 10.7454 10.5175 9.49399 11.7555 9.17531 11.1694 9.15156 12.0964 11.6672 9.46571 9.33318 9.14499 10.3132 9.10479 9.85486 9.10367 9.04407
threshold=-0.020131236961915072 0.011235955715355872 0.0015167739684248847 1821.559559 0.12438532075835952 0.012469826945203292 8.6400865616401159 0.25347861475843397 227.02570350000002 743.00774400000012 10.248026620370373 0.41089182063998336 0.33333326960207299 0.0022083333333804554 0.58073495370370376 0.45695266149272801 0.43466376352039704 15911.895973500001 0.90041855577097507 -0.011049827087610953 3.4800085592153907 -0.57981849469805902 0.35447305646947408 0.14787469755605934 10.029114583333335 0.0027132751542926744 9826.8583875000022 0.1589598798865097 11739.769092 2.0224107420092661e-08
decision_type=2 2 2 2 2 2 2 2 2 2 2 2 2 2 2 2 2 2 2 2 2 2 2 2 2 2 2 2 2 2
left_child=1 2 -1 6 9 -2 7 10 -8 11 24 -3 13 -11 -15 -6 28 -14 -19 20 21 22 -18 -24 29 -26 -16 -28 -17 -4
right_child=5 4 3 -5 15 -7 8 -9 -10 12 -12 -13 17 14 26 16 19 18 -20 -21 -22 -23 23 -25 25 -27 27 -29 -30 -31
leaf_value=-0.036409567003873503 -0.048460234697026275 0.003312278560456123 0.0022083786873435805 0.022315171160281366 0.05499911676055394 0.03165428016141502 -0.0081699507014942364 -0.042615063626707077 0.064048164835327326 -0.0027709796433732117 -0.012022048259764773 -0.0147171582948339 0.0057267117755435215 -0.027396269900927441 0.01468976495333812 -0.044660216402018477 0.059603265603697275 0.011803160694300189 -0.041426966021172178 0.012032745373707781 -0.019407615586938667 0.043409034712804294 -0.031099506189451256 0.017730954097788961 0.097586888434309571 0.011138756232805377 0.064962914514475389 0.023579102142712659 0.018009587901616709 -0.014442053405425341
leaf_weight=60.280181419104338 288.06842428073287 304.96958423405886 426.3867296166718 83.130318481475115 14.173016786575316 5.8922850415110579 9.7640490755438822 21.464517526328564 13.690300010144709 82.115350812673569 253.44607021287084 102.73939198255539 172.70474692434072 12.729355968534945 276.87638726085424 14.997764542698862 11.605788379907606 16.236932694911957 25.072979666292667 685.74984313547611 14.485764220356939 72.752609871327877 11.191555961966513 77.895147442817688 4.9055190607905415 11.627735655754803 19.456718012690544 55.194997876882553 9.4436503052711469 100.84391544386744
leaf_count=1124 8082 2077 3812 508 70 77 79 223 95 522 2507 692 1001 80 1420 75 52 86 156 3452 63 311 52 346 59 108 94 270 53 840
internal_value=0.000504729 0.00519861 -0.00346088 -0.00131429 0.00950799 -0.0468544 -0.00364686 -0.00472494 0.0339838 0.0053333 -0.00370477 -0.00123099 0.00938595 0.013568 0.0172513 0.0143956 0.0137549 0.000663412 -0.0205048 0.0147117 0.0244868 0.0281528 0.0171298 0.0115966 0.000171882 0.0367885 0.0188681 0.0343651 -0.0204459 -0.000976366
internal_weight=3259.89 2965.93 985.539 925.259 1980.39 293.961 842.129 818.674 23.4543 1068.1 797.21 407.709 660.387 446.373 364.257 912.295 898.122 214.015 41.3099 873.681 187.931 173.445 100.692 89.0867 543.764 16.5333 351.528 74.6517 24.4414 527.231
internal_count=28386 20227 9355 8231 10872 8159 7723 7549 174 6398 7326 2769 3629 2386 1864 4474 4404 1243 242 4276 824 761 450 398 4819 167 1784 364 128 4652
is_linear=0
shrinkage=0.05


Tree=31
num_leaves=31
num_cat=0
split_feature=1 9 23 18 38 24 1 11 5 33 1 13 38 19 33 21 33 33 10 8 23 34 16 18 13 12 33 22 34 9
split_gain=273.123 45.134 39.3173 25.3703 17.2963 13.1337 11.0978 10.4837 14.8952 12.3102 15.5947 13.2647 13.5115 12.7711 10.8148 10.7878 10.371 10.2619 20.2893 14.4788 11.9594 14.1133 11.1302 10.7631 13.2249 15.1025 11.312 9.47574 9.3828 9.67266
threshold=-0.015113638472631538 0.0012333333333833338 701.13515150000012 0.010111218508436187 0.16590924330693083 412.50050200000004 -0.023268620776934593 0.48804242053565633 -0.91548576384270086 5.2237847222222227 -0.034591412924995159 0.87178520590555908 0.4000000002800001 -5.0681751278983205 1.4517303240740744 0.68400107325972148 0.47899884259259268 6.4759027777777787 0.97595298850921697 0.010000000008400003 13.155784000000002 0.96696623357410816 0.25321085152720857 0.05371027743856905 1.0117996766422865 0.97596825345460936 3.4737847222222227 1425.1384685 -0.78411843083915922 0.0031150755693496578
decision_type=2 2 2 2 2 2 2 2 2 2 2 2 2 2 2 2 2 2 2 2 2 2 2 2 2 2 2 2 2 2
left_child=1 -1 3 -3 6 -6 17 28 14 11 15 12 -10 -13 -9 -11 -15 18 19 -5 21 -21 -19 -22 25 26 -25 -18 -4 -30
right_child=-2 2 7 4 5 -7 -8 8 9 10 -12 13 -14 16 -16 -17 27 22 -20 20 23 -23 -24 24 -26 -27 -28 -29 29 -31
leaf_value=-0.032593350043152648 -0.0501730181427303 -0.016667021392159621 -0.051207904664901265 -0.0057366967193409474 -0.018952624199919017 0.00010665910418464309 -0.031318709768382455 -0.0091843007490168289 0.021136659603740802 0.0090880326114586209 -0.031304397716640203 0.058574194472532426 -0.014873139919029868 0.065065768396971091 0.035604118338270388 -0.030911431316841206 0.010891234469033334 0.0018629522739739527 0.081855323531141722 0.092373531517988425 -0.0059643803559584659 0.026437115372703525 0.059626613970395009 0.048421558883987331 -0.0032721574818522954 0.06042651143727136 -0.00029845995199880552 0.025747328173638485 -0.039384063918540921 0.0058349518691101741
leaf_weight=79.324120230972767 246.05010972172022 203.99390726536512 8.5037649497389776 81.305713221430779 130.28045345842838 295.19540110975504 18.656361162662506 15.511439003050326 45.30135927349329 579.63364522531629 26.456322435289621 20.474561583250761 61.297944784164429 11.509192761033772 102.81195577979088 17.361256219446659 261.43636599183083 448.14323750138283 10.858207046985624 10.589928865432737 52.28722920268774 34.733509503304958 8.4974939897656423 18.028773970901966 38.041166394948959 30.36338271945715 35.128752999007702 182.09812693670392 12.74809732288122 163.52679728716612
leaf_count=1251 7604 2601 54 624 1143 1935 185 88 234 3237 284 94 371 58 513 106 1412 3321 63 67 313 248 54 99 224 176 196 901 82 848
internal_value=0.000472689 0.00462082 0.00563012 -0.000353518 0.00239199 -0.00572928 0.00678464 0.0112466 0.0128038 0.0111422 0.0062601 0.016371 0.000429895 0.0199446 0.0297326 0.00792481 0.0182065 0.00771028 0.01471 0.0122836 0.0189686 0.0418433 0.00293786 0.013005 0.0211643 0.0322943 0.0162253 0.0169906 9.0049e-05 0.00256474
internal_weight=3250.15 3004.1 2924.77 1416.1 1212.11 425.476 786.634 1508.67 1323.89 1205.57 623.451 582.118 106.599 475.518 118.323 596.995 455.044 767.977 311.337 300.478 219.173 45.3234 456.641 173.849 121.562 83.5209 53.1575 443.534 184.779 176.275
internal_count=28386 20782 19531 11249 8648 3078 5570 8282 7298 6697 3627 3070 605 2465 601 3343 2371 5385 2010 1947 1323 315 3375 1008 695 471 295 2313 984 930
is_linear=0
shrinkage=0.05


Tree=32
num_leaves=31
num_cat=0
split_feature=0 9 24 18 37 38 12 34 14 23 34 16 8 28 0 26 34 34 18 12 34 16 26 27 34 11 36 28 8 34
split_gain=257.721 41.5473 35.7951 19.9522 16.8402 14.8397 14.1433 13.032 12.347 11.3602 16.5153 11.5897 11.0137 10.7532 10.3296 12.0875 10.0961 12.9755 10.1521 9.88966 9.83286 11.8624 9.67406 9.56909 9.07482 9.00725 11.0819 13.8651 8.64878 8.58785
threshold=0.98499999934735549 0.0012333333333833338 1000.6150000000001 0.010111218508436187 0.75000000255526944 0.16590924330693083 1.4657591747191281 0.19703245619969129 0.005619104153118182 2.0075400000000001 2.3552275046532496 0.094123752199728544 0.05262531009904553 0.79291568240641497 0.95320206136678787 1.1174666119031 2.2917698741903432 2.1190322114017914 0.036445298479584172 0.93911125176834787 1.8293205973403959 0.17643587002824693 3.4843672131967689 0.02919236287622114 1.0563564963308465 0.99579075121837124 0.45380017458132632 0.85499233966327337 0.015000000010676041 0.70829516856090824
decision_type=2 2 2 2 2 2 2 2 2 2 2 2 2 2 2 2 2 2 2 2 2 2 2 2 2 2 2 2 2 2
left_child=1 -1 3 7 8 9 19 -3 14 10 16 -12 -8 -11 15 -4 17 18 -5 20 21 -6 24 -10 28 26 27 -15 -7 -16
right_child=-2 2 4 5 6 22 12 -9 23 13 11 -13 -14 25 29 -17 -18 -19 -20 -21 -22 -23 -24 -25 -26 -27 -28 -29 -30 -31
leaf_value=-0.031803805080284693 -0.050008347944125224 0.057837558070510699 0.0064229202688573187 0.075945273621592285 0.043361936097652147 0.061441450842330131 0.0034919602727297738 -0.020342282621732894 -0.018927375108612882 -0.0075225482788041313 -0.015222580276094433 0.053261808458610962 0.069756946980644871 0.070067900381548615 0.023570202236551895 0.046487866181597032 0.069927705808369267 -0.014347167287500113 0.024116644750494454 -0.018598738415867393 0.026707259340712705 -0.013176204281953711 0.036211930221899384 0.014790142149203812 -0.015673950127902275 -0.0093444832964661838 -0.0030154337653484293 0.016681340737674917 -0.0036898422811229153 -0.017444740714024843
leaf_weight=77.281224872916937 234.80149167776108 5.5058185346424571 480.50506237894297 11.311768021434544 10.608986049890516 7.5230612605810192 14.503018833696844 167.32936661317945 21.457253634929657 200.29371934011579 45.375317327678204 7.1514046117663375 11.046647183597086 13.882246464490889 15.401498507708309 19.593125060200691 12.939811587333677 18.677816137671471 57.357489548623562 101.28796742856503 31.347115449607372 73.918055132031441 10.844034172594545 1088.9246845059097 196.09227203577757 54.788040943443775 62.251843005418777 98.136205989867449 15.805550388991831 74.487746268510818
leaf_count=1251 7604 49 2988 92 62 65 101 2212 119 1441 432 58 56 83 102 119 118 174 453 696 202 474 84 5329 1623 417 439 672 105 766
internal_value=0.000441626 0.00438281 0.0053378 -0.00242537 0.00927422 0.000856422 -0.00304617 -0.0178518 0.0110328 0.00510633 0.0168139 -0.00589857 0.0321423 0.00093942 0.00518771 0.00799261 0.0287099 0.0226038 0.0326543 -0.00718618 0.00278977 -0.0060801 -0.00988839 0.0141386 -0.0121667 0.00833875 0.0138981 0.0232974 0.0173138 -0.0104173
internal_weight=3240.43 3005.63 2928.35 985.266 1943.08 812.431 242.712 172.835 1700.37 582.166 152.814 52.5267 25.5497 429.352 589.987 500.098 100.287 87.3471 68.6693 217.162 115.874 84.527 230.265 1110.38 219.421 229.058 174.27 112.018 23.3286 89.8892
internal_count=28386 20782 19531 8517 11014 6256 1591 2261 9423 4379 1327 490 157 3052 3975 3107 837 719 545 1434 738 536 1877 5448 1793 1611 1194 755 170 868
is_linear=0
shrinkage=0.05


Tree=33
num_leaves=31
num_cat=0
split_feature=0 35 9 33 39 0 19 38 10 0 33 28 30 16 23 23 3 33 31 33 8 37 31 29 17 28 25 33 6 6
split_gain=243.235 38.4506 25.8466 17.7137 18.6718 16.2757 14.4537 13.9641 14.2784 13.3255 11.9693 10.2891 10.232 10.0182 9.74687 9.33572 9.10694 9.09178 10.9894 8.7986 10.5367 12.1375 14.4331 11.2974 9.6534 12.2586 11.3852 9.56406 8.779 10.7286
threshold=0.98499999934735549 0.011235955715355872 0.0010000129682431174 2.9191435185185188 0.83333333333333359 0.96600003076190777 6.9144402405577683 0.0062893080651656363 0.0089977835701879529 0.40000001200000196 0.63928240740740749 0.99936774473323953 12.500000000000002 0.0051175266462141359 211.62869750000002 148.37503800000005 -0.72123875978620078 9.2266087962962988 6.5000000000000009 0.72898148148148156 0.0031500000019216387 0.047815342892760175 46.500000000000007 0.11075553913270132 0.33009846208324861 0.97123691000967327 0.0046577901807566642 1.7402314814814817 -1.2719427284215608 -0.97447271837534466
decision_type=2 2 2 2 2 2 2 2 2 2 2 2 2 2 2 2 2 2 2 2 2 2 2 2 2 2 2 2 2 2
left_child=1 2 -1 4 11 6 7 -5 -9 15 -6 -4 -11 -10 -8 16 -3 -15 -19 -17 -21 22 24 -24 -22 28 -27 -25 -26 -30
right_child=-2 9 3 5 10 -7 14 8 13 12 -12 -13 -14 17 -16 19 -18 18 -20 20 21 -23 23 27 25 26 -28 -29 29 -31
leaf_value=-0.044403779656872963 -0.049844373905925138 -0.045086737884563535 -0.0074149911434364078 0.0075138241373766653 0.088554904877169049 -0.02586295681820628 -0.0091309934485221764 -0.027108037479941796 -0.02651496528059509 0.012043775408964258 0.024719141313781248 0.043748978004899575 0.031666919946826383 0.0050216774894662579 0.048564927031677974 -0.012223258391105971 -0.0009646778727007779 -0.028171737787283171 -0.0011316257872241344 -0.0026775326786059265 -0.0069705955221305658 0.0053932272655415727 0.044306999734131068 -0.012086774284516372 -0.0085669789388606744 0.094543331795104976 0.023812690088332811 0.024646277100712995 0.052715956008239744 0.010387788983173123
leaf_weight=37.770863581448793 224.06643459759653 12.302156880497931 85.963879246264696 180.24356519430876 8.3463912047445756 86.121083810925484 10.948291949927805 87.156557638198137 47.22233759239316 466.79746916890144 61.088725421577692 11.094410575926302 77.452297806739807 202.95233821123838 22.088565334677696 54.101094201207161 236.96919611096382 58.570445213466883 104.82138817757368 180.83030413836241 70.166546583175659 533.76849276572466 63.213470503687859 21.367838248610497 46.787453204393387 8.3955611735582369 17.650581806898117 103.80462135374546 17.897255197167397 91.52955324202776
leaf_count=928 7604 89 712 1723 43 1225 88 915 537 2291 383 88 321 1602 137 330 1709 612 867 1147 393 2808 292 102 239 49 96 466 92 498
internal_value=0.000411884 0.0041562 -0.00382774 -0.00224222 0.0125958 -0.00532979 -0.00285314 -0.00442006 -0.00871586 0.00815962 0.0323925 -0.00156661 0.0148363 -0.00483982 0.0294447 0.00566863 -0.00314221 -0.00204586 -0.0108246 0.00748448 0.00840728 0.010464 0.0166041 0.027077 0.00878822 0.014855 0.0466116 0.0183757 0.00956016 0.0173108
internal_weight=3231.49 3007.42 1004.39 966.618 166.493 800.125 714.003 680.967 500.723 2003.03 69.4351 97.0583 544.25 413.567 33.0369 1458.78 249.271 366.344 163.392 1209.51 1155.41 974.581 440.813 188.386 252.427 182.26 26.0461 125.172 156.214 109.427
internal_count=28386 20782 9860 8932 1226 7706 6481 6256 4533 10922 426 800 2612 3618 225 8310 1798 3081 1479 6512 6182 5035 2227 860 1367 974 145 568 829 590
is_linear=0
shrinkage=0.05


Tree=34
num_leaves=31
num_cat=0
split_feature=0 18 33 8 10 24 38 16 33 21 0 37 9 4 12 12 37 31 33 17 19 25 8 22 20 20 20 18 25 3
split_gain=229.762 35.9427 26.2205 23.9014 17.3472 16.9569 15.4728 14.9935 15.8616 14.3046 13.1483 11.1792 11.0507 10.7147 10.6515 9.99399 9.75714 14.641 10.5941 9.4141 9.32377 9.20162 14.2971 13.1885 15.548 8.61682 10.6159 9.5303 8.54483 10.9044
threshold=0.98500000731250037 0.017102615900860502 0.8125520833333334 0.42955247849998718 0.0015167739684248847 1626.7531785000003 0.26683846247161352 0.0010015664510955918 2.6193344907407412 -0.0045774706163327792 0.81000000430294139 0.032585602278567848 0.0020833333335083339 -0.012268526816360243 0.35272977282998924 0.99981517397793074 0.046537410280228945 45.500000000000007 1.6221932870370372 0.6666666710000001 -6.6666662018461436 0.14610727862434497 0.83800000000000008 4.0878800000000011 1.5267238845716196 -4.3233956477872102 -8.1755927283919991 0.13333331556919142 0.015582644145397636 -9.0600859422528605e-08
decision_type=2 2 2 2 2 2 2 2 2 2 2 2 2 2 2 2 2 2 2 2 2 2 2 2 2 2 2 2 2 2
left_child=1 2 9 5 -4 6 -3 -5 21 -1 20 13 19 -6 -14 -12 17 -16 -19 -7 -10 23 -23 -9 -25 26 -22 28 -27 -30
right_child=-2 3 4 7 11 12 -8 8 10 -11 15 -13 14 -15 16 -17 -18 18 -20 -21 25 22 -24 24 -26 27 -28 -29 29 -31
leaf_value=0.096213655606525408 -0.050320795561679503 0.0022351920615382129 -0.045017811244554305 0.074576986202756088 0.034342179208268563 -0.014619499599003822 -0.013777667336029115 0.053636509837481139 -0.030201549245355033 0.0074677302052853466 -0.0062860709437571527 0.00033872385562773531 -0.012193431422356184 -0.018237267218526684 0.0049559524793502492 0.013107332537761897 0.0059697485155357881 0.0024293580569413348 0.029591088039952924 0.014455983079676847 -0.00064791722917652294 0.020285217255068693 0.076537942997012692 -0.017475581041446451 0.035461642519774891 -0.0050990454580298432 0.0561571698168324 0.032297205018482288 -0.00011044846889071903 0.03924277659047181
leaf_weight=8.7651047632098216 208.92236758768559 493.090147793293 34.602353699505329 10.246579617261885 10.146409690380095 97.042391467839479 217.35926424711943 20.439600348472595 9.5711784660816175 9.4211635403335077 152.36860242486 201.75508613325655 56.72329680621624 215.00781852565706 169.31742839515209 117.7831923738122 583.65880236029625 44.521638795733452 185.37437858432531 39.039454780519009 11.279733024537562 23.150436848402023 22.057404652237892 30.370616100728512 25.530394166707993 63.060068517923355 30.367813944816589 59.747403264045715 34.048674188554287 36.44371359795332
leaf_count=41 7471 3656 892 96 65 782 1757 107 46 71 936 1604 324 2797 904 614 3234 231 883 248 58 98 96 133 108 360 157 286 148 183
internal_value=0.000384748 0.00390152 -0.00864796 0.00627851 -0.0109685 0.00343479 -0.00266388 0.0145753 0.013609 0.05024 0.00977235 -0.00820869 0.00712015 -0.0158678 0.00887399 0.00216924 0.0100898 0.0161135 0.024331 -0.00627826 0.0181725 0.0298544 0.0477315 0.0192678 0.00670123 0.0201432 0.0407722 0.0156985 0.00827275 0.0202347
internal_weight=3221.21 3012.29 479.698 2532.59 461.512 1886.13 710.449 646.465 636.219 18.1863 514.67 426.909 1175.68 225.154 1039.6 270.152 982.872 399.213 229.896 136.082 244.519 121.548 45.2078 76.3406 55.901 234.947 41.6475 193.3 133.552 70.4924
internal_count=28386 20915 5470 15445 5358 12019 5413 3426 3330 112 2788 4466 6606 2862 5576 1550 5252 2018 1114 1030 1238 542 194 348 241 1192 215 977 691 331
is_linear=0
shrinkage=0.05


Tree=35
num_leaves=31
num_cat=0
split_feature=0 31 2 9 24 15 33 20 4 18 38 17 11 38 29 30 19 19 13 37 7 25 32 33 19 28 9 22 33 31
split_gain=213.367 37.64 22.5282 18.5607 13.8645 13.3524 13.068 11.5499 14.3729 14.2287 16.8057 10.8066 10.1765 9.5032 9.04068 9.02086 8.52912 12.2939 16.3952 10.1352 14.0839 12.6091 11.8371 12.1717 12.8399 10.3486 9.26725 9.20378 8.93699 21.301
threshold=0.98499999934735549 6.5000000000000009 -0.0072084159417268217 0.0020833333335083339 107.76228550000003 0.013052232447894533 5.6556944444444452 5.1429833689363917 0.00045209016585818449 0.0050785718023668583 0.27608196281778991 0.81804903726960898 0.50404956459072292 0.052111827148271748 0.9999999995892882 55.500000000000007 6.6515653342421404 7.8313692583215717 1.0331509391864262 0.72092935897323585 0.050000000464689685 0.031142636768594682 0.10190720518894017 1.5006134259259263 0.09464724104020926 0.76843884606483226 0.16369045378349761 1531.1676865000002 0.99418981481481483 19.500000000000004
decision_type=2 2 2 2 2 2 2 2 2 2 2 2 2 2 2 2 2 2 2 2 2 2 2 2 2 2 2 2 2 2
left_child=1 6 5 15 -5 -3 7 9 -9 -1 -11 13 -7 -8 16 -4 19 18 -18 22 -21 -22 28 -24 25 27 -23 -25 29 -6
right_child=-2 2 3 4 14 12 11 8 -10 10 -12 -13 -14 -15 -16 -17 17 -19 -20 20 21 26 23 24 -26 -27 -28 -29 -30 -31
leaf_value=-0.042161719548978294 -0.049995726586071133 0.046831414983150174 -0.015582813154177281 -0.021295884286807409 0.07019970528741401 -0.0062176732567861331 -0.008372123746303077 -0.010177210718265599 0.076130040257447698 0.016158374992856422 -0.043558791310914058 0.048667606594951368 0.017590360283549024 -0.024198410848570148 0.033489121588658098 0.051392652968934943 0.021903027094365004 0.0075168884401806864 0.11106074308737419 -0.014124173028726435 -0.015548482065747363 0.056471059160692227 -0.004163010511852281 0.053696132941950941 -0.019601370560758599 0.060001702804169367 0.005177341738599967 0.0031650820807937186 0.0037952758606075859 0.0057680085933373417
leaf_weight=17.873260863125324 202.55269395560026 33.843451451510191 145.97040623798966 49.181824907660484 17.339645177125931 53.074054092168808 249.01265906915069 8.2820759266614932 11.552329231053589 74.696359366178513 13.987589024007319 6.908837527036666 290.86986094713211 153.21548346430063 28.607127219438553 5.2068858519196501 15.11172538995743 46.019548002630472 7.8269363194704047 147.45309502631426 20.940569747239351 19.539769701659679 33.430432513356209 14.270207837224005 10.642673589289187 32.655498012900352 16.029357589781284 24.452779650688171 1408.5062506645918 49.293689887970686
leaf_count=358 7549 157 1417 469 112 255 2646 84 117 559 125 53 1339 1573 155 35 110 307 44 1077 134 118 176 68 58 152 78 115 8671 274
internal_value=-0.000324667 0.00302254 0.0056277 0.00359883 0.00491294 0.0168652 -0.00899445 0.00505819 0.0400915 -0.00146286 0.00673954 -0.0133356 0.0139165 -0.0144006 0.00559419 -0.013276 0.00516597 0.022422 0.0523247 0.00450288 -0.00599044 0.0152333 0.00584845 0.0212665 0.0316312 0.03927 0.0333554 0.0217868 0.00464175 0.0225347
internal_weight=3208.35 3005.79 2470.27 2092.48 1941.3 377.787 535.529 126.392 19.8344 106.557 88.6839 409.137 343.944 402.228 1892.12 151.177 1863.51 68.9582 22.9387 1794.55 203.963 56.5097 1590.59 115.452 82.0212 71.3785 35.5691 38.723 1475.14 66.6333
internal_count=28385 20836 15321 13570 12118 1751 5515 1243 201 1042 684 4272 1594 4219 11649 1452 11494 461 154 11033 1407 330 9626 569 393 335 196 183 9057 386
is_linear=0
shrinkage=0.05


Tree=36
num_leaves=31
num_cat=0
split_feature=0 23 8 33 33 18 3 16 29 33 2 28 6 13 13 39 16 8 33 15 23 13 2 19 28 6 4 24 26 17
split_gain=201.833 35.0256 26.9246 18.6195 14.0371 15.0681 12.3772 12.2883 11.2505 11.3235 10.9078 12.2549 11.3014 10.2133 10.1278 11.4723 9.95636 12.0192 9.7972 9.75858 9.67552 9.62554 9.69207 9.26357 9.22968 8.91772 11.3982 8.00689 7.94613 9.73829
threshold=0.98499999934735549 143.13942300000002 0.0040000000005144002 1.1613946759259262 13.936597222222224 0.0090543267683098876 0.032789824673385759 0.12655418688152278 0.99999998015577352 9.3924305555555581 -0.01153280069975089 0.62561902101488387 -0.35667494093873231 0.82021188292172009 1.3155506949894287 0.98275862627830912 0.20455898177230125 0.0019500000010070227 0.8125520833333334 0.0021123912677652392 227.02570350000002 1.1149120991149508 -0.002004006508639372 -2.1772370496755276 0.53586561197001814 -0.22314355131420963 0.37614163136467588 29567.857003000001 -0.18306302527565674 0.65536386123464996
decision_type=2 2 2 2 2 2 2 2 2 2 2 2 2 2 2 2 2 2 2 2 2 2 2 2 2 2 2 2 2 2
left_child=1 3 7 -1 5 -5 21 -3 -9 16 12 13 18 24 15 20 -10 -18 -4 -13 -15 22 23 -7 -12 -14 27 -27 29 -23
right_child=-2 2 10 4 -6 6 -8 8 9 -11 11 19 25 14 -16 -17 17 -19 -20 -21 -22 28 -24 -25 -26 26 -28 -29 -30 -31
leaf_value=0.042438463248060804 -0.04985306435070281 -0.026946741336507474 -0.033576380377651871 -0.022239537506692986 0.05445971118428275 0.0070953784271484315 -0.029842732477925349 -0.0069368971428014061 -0.030547258352487061 0.074694011948000225 0.026148320053256065 -0.013937922239248486 0.059327997342621112 -0.036106281372849873 0.045806932323755684 0.043074746726602185 -0.0054261007412216011 0.062387335985873774 0.011225962239336704 0.010607166840104399 -0.0055469376907498098 -0.018426590477828859 -0.001944034688071891 0.072720326423618989 -0.0043129122220506881 0.019467538972601586 -0.025774122235095509 0.048304879767721416 -0.040137324407752223 0.048139968619573661
leaf_weight=19.692413873970509 193.21164508908987 62.100823778659105 13.357655093073843 142.35403794050217 9.2657823041081411 14.747704137116672 44.656508110463619 218.24389995634556 11.200388632714747 7.9302224889397612 58.58495170623064 42.126313462853432 18.064204260706902 28.804720100015402 9.4821580573916417 11.148089438676832 14.216540407389404 12.091493286192415 141.0735330581665 1045.477906037122 256.99230528250337 26.18265426158905 563.18345955386758 8.4636196419596654 43.207826249301434 103.7739414870739 11.462851464748381 31.340579137206078 29.495341897010803 6.9534056112170211
leaf_count=152 7549 924 73 2187 88 91 354 1499 80 53 332 457 80 211 61 93 101 73 634 5845 1478 208 4526 48 231 456 60 135 253 53
internal_value=-0.000317031 0.00286726 0.00629827 -0.00562379 -0.00674346 -0.00742177 -0.00438095 -0.00693693 -0.00222434 0.0204103 0.00867406 0.0068838 0.0170669 -0.000503296 -0.00506157 -0.00668592 0.00893331 0.0257418 0.00735075 0.00965646 -0.00862693 -0.00262904 -0.000639041 0.0310244 0.0132185 0.0261805 0.0220954 0.0261565 -0.0212607 -0.00445799
internal_weight=3198.89 3005.68 2140.68 864.995 845.303 836.037 693.683 325.783 263.683 45.4386 1814.9 1495.82 319.073 408.22 306.427 296.945 37.5084 26.308 154.431 1087.6 285.797 649.026 586.395 23.2113 101.793 164.642 146.577 135.115 62.6314 33.1361
internal_count=28385 20836 12876 7960 7808 7720 5533 2730 1806 307 10146 8708 1438 2406 1843 1782 254 174 707 6302 1689 5179 4665 139 563 731 651 591 514 261
is_linear=0
shrinkage=0.05


Tree=37
num_leaves=31
num_cat=0
split_feature=0 35 34 2 19 15 10 39 34 10 29 17 26 0 26 28 13 16 11 38 10 16 12 11 0 29 2 33 6 25
split_gain=190.95 32.0957 21.3814 17.591 15.7857 14.683 14.2662 13.3919 13.1711 9.67709 9.77077 9.75295 9.49625 12.6352 15.6375 9.22446 9.21578 10.0473 8.9736 8.90566 10.175 12.1104 10.0083 8.81206 8.77706 8.4579 8.05325 8.92393 7.99518 7.84899
threshold=0.98499999934735549 0.011716662158113017 1.0968534118309856 -0.0044938667701580363 6.6515653342421404 0.013052232447894533 0.00107878007526441 0.83333333333333359 -0.43793090951855568 0.020469067276955622 0.99999999932430039 0.19538706256627783 1.3063207478726968 0.95024823090862676 1.6137360543883685 0.84816986003121608 0.5123603156501525 0.46495189068683096 0.50404956459072292 0.0060913706841372994 0.0092797854294297526 0.0061520901775387838 1.0003662492492025 1.2297523599193403 0.86999991795826892 0.99999999622598235 -0.64353591023619539 2.8584895833333337 0.054658402987378306 0.53358581990276932
decision_type=2 2 2 2 2 2 2 2 2 2 2 2 2 2 2 2 2 2 2 2 2 2 2 2 2 2 2 2 2 2
left_child=1 2 7 5 6 -3 -4 15 -9 10 11 -5 19 14 -14 -1 -13 23 26 22 -21 -22 -8 -18 -6 -23 -7 -28 -27 -20
right_child=-2 3 4 9 24 18 12 8 -10 -11 -12 16 13 -15 -16 -17 17 -19 29 20 21 25 -24 -25 -26 28 27 -29 -30 -31
leaf_value=-0.012742293804864704 -0.049710542003603093 0.046649625851085744 -0.044914222488658034 -0.027760681354282696 0.035971477403264319 0.023337876718092794 -0.0030807852628353459 0.087871391432694887 0.019901913588893518 0.0068509752216883687 0.036989948767260097 -0.034349242989539029 0.091900482083908636 -0.036942938099117896 0.009651023311424799 0.01576606501826595 0.0012790417930932999 0.04795905760601539 0.018686159740500755 -0.03057695187176428 -0.027936691326400805 -0.0084820334591713918 0.06628411328645048 -0.028469416237929507 -0.0091428719134981924 0.056253543919879023 -0.036840862114761549 0.014908906826356264 -0.0063967534253410651 -0.0095438274356579381
leaf_weight=63.652826175093651 184.30233543552458 35.31414195895195 27.809016205370426 35.705499090254307 30.521695625036955 16.133423775434494 187.07311145216227 7.9958005137741557 65.631221029907465 1062.194992788136 16.118395626544952 19.532265678048134 6.5219739191234103 12.241984236985443 50.717067793011665 51.197986908257008 433.85209838300943 10.984389618039129 276.04774987697601 76.687355071306229 81.643264785408974 304.63102584704757 5.348901715129613 26.408947452902794 16.668860670179129 10.14202728867531 24.182712748646736 12.70862779766321 10.227922752499579 27.033856458961964
leaf_count=532 7549 162 767 273 198 80 1912 41 409 5574 90 132 51 148 396 522 2722 63 1269 845 1099 2693 75 176 162 70 121 55 65 134
internal_value=-0.000309263 0.00272068 -0.00454868 0.00639398 -0.0080382 0.0158978 -0.00975199 0.0106373 0.0272833 0.00407593 -0.0013565 -0.00253049 -0.00843989 0.00916206 0.0190228 -3.38894e-05 -0.000694917 0.000699993 0.0128483 -0.0102497 -0.0138714 -0.010721 -0.0011526 -0.000427871 0.020036 -0.00639626 -0.00612771 -0.0190137 0.0247963 0.0161681
internal_weight=3189.23 3004.93 1008.71 1996.22 820.234 391.421 773.044 188.478 73.627 1604.8 542.602 526.483 745.235 69.481 57.239 114.851 490.778 471.245 356.106 675.754 483.332 406.644 192.422 460.261 47.1906 325.001 53.0248 36.8913 20.37 303.082
internal_count=28385 20836 9985 10851 8481 1821 8121 1504 450 9030 3456 3366 7354 595 447 1054 3093 2961 1659 6759 4772 3927 1987 2898 360 2828 256 176 135 1403
is_linear=0
shrinkage=0.05


Tree=38
num_leaves=31
num_cat=0
split_feature=0 31 9 30 24 33 8 17 33 38 7 34 0 13 17 33 24 20 33 5 3 21 27 12 8 6 20 27 27 8
split_gain=180.673 29.4865 17.5657 15.043 13.1954 11.6375 10.7219 9.3509 9.09366 8.69141 8.37707 13.6868 19.2126 16.5898 13.0531 12.2519 14.9604 11.884 11.307 11.1112 10.894 16.5572 9.4455 9.17603 13.0353 8.63597 8.17634 7.96417 8.0679 10.0696
threshold=0.98499999934735549 6.5000000000000009 0.0020833333335083339 59.500000000000007 196.86478300000002 5.6556944444444452 0.0010000389047293517 0.81804903726960898 0.99418981481481483 0.052111827148271748 0.090000000300045888 0.98846495541911283 0.9484999820942559 0.95312527677724701 0.29297538247163751 2.7234837962962968 21955.608249500001 -7.0276663823519092 0.51706018518518526 -0.64956300734758032 0.049508781473928974 -0.23599594389197062 0.51332612443771108 0.86773816853533037 0.022850001215439206 -0.057128635845882215 -5.9981499850018629 0.26174472123652109 0.87463649835902335 0.94573076096302666
decision_type=2 2 2 2 2 2 2 2 2 2 2 2 2 2 2 2 2 2 2 2 2 2 2 2 2 2 2 2 2 2
left_child=1 5 3 -3 8 6 -1 9 -4 -7 14 13 -13 26 -6 23 19 -14 -15 25 21 -18 -23 -16 -25 -17 -12 -19 29 -29
right_child=-2 2 4 -5 10 7 -8 -9 -10 -11 11 12 17 18 15 16 20 27 -20 -21 -22 22 -24 24 -26 -27 -28 28 -30 -31
leaf_value=-0.043786513035559825 -0.049567811470053069 -0.014276934353618403 0.047958484170255687 0.073574741651891845 -0.0069609887351761894 -0.0075796246840348419 0.0094528210279250513 0.044307080674162315 -0.013475790848743029 -0.02291177492381723 0.02452715005165472 0.010029261634440095 0.056999613960257794 0.065664237387262903 -0.0089466178954166978 0.017742359730217049 -0.0046041118989427676 -0.050701201033200465 0.022783913536558856 0.00062304396019358652 -0.0017529610426090898 0.015381618586428475 0.061433126172428493 0.026843403160257295 -0.015750170681206464 -0.030180344170625203 -0.021068149184279669 -0.052156476292769142 -0.021958441850246205 0.014839161940791414
leaf_weight=10.299251865595577 175.80599492788315 150.07234067842364 6.361657563596963 5.0362778864800921 226.33748836070299 245.28369244560599 115.6176810786128 7.1582053899765006 113.35835995525122 148.32828136533499 14.246026903390883 728.78184534609318 6.1155249401926985 16.74705445766449 177.79265003651381 205.07966639846563 18.26641733199358 13.459669712930916 187.44057504460216 297.27987691760063 23.671159163117409 14.874529831111429 44.285885959863663 50.214664593338966 27.967013262212276 9.8525180071592313 31.736211553215981 6.5057661347091189 60.755919724702835 40.672502558678389
leaf_count=245 7549 1461 46 32 1706 2646 998 53 1036 1573 66 3783 43 80 1004 1095 96 133 909 1762 134 73 216 275 141 60 153 42 603 372
internal_value=-0.000301717 0.00258192 0.00486637 -0.0114244 0.00595468 -0.00816143 0.00509816 -0.0123274 -0.0102113 -0.0133574 0.00683357 0.00990232 0.00689652 0.0201907 0.00373446 0.00651926 0.0103541 -0.0110087 0.0263009 0.00688477 0.0279315 0.0370067 0.0498545 -0.002669 0.0116069 0.0155456 -0.006942 -0.0144348 -0.00991231 0.00560063
internal_weight=3179.4 3003.6 2476.91 155.109 2321.8 526.687 125.917 400.77 119.72 393.612 2202.08 1106.46 856.291 250.17 1095.62 869.284 613.31 127.509 204.188 512.212 101.098 77.4268 59.1604 255.974 78.1817 214.932 45.9822 121.394 107.934 47.1783
internal_count=28385 20836 15321 1493 13828 5515 1243 4272 1082 4219 12746 6184 4976 1208 6562 4856 3436 1193 989 2917 519 385 289 1420 416 1155 219 1150 1017 414
is_linear=0
shrinkage=0.05


Tree=39
num_leaves=31
num_cat=0
split_feature=0 23 8 34 34 18 31 13 2 19 34 30 37 7 11 2 28 4 31 19 6 34 5 25 26 15 6 4 17 5
split_gain=170.969 27.3599 21.452 15.7011 12.4031 12.9071 11.2159 10.0638 11.2739 9.69824 8.65535 18.6402 9.11871 10.5194 11.1987 8.47243 10.6842 9.33807 12.9219 10.7415 9.20507 9.18042 8.33082 9.904 8.08773 8.03119 7.96996 10.0926 7.90542 7.84291
threshold=0.98499999934735549 143.13942300000002 0.0040000000005144002 0.15786316386912613 2.6345182737044941 0.0090543267683098876 24.500000000000004 1.0837710078169593 -0.0061006764522202215 -2.1772370496755276 2.4030843246518088 8.5000000000000018 0.27997389750241247 0.0022000000012600009 0.83937011171346276 -0.01153280069975089 0.62561902101488387 -0.20067069546215113 146.50000000000003 6.6515653342421404 -0.35667494093873231 -0.18677598343728605 -1.9459101476727019 0.50793349853131908 -0.18306302527565674 0.0021123912677652392 -0.22314355131420963 0.37614163136467588 0.51883628683387584 -0.60613580151234225
decision_type=2 2 2 2 2 2 2 2 2 2 2 2 2 2 2 2 2 2 2 2 2 2 2 2 2 2 2 2 2 2
left_child=1 3 6 -1 5 -5 -3 8 9 -7 12 -12 13 -8 -15 20 17 18 -17 29 21 -4 -23 -24 28 -18 -22 -28 -9 -19
right_child=-2 2 15 4 -6 7 10 24 -10 -11 11 -13 -14 14 -16 16 25 19 -20 -21 26 22 23 -25 -26 -27 27 -29 -30 -31
leaf_value=0.037633782323599797 -0.049424535720661661 -0.023317535575433944 -0.033295720611784485 -0.020849998259138764 0.050432555463702136 0.0067844977589943609 -0.0033782746165869691 -0.01972677099537401 -0.0031580093373115231 0.072578561597541225 0.067918605747323155 -0.019642809174687165 -0.0217165566827098 0.070864740425111997 -0.00066849869261247747 0.016680669654799526 -0.013047225961641436 0.01784265985255671 -0.030999407994678319 0.043256654746333181 0.054206154969300827 0.037667080344015287 0.0098868135753910156 -0.034998066462651557 -0.035919911815132585 0.0094177992524820311 0.023059350261028129 -0.025809139325682375 0.025926740440185253 -0.010654403877097998
leaf_weight=20.96052286028862 167.70449507795274 75.317888785153627 13.448840260505674 137.03778745047748 9.5637948885560018 14.592309385538103 144.0101004652679 29.555818922817707 579.52808989211917 9.0898547098040563 13.00143798440695 11.414053052663801 56.548359427601099 10.561201333999636 11.352664113044737 108.94418479502201 41.346186250448227 26.772556155920029 16.341392755508423 10.681029364466665 18.349410951137543 22.728318765759468 104.86839729547501 13.921469435095785 41.561921335756779 1052.8154352009296 136.04154404997826 11.455007418990133 13.961662188172339 245.95953378081322
leaf_count=155 7549 969 75 2186 88 86 1019 239 4689 50 85 76 463 53 65 567 457 150 81 67 80 103 463 66 361 5845 591 60 106 1541
internal_value=-0.000293977 0.00245091 0.00546557 -0.00510775 -0.0061808 -0.00683683 -0.0064279 -0.00404682 -0.0017762 0.032038 -0.00127539 0.0269843 -0.00437679 0.00153276 0.0338063 0.0075669 0.00599231 -0.000905666 0.0104616 -0.00593068 0.0149431 0.00618138 0.00993299 0.00462657 -0.0201454 0.00856889 0.0231301 0.0192641 -0.00507981 -0.00785701
internal_weight=3169.44 3001.73 2145.88 855.852 834.891 825.327 322.206 688.29 603.21 23.6822 246.888 24.4155 222.472 165.924 21.9139 1823.67 1502.86 408.699 125.286 283.413 320.813 154.967 141.518 118.79 85.0794 1094.16 165.846 147.497 43.5175 272.732
internal_count=28385 20836 12876 7960 7805 7717 2730 5531 4825 136 1761 161 1600 1137 118 10146 8708 2406 648 1758 1438 707 632 529 706 6302 731 651 345 1691
is_linear=0
shrinkage=0.05


Tree=40
num_leaves=31
num_cat=0
split_feature=0 10 24 34 27 3 6 34 38 11 7 7 9 18 27 7 38 26 21 29 13 39 24 23 10 0 34 18 18 38
split_gain=159.645 30.8669 28.6787 20.7938 16.1556 12.4328 11.27 10.7818 10.656 10.0625 8.91381 11.5095 13.1443 9.87027 8.55616 10.521 8.39046 8.33059 12.8318 14.4819 9.35513 8.24636 8.14162 10.3003 7.56449 7.52982 19.4569 13.4874 12.995 12.2554
threshold=0.98500000731250037 0.00107878007526441 456.17798800000008 2.6345182737044941 0.63160909683662769 0.60606228873751122 0.00042509539495776165 2.3270851622057811 0.071716381021841094 0.60676680070789624 0.97900000000000009 0.9479999990859983 0.90002727633029778 0.010111218508436187 0.51825230150939039 0.96000008002133919 0.20000000101313875 -0.26321523827128696 0.02666824708216135 0.24852257150566423 0.95312527677724701 0.69230772809468222 311.73257050000007 143.13942300000002 0.12438532075835952 0.51999999420571197 -0.43793090951855568 0.042553038297565918 0.34042571329795396 0.57142774799991281
decision_type=2 2 2 2 2 2 2 2 2 2 2 2 2 2 2 2 2 2 2 2 2 2 2 2 2 2 2 2 2 2
left_child=1 -1 3 4 7 14 17 8 10 -9 11 12 -3 -13 15 16 -4 -6 22 20 -20 -10 23 -19 -7 28 -27 29 -16 -28
right_child=-2 2 5 -5 6 24 -8 9 21 -11 -12 13 -14 -15 25 -17 -18 18 19 -21 -22 -23 -24 -25 -26 26 27 -29 -30 -31
leaf_value=-0.045469855118849878 -0.049842098789497101 0.018742661590499681 0.00702381337886278 0.069278925051151991 -0.034979629921140072 -0.021512200167010963 -0.027698277239506748 0.055988115148242951 -0.01554870706482488 -0.015049023201249387 -0.040599883614706317 0.018540831589856477 -0.02475299944291004 0.094085213020148231 -0.0048731205967190222 -0.028060784400661828 -0.0059659981655071767 -0.0094447229781640628 0.0059032820602078276 -0.034766013319142107 0.071518181287567026 0.032800457232877132 -0.032563958632004029 0.039175386785643439 0.023893023552622312 0.061596130956997078 0.00053563170461914998 0.019823824874008102 0.0080264514449093546 0.038254273884166363
leaf_weight=34.111930653452873 157.28208298236132 105.24197346717119 321.356206163764 8.9143062829971296 26.115394106134772 64.092460356652737 120.2036610879004 5.2072954773902884 64.770175188779831 116.8259378541261 7.0946940034627906 8.9494227841496485 20.802727460861206 8.365437485277651 250.27595363929868 30.82118365354836 202.74388441815972 110.55282206460834 9.0941471457481438 7.5818036682903758 13.49111547321081 10.209181692451237 33.204129638150334 12.083944540470837 10.705033510923384 19.351857092231512 271.79447735100985 222.64193567633629 887.81652062013745 23.388635460287333
leaf_count=923 7475 898 1887 80 220 516 1236 40 657 1296 119 139 171 68 1552 316 1288 1015 69 56 95 88 253 87 61 88 1858 994 4888 120
internal_value=-0.00072745 0.00182385 0.00236274 -0.00659013 -0.00758502 0.00503778 -0.0154667 -4.68001e-05 0.00643342 -0.0120178 0.0141075 0.0168149 0.011564 0.0550391 0.00571028 0.000329254 0.00199881 -0.00853539 -0.00482264 0.0250258 0.0450978 -0.00896549 -0.0106006 -0.00465397 -0.0150138 0.00749271 0.0123719 0.0105323 0.00518973 0.00352424
internal_weight=3185.09 3027.81 2993.7 688.708 679.794 2304.99 332.327 347.467 225.434 122.033 150.454 143.36 126.045 17.3149 2230.19 554.921 524.1 212.123 186.008 30.1671 22.5853 74.9794 155.841 122.637 74.7975 1675.27 537.177 517.825 1138.09 295.183
internal_count=28553 21078 20155 6587 6507 13568 3031 3476 2140 1336 1395 1276 1069 207 12991 3491 3175 1795 1575 220 164 745 1355 1102 577 9500 3060 2972 6440 1978
is_linear=0
shrinkage=0.05


Tree=41
num_leaves=31
num_cat=0
split_feature=1 9 24 33 38 3 9 5 11 5 3 25 8 28 19 21 35 13 19 23 7 1 29 20 19 23 19 11 9 31
split_gain=151.311 24.9171 25.3239 18.0285 12.527 11.3409 8.89866 8.62207 7.95687 7.65052 7.6336 10.9152 9.88473 9.68169 7.82947 7.75532 7.6369 12.7675 8.79741 7.48147 7.39445 8.26401 8.11723 7.29641 10.5141 9.10367 8.6854 7.82777 12.3818 8.42677
threshold=-0.01511363038619015 0.0010000129682431174 456.17798800000008 13.936597222222224 0.00045507144227054504 0.60606228873751122 0.0052625838099138135 -0.44098397571639525 1.538257752206216 -0.22314355131420974 -0.0020376983408382497 0.56206555565854543 0.96000000893420034 0.10524946901670552 -3.6409842498888785 -0.69314718007044196 0.50000000100000008 0.53796054368699242 -8.3469826600743904 9.8186260000000019 0.97900000000000009 -2.2537949203364271 1.0000000180025095e-35 5.0332559496829239 -0.097149063223240878 194.18754450000003 2.5591660838299006 1.008643380374896 0.01009164675114445 194.50000000000003
decision_type=2 2 2 2 2 2 2 2 2 2 2 2 2 2 2 2 2 2 2 2 2 2 2 2 2 2 2 2 2 2
left_child=1 -1 3 4 6 10 7 19 -6 -9 11 23 13 -12 -13 -15 17 -17 -19 -3 21 22 -8 24 27 -25 -27 29 -29 -4
right_child=-2 2 5 -5 8 -7 20 9 -10 -11 12 14 -14 15 -16 16 -18 18 -20 -21 -22 -23 -24 25 -26 26 -28 28 -30 -31
leaf_value=-0.043624199247153016 -0.049725884742369789 0.02997658298558999 0.012748793424190767 0.062717987452920163 -0.011774170496447044 -0.014540636062700616 -0.0029582769859100664 0.092418105500959358 -0.046637124160248643 0.02154050999151131 -0.029135356527535496 0.0058743738448056113 -0.015519475278790041 -0.025531847083844955 -0.033695036120759102 -0.02459043790826225 0.015400595412844218 -0.034863663315964924 0.0051237226523693433 -0.033944115623306063 -0.042916922797150849 0.0091976210429189648 -0.03232897000439721 0.07960978043232908 -0.00073900564680422004 0.006663143582054336 0.047685511648134893 -0.018803335271663044 0.04212398064352138 -0.0068321600800270044
leaf_weight=29.983577989041805 149.95224899239838 10.210162207484247 467.09019748680294 9.3427049592137319 353.68861722946167 74.236358784139156 117.87368527054787 6.6460972875356665 17.160506993532181 8.9133290573954564 21.774771355092525 25.065265644341707 69.019709009677172 21.132826894521713 24.940017998218536 38.949072793126106 154.61917928606272 13.945128388702868 1006.8380804844201 8.2980454042553884 10.984377462416886 112.07713160663843 29.389871016144753 7.0917902626097193 210.68115122057498 40.657498851418495 18.901411395519972 10.314172543585299 43.537150993943214 62.270818766206503
leaf_count=907 7475 86 2196 80 3602 582 1044 57 210 87 169 124 789 172 124 270 871 78 6275 71 168 940 233 42 1059 194 97 52 192 307
internal_value=-0.000700092 0.00172966 0.00218361 -0.00626301 -0.00721743 0.00468566 0.000299591 0.0243813 -0.0133874 0.0518154 0.00532375 0.00884895 0.00290354 0.00391491 -0.0138608 0.00449741 0.00501999 0.00350542 0.00457745 0.00131812 -0.0027353 -0.00103341 -0.00881988 0.0101686 0.00883458 0.0260583 0.0196819 0.012293 0.0304545 0.0104454
internal_weight=3175.58 3025.63 2995.65 684.585 675.242 2311.06 304.393 34.0676 370.849 15.5594 2236.83 910.549 1326.28 1257.26 50.0053 1235.48 1214.35 1059.73 1020.78 18.5082 270.325 259.341 147.264 860.544 793.893 66.6507 59.5589 583.212 53.8513 529.361
internal_count=28553 21078 20171 6578 6498 13593 2686 301 3812 144 13011 4387 8624 7835 248 7666 7494 6623 6353 157 2385 2217 1277 4139 3806 333 291 2747 244 2503
is_linear=0
shrinkage=0.05


Tree=42
num_leaves=31
num_cat=0
split_feature=0 10 24 33 27 3 33 4 31 38 39 28 8 7 9 38 28 16 27 7 38 3 38 33 15 38 35 27 39 10
split_gain=143.422 27.6072 23.5167 15.7466 14.3971 10.2192 9.82661 9.46918 10.9108 8.97594 8.46214 8.09489 7.89791 10.1043 11.6948 9.22948 8.13077 7.64075 7.50059 9.42699 7.54472 7.35911 10.4471 8.95877 12.8507 10.441 9.22608 11.0188 7.33601 7.95799
threshold=0.98500000731250037 0.00107878007526441 456.17798800000008 13.936597222222224 0.63160909683662769 0.60606228873751122 10.248026620370373 -0.037782366998572993 11.500000000000002 0.071716381021841094 1.0000000180025095e-35 0.91875984144524969 0.9793000014190153 0.9479999990859983 0.90002727633029778 1.0000000180025095e-35 0.57381704832561808 0.004685667838703696 0.51825230150939039 0.96000008002133919 0.20000000101313875 0.036367659170934589 3.481393918627365e-08 10.248026620370373 8.077793076816654e-06 0.07470009771132903 0.011716662158113017 0.20464596993121828 0.93349690150278608 0.27154707455456545
decision_type=2 2 2 2 2 2 2 2 2 2 2 2 2 2 2 2 2 2 2 2 2 2 2 2 2 2 2 2 2 2
left_child=1 -1 3 4 6 18 9 -8 -9 12 -6 -11 13 14 16 -15 -3 -18 19 20 21 22 -4 24 -24 26 -26 -28 29 -22
right_child=-2 2 5 -5 10 -7 7 8 -10 11 -12 -13 -14 15 -16 -17 17 -19 -20 -21 28 -23 23 -25 25 -27 27 -29 -30 -31
leaf_value=-0.04477924126498619 -0.049609384010959448 0.0048241547037490128 -0.00024330430332797034 0.057098043606379691 0.010962974373458112 -0.013827596261176817 0.021769524281304721 -0.021960456180657201 0.039942053678206052 -0.017433672996326088 -0.017028163614635886 0.021098484729803718 -0.039654638489295381 0.092622463098321062 -0.023864714459563514 0.019974973716241629 -0.018298129218373701 0.04027478061979841 0.0068062631829797675 -0.027069387422815873 -0.0035378418243556678 -0.028088612922532272 0.086379894200000584 -0.0021700182524569431 -0.0073801311673112671 0.0056270228055797754 0.082986881127911943 0.024690938799402744 0.040452097796539521 -0.031577951798797937
leaf_weight=31.694213239476085 142.96558011882007 58.287463936954737 169.81074506789446 9.7383263781666738 29.706809639930725 73.320882804691792 18.287125915288925 94.486004920676351 7.6983192171901456 55.654909070581198 296.43492912687361 18.051092945039272 6.7369297891855231 7.6162840873003033 20.445776924490929 10.263493061065672 6.4161347970366469 42.109657600522041 1681.6544494852424 30.181399248540401 164.36099332198501 14.750051900744436 8.1448212340474111 38.624758139252663 8.3244248181581479 50.507673621177673 15.052370905876158 17.564499542117119 8.1906612589955312 29.908102497458458
leaf_count=923 7475 521 1015 80 233 577 137 1116 83 552 2798 193 117 84 171 125 64 313 9500 316 1087 83 63 263 64 252 69 78 49 152
internal_value=-0.000672979 0.00164057 0.00213224 -0.00602655 -0.00694106 0.00454037 0.000162763 -0.0113667 -0.0172969 0.00632007 -0.0144786 -0.00799689 0.0132682 0.0157247 0.0107797 0.0509208 0.0174112 0.0325302 0.00514239 0.000104662 0.00166614 0.00641216 0.00806424 0.0182706 0.026198 0.0208379 0.039603 0.051594 -0.00590038 -0.00785467
internal_weight=3166.99 3024.02 2992.33 681.933 672.195 2310.4 346.053 120.471 102.184 225.582 326.142 73.706 151.876 145.139 127.259 17.8798 106.813 48.5258 2237.07 555.421 525.239 322.779 308.029 138.219 99.5938 91.449 40.9413 32.6169 202.46 194.269
internal_count=28553 21078 20155 6587 6507 13568 3476 1336 1199 2140 3031 745 1395 1278 1069 209 898 377 12991 3491 3175 1887 1804 789 526 463 211 147 1288 1239
is_linear=0
shrinkage=0.05


Tree=43
num_leaves=31
num_cat=0
split_feature=0 10 23 13 33 3 10 0 8 3 8 13 28 39 13 33 29 23 36 6 11 8 12 23 33 20 39 9 4 25
split_gain=135.947 25.9101 20.6024 11.8656 11.518 10.3485 10.2137 10.8007 9.75883 9.6358 9.60448 9.01796 7.91182 7.38838 7.37771 6.9959 10.6713 10.8706 6.5289 9.7853 6.76459 12.1962 6.49458 9.52206 10.9743 7.64137 9.94555 10.9446 7.39093 7.08165
threshold=0.98500000731250037 0.00107878007526441 154.67666650000004 1.2606487566061031 0.99418981481481483 0.029279178112513609 0.90173260350262463 0.67000000485294142 0.83800000000000008 0.60606228873751122 0.05262531009904553 1.0198592625508842 0.99113246595670712 0.69230772809468222 1.017695122097787 8.8140972222222249 -1.0000000180025095e-35 10.002500000000003 0.071161782130273035 -0.0091232401781354989 1.0006340776993099 0.96561196842165098 0.95987972223970697 75.040000000000006 6.4759027777777787 -7.8113346588496304 0.017241379482241793 0.0083233340335355874 -0.097254558405703961 0.19101567034600428
decision_type=2 2 2 2 2 2 2 2 2 2 2 2 2 2 2 2 2 2 2 2 2 2 2 2 2 2 2 2 2 2
left_child=1 -1 3 4 -3 6 7 22 11 -4 -11 -9 14 -13 -10 16 -8 18 19 -18 -21 -22 23 25 28 26 27 -6 -25 -24
right_child=-2 2 9 -5 5 -7 15 8 12 10 -12 13 -14 -15 -16 -17 17 -19 -20 20 21 -23 29 24 -26 -27 -28 -29 -30 -31
leaf_value=-0.04434479908638788 -0.049492322444880096 0.03688238978667123 0.0052899700517913106 -0.037011201470902692 -0.018020389383661753 -0.025032825793227756 0.06607519873657447 0.050042019839810582 -0.025993065088557102 -0.021503068833287075 0.026754000189057978 -0.040315676304262735 0.040930146448213085 0.031075589088978506 0.021936324756237715 -0.026264156746288937 0.054883970413497456 -0.025910199198478558 -0.04110267434300393 -0.028876143688457659 0.093537048287431424 -0.030089956823297178 -0.010119872615869885 -0.011281772621688557 -0.031920742933820682 0.01605921602851974 -0.024904854128782659 0.045980001417400274 0.048259622695821257 0.019180937531425298
leaf_weight=30.436428006738424 136.3066876642406 17.337608970701694 2059.0444468595088 27.18714876100421 12.395411960780622 56.062768992036581 5.0059624612331381 28.072345901280642 24.615283586084843 60.204337909817696 12.441570490598677 6.1084345467388621 9.4675634503364545 8.9108271300792676 11.915478553622959 68.08508481271565 12.121091965585949 43.769421288743615 5.1132406815886489 10.664978882297875 4.0073459260165682 3.9726965203881264 258.38002109900117 12.480971470475199 34.716718621551991 123.37262050807476 31.594667285680771 14.487260602414606 8.9490011781454069 22.409766510128975
leaf_count=923 7475 119 11682 287 103 509 46 208 204 509 70 54 88 68 96 869 100 466 37 148 51 71 2457 83 242 981 247 104 63 193
internal_value=-0.0006472 0.00155498 0.00202176 -0.00450492 -0.00344528 -0.00430141 -0.00277336 0.000130976 0.016214 0.00465854 -0.0132384 0.0333114 0.000197048 0.00204028 -0.0103596 -0.0143321 -0.00473553 -0.00918602 0.0112159 0.0199111 -0.00282469 0.0319919 -0.00263092 0.00344562 -0.0145532 0.00900281 -0.00588444 0.0164699 0.0135823 -0.00778138
internal_weight=3159.64 3023.33 2992.89 861.204 834.017 816.679 760.616 607.876 89.0899 2131.69 72.6459 43.0916 45.9983 15.0193 36.5308 152.74 84.6547 79.6488 35.8794 30.7661 18.645 7.98004 518.786 237.997 56.1467 181.85 58.4773 26.8827 21.43 280.79
internal_count=28553 21078 20155 7894 7607 7488 6979 5191 718 12261 579 330 388 122 300 1788 919 873 407 370 270 122 4473 1823 388 1435 454 207 146 2650
is_linear=0
shrinkage=0.05


Tree=44
num_leaves=31
num_cat=0
split_feature=1 10 23 27 14 19 11 16 39 12 3 8 33 33 1 31 1 27 12 31 39 23 33 18 20 39 16 33 30 1
split_gain=128.865 24.3147 18.6356 11.9125 11.1233 10.3635 11.5922 9.01214 9.66065 9.07437 8.73455 8.73119 8.35837 16.6061 11.7316 10.6314 9.73523 9.12619 10.2761 7.74223 7.24046 8.89075 9.05708 6.97615 10.8049 6.31183 6.22965 8.67382 12.4665 8.20081
threshold=-0.01511363038619015 0.00107878007526441 154.67666650000004 0.95738712665980008 0.19375462740680829 -6.6666662018461436 0.93908664964828004 0.15460168568689614 0.061224490146938794 0.92111622998822484 0.60606228873751122 0.05262531009904553 10.248026620370373 10.029114583333335 -0.052873647417675432 9.5000000000000018 -0.023268620776934593 0.14450740364862583 1.0018322806088686 15.500000000000002 0.0021959467313953109 5.1599675000000014 5.0305266203703711 0.010111218508436187 2.966551458112253 0.0021959467313953109 0.0061520901775387838 2.9191435185185188 8.5000000000000018 -0.6539264785495259
decision_type=2 2 2 2 2 2 2 2 2 2 2 2 2 2 2 2 2 2 2 2 2 2 2 2 2 2 2 2 2 2
left_child=1 -1 3 4 5 -3 7 9 -9 -7 26 -12 13 14 -8 25 23 -17 -19 -20 21 -5 -23 24 -16 -14 27 28 -4 -28
right_child=-2 2 10 20 -6 6 12 8 -10 -11 11 -13 15 -15 16 17 -18 18 19 -21 -22 22 -24 -25 -26 -27 29 -29 -30 -31
leaf_value=-0.043904035737852461 -0.049374404155929322 -0.043751086255839462 0.049416594025644564 0.059632920568326447 -0.043139930745040647 -0.0011336782169975065 -0.0043049828013250512 0.020054620242313709 0.075905124442752117 0.032197403950915644 -0.020739483746686271 0.025094250626008514 0.032607540765736756 0.067343621860737377 -0.034465902313214801 -0.039254478584939349 -0.015160072350062545 -0.011778680826528387 0.080686003052249849 0.010773237884358355 -0.014426703124621163 0.031481725158707639 -0.028893281083108614 0.072515783993666982 0.069700662173069736 -0.02490361119879721 0.0037450178113030367 -0.012515036577571127 -0.033099901487050214 0.011108125899874631
leaf_weight=29.235398402437568 129.96084466576576 12.377799920737742 14.266706358641388 7.1625078469514838 14.368842829018829 87.602748781442642 186.19332229346037 31.52275513112545 10.263680025935171 26.626767791807652 59.322768572717905 12.597091205418108 5.0495374538004389 9.6851945444941503 5.146058548241859 7.2676918357610694 8.8934151716530305 11.788839768618347 8.9359212499111909 7.1114303525537244 289.34654896892607 10.744780048727991 14.723894305527208 12.004155680537222 4.8222800567746162 86.426995303481817 1432.3024121448398 96.397414138540626 6.7394689098000518 513.81839620321989
leaf_count=923 7475 83 117 57 120 686 1661 233 80 182 509 70 53 103 80 66 156 97 84 69 2660 79 117 83 68 1077 8026 974 55 2510
internal_value=-0.000622663 0.00147338 0.00191655 -0.00430696 0.000258734 0.00145399 0.00255255 0.013904 0.0337727 0.00663576 0.00441729 -0.0127115 -0.00245985 0.00328606 0.000427807 -0.0127525 0.0289776 0.010639 0.0236656 0.049704 -0.0119088 0.0104184 -0.00342214 0.0468424 0.0159257 -0.021729 0.00501427 -0.00617086 0.0229426 0.00568904
internal_weight=3152.71 3022.74 2993.51 858.065 536.087 521.719 509.341 156.016 41.7864 114.23 2135.44 71.9199 353.325 226.744 217.059 126.58 30.8659 35.1039 27.8362 16.0474 321.978 32.6312 25.4687 21.9725 9.96834 91.4765 2063.52 117.404 21.0062 1946.12
internal_count=28553 21078 20155 7894 4981 4861 4778 1181 313 868 12261 579 3597 2151 2048 1446 387 316 250 153 2913 253 196 231 148 1130 11682 1146 172 10536
is_linear=0
shrinkage=0.05


Tree=45
num_leaves=31
num_cat=0
split_feature=0 32 13 33 11 10 39 19 13 5 33 33 12 32 8 17 33 17 32 5 26 10 23 11 37 13 13 29 26 24
split_gain=123.194 18.1583 14.8805 16.923 15.0678 14.7715 14.018 15.8293 13.0901 18.2376 10.7737 9.80286 9.32498 9.23422 11.8839 13.5889 13.6874 13.3908 12.224 11.561 13.4357 9.46349 8.60067 8.85105 8.5971 13.0107 8.39372 13.3799 19.8782 11.9651
threshold=0.98500000731250037 0.0042302451399920714 0.99874088785634341 1.2160821759259262 1.2138515666984249 0.0015167739684248847 0.58000414602712425 -0.097149063223240878 0.53796054368699242 -1.3929452391971642 0.8791782407407408 13.936597222222224 0.99956465894436286 1.3886506467108577e-07 0.26012407455234993 0.60000000050000024 4.8941087962962966 0.28571428796203807 4.0550379904169425e-09 -1.3929452391971642 -0.28169976842384825 0.95004498459336395 54.236264000000013 1.0610373799596209 0.074999784999870908 1.2842837550857988 0.95595573106064213 0.9493780754225859 -0.18398755327319161 11899.023911500002
decision_type=2 2 2 2 2 2 2 2 2 2 2 2 2 2 2 2 2 2 2 2 2 2 2 2 2 2 2 2 2 2
left_child=1 2 4 -4 13 -5 8 12 9 -3 -9 22 -8 14 15 18 -17 21 -1 -18 -21 -16 23 -7 -10 26 27 -26 -29 -30
right_child=-2 6 3 5 -6 11 7 10 24 -11 -12 -13 -14 -15 17 16 19 -19 -20 20 -22 -23 -24 -25 25 -27 -28 28 29 -31
leaf_value=-0.0036775945230686329 -0.048856575519823177 0.058839846877053452 0.02697268719726837 -0.036784230520406774 -0.019158702958159708 -0.0095156897176683283 0.020485083399917794 0.048804026135953242 0.0087879193372462517 -0.0058845630120753639 0.0053776514647356013 0.044456952047467059 0.055908667091117949 -0.018646484627400841 0.017573759531008166 -0.00045457365343075281 0.00094483437981196506 0.055315524862319554 0.0552042911077152 0.06116529224859682 0.019862754851531883 -0.0036668579067626419 -0.0025507319659123714 -0.035152640028210891 -0.0055497340179999624 0.054671453051416331 -0.014256002132216587 -0.044852925546064938 0.016637323121573414 0.068538162289177348
leaf_weight=468.00279748439789 123.51065391115844 24.977184019982815 39.038502048701048 38.919592406600714 69.867549926042557 210.04958944953978 38.775815535336733 15.825056940317152 301.56561052799225 19.288293831050396 146.49805076979101 9.7920236419886333 35.666717601940036 40.312130272388458 186.50103332474828 121.18228674679995 41.880334928631783 18.787312418222427 8.9835605993866903 28.492774590849876 63.732877694070339 72.951354125514627 586.24348638951778 40.092943143099546 163.88358432427049 9.6373021230101568 130.77725376933813 9.1934654861688596 30.74236498773098 17.384275741875172
leaf_count=3485 7446 126 258 977 625 2274 168 73 1419 105 708 77 154 245 1202 786 254 87 52 159 403 744 4056 479 888 52 715 48 166 92
internal_value=7.84859e-05 0.00210054 -0.000547649 -0.0052447 0.00332559 -0.0066657 0.00783556 0.0183665 0.00431112 0.0306368 0.00961134 -0.00528041 0.0374571 0.00482053 0.00575669 0.00241435 0.0117246 0.0145531 -0.00256861 0.0227302 0.032623 0.0116014 -0.00586271 -0.0136248 0.00255397 -0.00264473 -0.00421406 0.00172281 0.0225157 0.0353849
internal_weight=3112.56 2989.05 2044.83 924.136 1120.69 885.098 944.215 236.766 707.449 44.2655 162.323 846.178 74.4425 1050.83 1010.51 732.275 255.288 278.24 476.986 134.106 92.2257 259.452 836.386 250.143 663.184 361.618 351.981 221.204 57.3201 48.1266
internal_count=28323 20877 16163 8121 8042 7863 4714 1103 3611 231 781 6886 322 7417 7172 5139 1602 2033 3537 816 562 1946 6809 2753 3380 1961 1909 1194 306 258
is_linear=0
shrinkage=0.05


Tree=46
num_leaves=31
num_cat=0
split_feature=0 34 13 35 8 9 33 2 33 15 19 9 18 12 16 15 31 29 23 27 31 23 32 12 13 36 20 11 39 33
split_gain=116.588 16.6479 17.1885 19.7766 15.4641 14.6448 12.1214 10.8425 12.0237 9.85111 11.4376 9.02351 8.3447 8.27405 13.5934 10.3149 10.2294 10.5001 10.2617 9.16304 10.3964 9.04742 8.15482 8.03365 7.9683 10.7515 7.9647 9.10287 10.717 13.421
threshold=0.98500000731250037 1.6533263101779132 0.99705460805868273 0.61152659429063683 0.0093336316333686633 0.0018666666666666673 6.2296527777777788 -0.01153280069975089 13.936597222222224 0.43499676521312541 -4.0935100250738161 0.27073727704973732 0.10931584483274538 0.89115802123591992 0.10897447277482729 0.14893729102602707 12.500000000000002 0.99999983268596149 368.02513500000003 0.48787772609205921 3.5000000000000004 595.22416600000008 0.1196167727500117 1.0096870211976683 0.92404493022904466 0.19570780295881951 -14.901917217066002 0.31024589848722911 0.014428526056812909 1.1613946759259262
decision_type=2 2 2 2 2 2 2 2 2 2 2 2 2 2 2 2 2 2 2 2 2 2 2 2 2 2 2 2 2 2
left_child=1 4 3 11 -1 -4 -5 -7 -9 10 -8 13 -13 14 19 16 -15 18 23 -3 -21 -22 -16 -18 25 -20 -6 -28 -29 -30
right_child=-2 2 5 6 26 7 9 8 -10 -11 -12 12 -14 15 22 -17 17 -19 24 20 21 -23 -24 -25 -26 -27 27 28 29 -31
leaf_value=-0.0025979089096417173 -0.048716968445531861 0.018931513969618268 -0.039263436215149605 -0.010050695212885144 0.0544239057389211 0.01326367749959698 0.024491605025749853 -0.0078603998862419016 0.0446949177407375 -0.0005026341851226008 0.071513920658008878 0.0016748761141225589 0.020914752825780286 -0.012900071048149352 0.010767781251426335 -0.02302386828315163 0.016722370347567069 -0.013818280863278985 0.066274820610035964 0.022081514269764336 -0.043216252973220882 -0.0037809915414904675 0.052937720473085127 0.066711028986704099 -0.016119840721097619 0.0046860528028299115 -0.011046695446105518 0.027135272061702027 0.024899442004217242 0.0059375962998715701
leaf_weight=350.33788053877652 117.81523703970015 21.316387966275215 32.761202182620764 17.741209216415882 9.8697241060435754 72.581978589296341 27.537107743322846 692.21863875165582 11.056737184524534 14.138434752821921 24.382764227688316 139.07659085467458 94.752500288188457 125.2377328760922 137.48679080605507 78.520018510520458 18.427329637110233 43.848626982420683 9.1596089377999288 13.082872226834295 35.582330480217934 24.599495701491833 12.507231168448923 14.254614710807799 27.856975413858891 31.301456101238728 52.004492551088333 86.963875442743301 108.67357156984508 660.39922810345888
leaf_count=2711 7446 130 721 95 58 337 139 5794 85 72 120 1061 490 1162 859 551 131 267 57 111 260 122 65 99 159 176 267 417 564 3797
internal_value=6.93328e-05 0.00199316 -0.00121232 0.00349804 0.00633898 -0.00651797 0.0266436 -0.00513526 -0.00703414 0.0364985 0.0465744 0.00115275 0.00947128 -0.00212637 0.00492375 -0.0070726 -0.00243521 0.00661282 0.0154829 -0.00992063 -0.0183152 -0.027097 0.0142841 0.0385255 0.00445975 0.0186286 0.00974992 0.00926434 0.0104982 0.00861699
internal_weight=3105.49 2987.68 1719.43 910.81 1268.25 808.619 83.7995 775.857 703.275 66.0583 51.9199 827.011 233.829 593.181 244.575 348.606 270.086 144.849 101 94.5811 73.2647 60.1818 149.994 32.6819 68.318 40.4611 917.911 908.041 856.037 769.073
internal_count=28323 20877 13063 6126 7814 6937 426 6216 5879 331 259 5700 1551 4149 1547 2602 2051 889 622 623 493 382 924 230 392 233 5103 5045 4778 4361
is_linear=0
shrinkage=0.05


Tree=47
num_leaves=31
num_cat=0
split_feature=0 32 39 19 11 10 9 9 33 17 26 38 34 36 37 36 33 5 12 12 33 12 12 33 20 11 32 12 33 24
split_gain=110.34 15.3246 12.6343 14.1563 12.5107 13.6319 10.2636 12.418 11.7638 11.3121 10.5572 10.1511 9.95996 23.8431 9.73127 9.55935 9.39095 9.33741 13.2381 10.6882 9.30696 9.18532 8.38598 8.14849 7.90568 9.57021 11.2418 8.02798 7.77505 11.7599
threshold=0.98500000731250037 0.0042302451399920714 0.58000414602712425 -0.097149063223240878 1.2138515666984249 0.00107878007526441 0.947516666659592 0.46729319247491907 0.63928240740740749 0.60000000050000024 -0.32152327730852909 0.53333332207502793 0.68648730806192371 0.71428571514285732 0.1284431908988051 0.19570780295881951 6.0011979166666674 -0.98636424641973541 0.69933486495349517 0.92458034701049707 0.8791782407407408 1.0039498186015665 0.99956465894436286 8.9793518518518542 -3.9747900314796287 0.48804242053565633 0.17452090048621918 1.0999502738079998 8.4660879629629644 16567.981493500003
decision_type=2 2 2 2 2 2 2 2 2 2 2 2 2 2 2 2 2 2 2 2 2 2 2 2 2 2 2 2 2 2
left_child=1 4 12 22 5 -1 7 9 -8 -7 17 15 -3 16 -6 28 -14 -11 -19 -20 -5 -10 -4 -16 25 26 -15 -26 29 -9
right_child=-2 2 3 20 14 6 8 11 21 10 -12 -13 13 24 23 -17 -18 18 19 -21 -22 -23 -24 -25 27 -27 -28 -29 -30 -31
leaf_value=-0.035121289380099965 -0.048574851412852102 -0.0063758719548326626 0.019093374513253662 0.045414897617719954 -0.043986968775939723 -0.0035373876635284248 0.070488516425336017 0.016051275445810583 -0.005619468925396518 0.0049422947408658243 0.0026787878677596417 0.042939704965930685 0.009129054835635619 0.044195794254824179 4.2574723714140485e-05 0.03812934526894822 -0.0062007421390904392 0.087254109756344136 -0.0045259732464391625 0.057034097467574964 0.0049440426205671741 -0.031415149407226554 0.052652216418351411 -0.027649147920137014 0.0025604572714084451 0.056899034260790141 -0.010180721019641063 0.047887584461690003 -0.0019043970129472253 -0.016122216860811403
leaf_weight=26.43309542350471 112.38902537897229 179.27882201224566 38.841014444828033 15.729232788085936 23.739409189671278 828.65947142988443 4.5453246794641009 211.69947287812829 172.01554443314672 34.511375918984413 274.61760368198156 21.332895122468472 193.65437238663435 21.501523539423943 81.586364470422268 24.327487371861935 206.35949390381575 10.959680631756781 15.9864758849144 12.614734165370463 146.66351046413183 43.170447899028659 35.749958639964461 39.39189849421382 45.80541904270649 32.816237695515156 17.036086827516556 12.41651991009712 182.46151127852499 32.802678808569908
leaf_count=928 7446 935 168 73 220 6251 26 1273 1931 197 1763 110 981 95 696 111 1099 63 95 69 708 513 154 406 225 143 75 58 1356 155
internal_value=6.07246e-05 0.00189087 0.0071518 0.0171462 -0.000547354 0.000534155 0.00103824 0.00239013 -0.00911317 -0.000358168 0.00719723 0.00923638 0.00381054 0.00725888 -0.0147176 0.0076432 0.00122071 0.023949 0.0405297 0.0226255 0.00886402 -0.0107946 0.0351775 -0.00897417 0.0258994 0.0370555 0.0201579 0.012227 0.00590616 0.0117348
internal_weight=3099.1 2986.71 945.852 236.984 2040.86 1896.14 1869.7 1649.97 219.731 1177.35 348.69 472.624 708.868 529.59 144.718 451.291 400.014 74.0723 39.5609 28.6012 162.393 215.186 74.591 120.978 129.576 71.3538 38.5376 58.2219 426.964 244.502
internal_count=28323 20877 4714 1103 16163 14841 13913 11443 2470 8438 2187 3005 3611 2676 1322 2895 2080 424 227 164 781 2444 322 1102 596 313 170 283 2784 1428
is_linear=0
shrinkage=0.05


Tree=48
num_leaves=31
num_cat=0
split_feature=0 33 36 8 13 8 0 39 28 26 20 33 20 4 13 19 20 11 29 38 33 4 20 18 35 33 35 38 25 0
split_gain=104.435 13.961 17.9096 15.8696 14.0672 10.4983 16.7488 9.8062 8.51306 8.43114 9.35487 9.11581 8.87883 8.93098 7.98164 7.02382 6.95557 8.14846 7.54117 7.45089 7.41164 7.72249 7.11247 9.51151 7.10803 7.08375 8.50401 7.3191 8.1908 7.96409
threshold=0.98500000731250037 5.4784259259259267 0.61538461859354088 0.0093336316333686633 0.98172350185467205 0.12660889520735161 0.95600000773457128 0.061224490146938794 0.85269933063050762 -0.31793754321445672 -6.3184493317447474 6.2296527777777788 -12.421451932899366 -0.15415067982725841 1.0403031562496319 4.5883233822399063 -14.901917217066002 0.34096406685002606 -0.99999996528972634 0.097654937877299605 0.4525347222222223 -0.012268526816360243 -0.29612160280740091 0.56450781275335138 0.28200914788981396 1.1060648148148149 0.17647059811764712 0.18671760926988659 0.53358581990276932 0.94500000830525488
decision_type=2 2 2 2 2 2 2 2 2 2 2 2 2 2 2 2 2 2 2 2 2 2 2 2 2 2 2 2 2 2
left_child=1 3 5 15 7 -3 -7 9 14 10 -4 -11 -13 -14 -6 -1 -5 -18 19 -19 -20 -22 -23 24 25 -24 27 29 -29 -27
right_child=-2 2 4 16 8 6 -8 -9 -10 11 -12 12 13 -15 -16 -17 17 18 20 -21 21 22 23 -25 -26 26 -28 28 -30 -31
leaf_value=-0.0022940565654584327 -0.048429916423992109 -0.0084894537217653169 0.0085285593220996731 0.04906394787411511 -0.026415386218036348 0.0034757619585002912 -0.01736489264650784 -0.0048405377921573517 -0.031106207143449905 -0.015435327850617402 0.068531067499936288 -0.012814735378376119 0.038345164662258298 0.0079810308296232521 0.01710016772913912 -0.051586110386396614 -0.0094344900829152686 0.01162116828903725 0.048406933648793324 -0.042429122464228038 0.015232349043589577 -0.0032476248125222007 0.029828254431240004 0.045071793645976334 -0.026762205571706239 0.024113655797556421 0.055329539836623157 -0.0079404719283403136 0.036724367385529331 -0.0013743149544359968
leaf_weight=356.82555329240859 107.21970776934177 616.668093431741 10.107916824519636 10.688198639079927 15.115817353129385 636.17719412967563 113.62338686734438 41.905958630144596 26.589073590934277 18.599380187690258 18.178160041570663 15.773624606430529 67.27268673479557 37.837651111185551 34.792137861251831 7.3764247111976138 59.377472102642059 12.017020506784322 12.690994307398794 13.582987874746321 380.56427682191133 151.94758793711662 37.239580469205976 18.100855246186256 14.208065986633299 72.279095958918333 8.6169703900814039 111.9913094099611 11.300127260386942 53.211154319345951
leaf_count=2762 7446 5398 51 62 87 4038 1558 243 170 104 95 98 350 243 205 67 307 69 62 75 1823 912 196 103 80 421 45 675 64 514
internal_value=5.3445e-05 0.00179514 -0.00127492 0.00560418 0.010099 -0.0036569 0.000317608 0.0167949 -0.00825423 0.022199 0.0470894 0.0171515 0.0221653 0.0274147 0.00392044 -0.0032924 0.00895209 0.00850416 0.00969063 -0.0170571 0.0104757 0.00991565 0.00569061 0.00984463 0.00778004 0.00944574 0.00649686 0.00480546 -0.00384677 0.0133061
internal_weight=3091.88 2984.66 1652.64 1332.02 286.172 1366.47 749.801 209.675 76.497 167.769 28.2861 139.483 120.884 105.11 49.908 364.202 967.816 957.127 897.75 25.6 872.15 859.459 478.895 326.947 308.846 294.638 257.399 248.782 123.291 125.49
internal_count=28323 20877 12640 8237 1646 10994 5596 1184 462 941 146 795 691 593 292 2829 5408 5346 5039 144 4895 4833 3010 2098 1995 1915 1719 1674 739 935
is_linear=0
shrinkage=0.05


Tree=49
num_leaves=31
num_cat=0
split_feature=0 32 13 33 9 11 39 4 13 5 13 27 13 27 4 18 5 27 5 34 32 9 32 17 10 5 26 31 9 29
split_gain=98.8473 12.9607 12.0192 13.6077 12.6237 12.307 11.0325 13.9082 11.038 15.4876 10.5169 9.48252 10.5625 9.39314 11.0072 10.3836 12.9235 9.46882 9.67588 9.12062 8.63166 10.1056 11.6892 11.2942 10.9618 10.391 11.6117 11.1279 9.8842 9.83787
threshold=0.98500000731250037 0.0042302451399920714 0.99874088785634341 2.3758738425925929 0.0017333333333395837 1.2138515666984249 0.58000414602712425 -0.026340050438989529 0.53796054368699242 -1.3929452391971642 1.017695122097787 0.99999876055511272 1.1631776203284392 0.9600664134840482 -0.57760852714369559 0.61538462619084677 -0.10664375440163597 0.48787772609205921 -0.20364060358351868 0.44540504761611838 1.3886506467108577e-07 0.27073727704973732 4.0550379904169425e-09 0.60000000050000024 0.92533512254055872 -1.1852889769457651 -0.32152327730852909 164.50000000000003 0.0027333333347270526 -0.99999985507218025
decision_type=2 2 2 2 2 2 2 2 2 2 2 2 2 2 2 2 2 2 2 2 2 2 2 2 2 2 2 2 2 2
left_child=1 2 5 -4 -5 20 8 10 9 -3 -8 13 -13 14 -6 16 17 -16 -19 -9 21 22 23 -1 -23 28 27 -27 -25 -26
right_child=-2 6 3 4 11 -7 7 19 -10 -11 -12 12 -14 -15 15 -17 -18 18 -20 -21 -22 24 -24 25 29 26 -28 -29 -30 -31
leaf_value=-0.003434813239930497 -0.048281860040798756 0.052891483860709888 0.012030162678712349 -0.038237777128490663 0.025099447098575124 -0.017706865823543246 0.01858628344588285 0.029545542586060548 0.0017952713407816086 -0.0063862992292049343 0.06624714713004197 -0.010309396324426626 -0.042534909900275086 0.01307092141847949 -0.0047605771229725794 -0.037155901688527032 -0.007594857903113825 0.017458475141944901 0.090428077949030072 0.0037936815104506155 -0.018506045225174645 0.020181179109050904 0.051115800548223969 -0.039841237285406693 -0.062449849934352542 0.071218989797061552 0.011528729811792843 0.0074011085512552871 0.0044496796357332558 0.0035857936495865962
leaf_weight=462.86012101918459 102.29549225885421 25.618907690048218 106.19872721470892 31.111161271110177 28.428287409245968 67.903069205582142 25.355252623558044 45.029161538928747 664.52585027366877 19.3352310359478 21.296071037650108 175.1666801776737 29.745804503560066 83.264980597421527 15.090713858604429 26.810750015079975 400.35936509072781 10.659254647791384 7.9175444394350079 145.43162174709141 40.071824215352535 188.01055558770895 11.930559836328028 14.21332850307226 6.011706741526722 18.287061303853992 99.783473514020443 10.903497502207754 110.73983536660671 91.234742050990462
leaf_count=3481 7446 126 771 875 179 625 107 204 3380 105 89 1639 256 532 95 185 3465 72 52 703 245 1120 65 103 53 98 642 66 668 876
internal_value=4.66248e-05 0.00170378 -0.000542966 -0.00479679 -0.0070069 0.00292528 0.00653792 0.0158752 0.00341736 0.0273955 0.0403432 -0.00575713 -0.0149874 -0.00245357 -0.00509558 -0.00695826 -0.00509289 0.0246594 0.0485586 0.00988199 0.00425443 0.00515391 0.00203089 0.00121389 0.013132 0.00968758 0.0196432 0.0473812 -0.000588379 -0.000496483
internal_weight=3085.59 2983.3 2036.7 914.753 808.555 1121.95 946.592 237.112 709.48 44.9541 46.6513 777.443 204.912 572.531 489.266 460.838 434.027 33.6675 18.5768 190.461 1054.05 1013.97 728.718 716.787 285.257 253.927 128.974 29.1906 124.953 97.2464
internal_count=28323 20877 16163 8121 7350 8042 4714 1103 3611 231 196 6475 1895 4580 4048 3869 3684 219 124 907 7417 7172 5123 5058 2049 1577 806 164 771 929
is_linear=0
shrinkage=0.05


Tree=50
num_leaves=31
num_cat=0
split_feature=0 10 23 37 10 12 37 14 38 18 24 24 8 11 38 28 33 11 11 11 3 10 5 26 26 31 26 12 26 26
split_gain=94.4374 13.1845 9.91518 9.047 11.0281 10.646 13.9557 8.05883 10.8187 7.74452 10.7284 8.9629 8.26637 8.06726 7.60014 7.43414 7.25587 6.2447 5.41734 6.32333 7.3581 8.68094 6.84914 6.00322 10.8034 12.5755 10.7072 9.91917 8.86736 7.35317
threshold=0.98500000731250037 0.0010016261229322642 227.02570350000002 0.23076923076923084 0.010229781444075407 1.0945055747033361 0.14859883316097158 0.063449410268126213 0.16870621264468372 0.0083133525424385086 6.0982140000000014 3855.5657060000008 0.0059980259436742305 0.99999779694319002 0.39283230933200758 0.31356954753717597 12.682789351851854 1.0816147528740212 1.102585589679921 1.035167117032928 -1.0000000180025095e-35 0.035044628027608708 0.17027784329592124 -0.35215437446884984 -0.24405066829747121 22.500000000000004 -0.17806560450503003 0.52580544878481772 -0.17008416548016278 -0.26019185038199588
decision_type=2 2 2 2 2 2 2 2 2 2 2 2 2 2 2 2 2 2 2 2 2 2 2 2 2 2 2 2 2 2
left_child=1 -1 9 5 16 -4 7 14 -9 11 13 12 -3 -11 -7 -12 -5 -10 19 23 -21 -22 -23 -17 29 26 27 -26 -28 -25
right_child=-2 2 3 4 -6 6 -8 8 17 10 15 -13 -14 -15 -16 18 -18 -19 -20 20 21 22 -24 24 25 -27 28 -29 -30 -31
leaf_value=-0.040404836869961457 -0.04813976447594423 0.048755303832563462 0.0047163722826356058 -0.016284739912937354 0.0025943753066105272 0.023266093062549575 0.057945060002167037 0.0058206056115892996 0.073892449336302082 0.011209590509734609 -0.013149909192008062 0.069830139358761936 -0.017524936707092171 0.060599014818550845 -0.017162020182097695 0.026030709243692371 0.027806850474985764 0.025453532443715333 -0.013761549778052336 0.059661639209312639 0.051852837454971684 -0.018069689964697499 0.038987050072841069 -0.0058318255563352475 0.063074415449801927 -0.023095051577351589 -0.039286006567244534 0.01272153928808481 0.0015727777916549725 -0.032823103237283366
leaf_weight=18.536954622715712 98.447902033105493 4.879842732101678 1270.7125614266843 135.01361867785454 455.25446850806475 18.509972155094147 20.209053792059422 32.515519499778748 12.841324433684351 32.993359711021185 121.47815711423755 3.1762799341231576 130.7040852047503 11.032683696597813 31.25368832051754 21.725804075598717 10.023501109331844 13.808547027409075 62.035474825650454 9.139167405664919 9.1967393159866315 21.399562016129497 6.973764829337596 82.952578127384186 10.514594368636606 41.397991970181465 14.190627738833426 140.11507929116488 206.68996775522828 36.26383619569242
leaf_count=819 7523 78 7049 1066 2481 105 109 161 58 322 1054 40 2066 108 182 135 78 67 570 58 91 172 54 602 76 250 113 1103 1573 273
internal_value=4.32538e-05 0.00163208 0.00189472 0.00390433 -0.0012308 0.00610641 0.0197843 0.0127045 0.0251771 -0.00226257 -0.000430773 -0.0131944 -0.0151394 0.0235863 -0.00212448 -0.00177934 -0.0132376 0.048794 0.000305302 0.00175835 0.0194252 0.00963746 -0.00404595 0.000268409 -0.000783425 0.00304469 0.00595748 0.0162364 -0.00105222 -0.0140422
internal_weight=3083.99 2985.54 2967 2000.14 600.292 1399.85 129.138 108.929 59.1654 966.86 828.099 138.76 135.584 44.026 49.7637 784.073 145.037 26.6499 662.595 600.56 46.7092 37.5701 28.3733 553.85 532.125 412.908 371.51 150.63 220.881 119.216
internal_count=28436 20913 20094 11356 3625 7731 682 573 286 8738 6554 2184 2144 430 287 6124 1144 125 5070 4500 375 317 226 4125 3990 3115 2865 1179 1686 875
is_linear=0
shrinkage=0.05


Tree=51
num_leaves=31
num_cat=0
split_feature=1 10 27 37 10 6 4 13 18 34 8 24 12 34 18 34 5 26 26 37 5 23 23 28 26 26 11 34 12 5
split_gain=89.562 12.3235 10.0238 8.61146 14.6759 11.657 8.65692 17.3867 8.51753 12.6441 10.1093 8.35364 9.34053 8.30146 7.86155 7.71113 16.7446 13.7421 12.2402 11.9229 11.1742 7.92035 8.17936 7.69013 11.0147 10.7822 12.1503 17.3183 11.7584 9.97221
threshold=-0.012584233850721388 0.0010016261229322642 0.99966829881375074 0.24999991358899545 0.010229781444075407 1.1932395547973289 0.18232155635921923 0.84717310569617299 0.018145159906433988 -0.64368493604046673 0.95192641690458168 21955.608249500001 1.085200405719696 2.0684291583169014 0.034517802074572508 0.86948297240568484 -0.44098397571639525 0.51994355458737485 -0.22741213701454016 0.034482746972058817 -0.0078348692165957027 54.236264000000013 1.0994500000000003 0.76843884606483226 -0.31793754321445672 -0.13608275312788981 0.59294856261423212 1.984304572357545 0.49559425193708306 -0.070204255626757472
decision_type=2 2 2 2 2 2 2 2 2 2 2 2 2 2 2 2 2 2 2 2 2 2 2 2 2 2 2 2 2 2
left_child=1 -1 3 6 -5 -6 8 -8 9 -3 11 23 -13 -9 -12 16 -4 18 -18 20 -20 22 -17 25 29 26 27 -10 -27 -25
right_child=-2 2 15 4 5 -7 7 13 10 -11 14 12 -14 -15 -16 21 17 -19 19 -21 -22 -23 -24 24 -26 28 -28 -29 -30 -31
leaf_value=-0.039933445522613298 -0.049509822970435685 0.085379792268929583 -0.030184628464536824 -0.015489208724897178 0.00064762815105865151 0.037786823415735062 0.095205487248452403 -0.018499570896093408 -0.0059587237699904837 -0.005106311175283363 0.016189836080745933 0.0096105992710118233 0.038908722458234755 0.048144492477727237 0.05966671389940157 0.034681568415798184 0.0040472872239734779 -0.027015387100185154 0.042510209689369291 0.013989940899010019 0.1275731539885088 -0.0015037607777691672 -0.016959596936971726 0.0071416285675610022 0.0051614065383363376 -0.042168406457167011 -0.01024506749372645 0.049970893620792989 0.0092311567262572877 0.049607358821714909
leaf_weight=17.835827523842454 88.58662202488631 3.9177417987957588 17.395185843110085 151.93436991423368 429.82690025307238 22.220488864928484 7.9174450561404255 12.002127554267647 37.981196239590645 265.03280627448112 44.910453379154205 252.81387110799551 30.484194897115231 7.6517775915563098 13.529994629323481 8.0172050911933166 14.38017669692635 9.400133013725279 7.1730038225650743 8.2744907028973085 8.3609489630907863 296.82682411186397 175.90626609977335 27.253185048699379 496.9510930813849 11.628150969743727 303.21511970832944 21.776320151984692 258.06479749083519 28.057086177170277
leaf_count=819 7132 22 125 1262 2439 132 48 67 225 3002 291 1269 149 60 62 73 115 63 42 60 73 2284 1762 135 2880 62 1989 126 1516 152
internal_value=3.6248e-05 0.00150382 0.00175242 0.00312911 -0.00204532 0.00247321 0.00484328 0.0326477 0.00441635 -0.00378822 0.00586174 0.00505 0.0127632 0.0074467 0.0262555 -0.00437045 0.0117953 0.0271402 0.0404707 0.0624702 0.0882942 -0.0065556 -0.0147086 0.00320588 0.00751716 -0.000557484 -0.00618393 0.0144227 0.007015 0.0286831
internal_weight=3079.33 2990.74 2972.9 2427.17 603.982 452.047 1823.19 27.5714 1795.62 268.951 1526.67 1468.23 283.298 19.6539 58.4404 545.734 64.9839 47.5888 38.1886 23.8084 15.534 480.75 183.923 1184.93 552.261 632.666 362.973 59.7575 269.693 55.3103
internal_count=28436 21304 20485 15888 3833 2571 12055 175 11880 3024 8856 8503 1418 127 353 4597 478 353 290 175 115 4119 1835 7085 3167 3918 2340 351 1578 287
is_linear=0
shrinkage=0.05


Tree=52
num_leaves=31
num_cat=0
split_feature=0 10 2 15 26 31 6 5 5 26 37 7 31 17 28 36 6 34 23 18 3 3 12 39 14 6 28 26 31 24
split_gain=84.9044 11.5414 9.12903 11.0917 8.61996 7.84495 7.65026 7.11198 7.09332 7.55981 6.99124 7.82277 7.80368 9.91841 7.05953 8.69039 10.6201 6.91005 8.078 6.97704 9.61783 7.8277 6.86317 8.31911 15.4907 12.441 12.6285 8.51094 8.28995 11.8161
threshold=0.987494616516436 0.0010016261229322642 -0.0061006764522202215 0.018441018504042016 -0.32152327730852909 386.50000000000006 0.65756445000825336 -0.027212570978761407 -0.0084636865604154499 -0.091315949452354023 0.90041855577097507 0.044135267542258223 136.50000000000003 0.36596967910789652 0.10524946901670552 0.44444444472222228 -0.76213998049257248 0.80157590111263055 10044.283098500002 0.90629533517711847 -0.84516083948411713 -0.69314718018611332 1.0168189742491427 0.05067091774791229 0.26116327536175926 -0.18232153879395313 0.4622881022637963 -0.17368891005653039 12.500000000000002 1108.0100000000004
decision_type=2 2 2 2 2 2 2 2 2 2 2 2 2 2 2 2 2 2 2 2 2 2 2 2 2 2 2 2 2 2
left_child=1 -1 3 7 6 10 -4 -3 -9 -10 14 12 13 -12 15 -6 -17 19 -19 21 -21 -5 -16 28 25 -25 27 -27 -24 -30
right_child=-2 2 4 17 5 -7 -8 8 9 -11 11 -13 -14 -15 22 16 -18 18 -20 20 -22 -23 23 24 -26 26 -28 -29 29 -31
leaf_value=-0.039452193562365873 -0.049423128100152064 0.060852733421502304 0.010690974626776163 -0.047835999146985324 -0.020800369856194122 0.032545785148523382 -0.023615762358841788 -0.017738521151656705 0.0035735609316082887 0.05300765927870435 -0.026243068353901666 0.0054908464530367086 -0.041016082215271338 0.0051522041719842216 -0.0010242487844872024 -0.018908919906101704 0.05180472056452521 0.0057350587406106079 0.029647142972102958 0.04090875152498008 -0.013533799115679871 -0.0059023817308808575 0.00055114909961949345 -0.016341859531988061 -0.052280835525682939 0.015891225261011364 0.0053156620319040233 0.078225595711442414 0.0869839292266677 0.021225042249650754
leaf_weight=17.167734494432807 84.410327521152794 13.682740256190298 275.13985140714794 13.637000590562819 76.90719270799309 17.871026684530079 17.270150399766862 9.8603239804506284 13.992813963443039 17.290311820805076 50.374095015227795 56.033327218145132 26.599862959235907 50.252851784229279 1453.740502984263 10.97042176872492 10.28986796736717 187.61450256407261 43.509919963777065 16.524003639817238 15.935563854873179 60.507667876780033 42.541973914951086 63.074362725019455 12.558142475783823 11.973318246193232 326.4519120035693 10.091170605272053 7.7104149349033824 59.917469285428524
leaf_count=819 7132 62 1693 63 806 105 131 47 64 89 551 360 219 331 10645 86 87 865 190 80 84 281 397 415 73 97 2206 68 58 332
internal_value=2.96807e-05 0.00142601 0.00166212 0.00876566 0.0005812 -0.000452183 0.00866477 0.0296254 0.0192404 0.030896 -0.000712025 -0.0100753 -0.016931 -0.0105643 0.000110476 -0.0129786 0.0153161 0.00537933 0.0102366 -0.0051515 0.014181 -0.013615 0.000756794 0.00560254 0.00242288 0.00409196 0.00779007 0.0443998 0.0178441 0.0287224
internal_weight=3073.9 2989.49 2972.32 392.555 2579.77 2287.36 292.41 54.8262 41.1434 31.2831 2269.49 183.26 127.227 100.627 2086.23 98.1675 21.2603 337.729 231.124 106.604 32.4596 74.1447 1988.06 534.319 424.149 411.591 348.516 22.0645 110.17 67.6279
internal_count=28436 21304 20485 1825 18660 16836 1824 262 200 153 16731 1461 1101 882 15270 979 173 1563 1055 508 164 344 14291 3646 2859 2786 2371 165 787 390
is_linear=0
shrinkage=0.05


Tree=53
num_leaves=31
num_cat=0
split_feature=1 10 27 18 34 16 34 33 14 19 2 26 30 14 15 16 3 15 33 18 31 32 5 17 11 19 7 22 4 33
split_gain=80.4945 10.8062 8.92862 7.18912 12.5173 11.7162 10.768 9.42159 8.9727 11.4003 10.8375 7.56861 13.5939 9.35316 8.23802 13.4438 9.14988 7.09211 7.43175 15.4839 10.948 9.70523 9.17536 8.21608 7.07241 8.9586 9.52081 6.96562 6.73727 6.62109
threshold=-0.012584233850721388 0.0010016261229322642 0.99966829881375074 0.018145159906433988 -0.78411843083915922 0.0048776183972991218 -0.78411843083915922 10.974328703703707 0.019516065667772822 8.6400865616401159 0.016249217774851756 -0.20615768123121658 2.5000000000000004 0.0044841783747324769 0.0029549028899748075 0.003787498571003385 0.010539284914751755 0.40699497363831033 2.3024942129629635 0.50000000100000008 11.500000000000002 0.01733839132140377 -0.16705407879950793 0.023834652235660971 0.99961433786864973 0.99371885843267205 0.86927345352403218 1153.6172855000002 -3.3881086474884263 10.248026620370373
decision_type=2 2 2 2 2 2 2 2 2 2 2 2 2 2 2 2 2 2 2 2 2 2 2 2 2 2 2 2 2 2
left_child=1 -1 3 4 -3 29 -7 8 9 11 -10 12 14 -13 15 -6 -16 18 19 20 23 -20 -21 -4 -15 -26 -27 -9 -8 -5
right_child=-2 2 17 5 7 6 28 27 10 -11 -12 13 -14 24 16 -17 -18 -19 21 22 -22 -23 -24 -25 25 26 -28 -29 -30 -31
leaf_value=-0.038960991386868024 -0.049335235426204604 0.075343130786936177 0.030055813629838592 0.032748333222824465 0.013744133204944969 -0.035673270417281196 0.042079069651186816 -0.028111103680309446 -0.041447904122677681 0.05573965533081441 0.0037741811260800038 -0.015067929914263046 -0.018875300144880293 -0.029427435860203743 -0.0058215201180533728 0.097518426632308697 0.069621657407809873 -0.043826010543430223 -0.0072224254851859992 -0.036515817446234097 0.009640784435390232 0.024950859015842562 0.030562709304260468 0.10170643933251872 0.061883080874967279 0.049420957432534086 -0.0096668580429817123 0.026255006770007385 0.0033184196500705243 0.0036617703172582097
leaf_weight=16.531179564073682 80.433058123104274 4.9057402499020091 8.3094381298869866 53.885564047843218 9.5242858547717351 17.664043746888638 11.274759411811827 56.688406420871615 27.170304143801332 9.9878365471959096 25.85660401172936 89.982010507024825 19.448831712827086 8.7154629314318282 17.61028860509396 9.632161542773245 5.2073934990912667 11.068986788392065 446.25508789159358 17.94202280044556 20.929210115224123 24.739309306256473 7.1213890910148612 7.7163643166422835 9.8307871259748918 9.6129044853150827 23.442846624180675 6.5750999413430682 1980.6051604822278 30.718875002115965
leaf_count=819 7132 27 81 424 169 108 57 866 198 69 169 1191 178 62 184 120 41 77 3928 128 139 137 58 49 56 58 150 59 11405 297
internal_value=2.41279e-05 0.00135239 0.0015766 0.00287373 -0.00393646 0.00396052 0.00319315 -0.00511758 -0.000993153 0.00358865 -0.019397 0.00102285 0.0156805 -0.00533603 0.031692 0.0558672 0.0113959 -0.00421275 -0.00339011 0.0128801 0.0334549 -0.0055325 -0.0174565 0.0645553 0.0116342 0.0199788 0.0075164 -0.0224607 0.00353782 0.0221873
internal_weight=3069.39 2988.95 2972.42 2428.34 334.191 2094.15 2009.54 329.285 266.022 212.995 53.0269 203.007 61.423 141.584 41.9741 19.1564 22.8177 544.082 533.013 62.0184 36.955 470.994 25.0634 16.0258 51.602 42.8865 33.0558 63.2635 1991.88 84.6044
internal_count=28436 21304 20485 15888 3597 12291 11570 3570 2645 2278 367 2209 692 1517 514 289 225 4597 4520 455 269 4065 186 130 326 264 208 925 11462 721
is_linear=0
shrinkage=0.05


Tree=54
num_leaves=31
num_cat=0
split_feature=0 8 25 24 0 8 34 5 33 24 33 27 33 20 33 33 16 26 5 26 27 13 8 9 13 35 24 19 24 23
split_gain=76.3141 10.4247 9.21289 8.03196 10.326 14.3308 10.9626 9.83564 8.23579 8.12346 7.61752 9.20399 10.0927 9.84191 11.4185 10.4092 10.219 9.23202 11.0387 8.62284 11.5056 9.54664 9.48344 14.6472 14.5638 11.6186 14.8836 10.371 8.62651 8.42819
threshold=0.987494616516436 0.0010000389047293517 0.99999991459839432 1626.7531785000003 0.97700000602068415 0.97503128272954653 1.2705778458433683 0.82972808384125918 0.97693287037037047 1684.3635045000001 10.925572916666669 0.84704553232185353 1.04509837962963 4.1607490610600264 6.2296527777777788 5.2237847222222227 0.027636598361653136 -0.24297253312703676 0.22059992509319368 -0.18306302527565674 0.28242759433410658 1.0837710078169593 0.0097502804510267247 0.037217178764215694 0.92747477198492179 0.28200914788981396 88.345320500000028 0.50281909719466611 322.88961350000005 529.70381400000008
decision_type=2 2 2 2 2 2 2 2 2 2 2 2 2 2 2 2 2 2 2 2 2 2 2 2 2 2 2 2 2 2
left_child=1 -1 3 4 5 7 -7 10 -6 -5 11 12 -3 17 15 16 -15 -13 -19 20 28 -21 24 25 -22 26 -24 -25 -14 -16
right_child=-2 2 -4 9 8 6 -8 -9 -10 -11 -12 13 19 14 29 -17 -18 18 -20 21 22 -23 23 27 -26 -27 -28 -29 -30 -31
leaf_value=-0.01971127330906805 -0.049245955048040281 0.044366528743748454 -0.05381078600353062 0.040599026566395739 0.062741753375573903 0.10246254019651622 0.01840261431195914 -0.02629939080813043 -0.034386488955570317 0.0036599588698894335 -0.0075259191476448875 -0.023978414308746459 -0.029320450962214528 -0.0052613137045377954 -0.02118020546534112 0.094658629491646828 0.061150408072787557 -0.000398505441524908 -0.047853046530310299 0.0028321435940239685 0.02200072657838277 -0.030194472325429739 0.10656571072143182 0.028403044788214701 -0.057167173518790408 0.12187899899261496 0.0058232241696054808 -0.023434372561492015 0.011637528158948706 0.04875668662426464
leaf_weight=57.990643063560128 76.645542515441775 17.55078611522913 7.4563357951119533 15.012000188231466 2.3368201125413171 5.447661995887759 13.466431204229592 37.933877676725388 33.049010472372174 1740.7057898705825 277.76117985695601 63.397763852030039 21.65963813662529 14.166109394282108 22.306935638189319 6.1829066202044478 9.7991536781191808 250.1713266260922 12.885940682142971 203.23570875823498 18.50495853275061 24.520698700100183 5.7873297110199955 54.03321686014533 8.467360354959963 6.5677983686327925 10.003261372447012 11.746341504156588 31.628265377134085 5.3388939052820197
leaf_count=1234 7132 102 78 92 22 30 117 416 803 9706 2482 466 190 114 253 64 81 1853 115 1687 154 226 56 407 86 37 87 92 215 39
internal_value=1.82219e-05 0.00128143 0.00169676 0.00183832 -0.00137483 -0.000543822 0.0426137 -0.0012768 -0.0279723 0.0039758 -0.000394411 0.00208801 0.00726324 -0.00348396 0.0155344 0.0368167 0.0218938 -0.00685088 -0.00272308 0.00561946 0.0141983 -0.000723566 0.0230906 0.0310298 -0.00285228 0.0659913 0.0427458 0.0191464 -0.00501043 -0.00767417
internal_weight=3065.76 2989.11 2931.12 2923.67 1167.95 1132.56 18.9141 1113.65 35.3858 1755.72 1075.72 797.954 413.705 384.249 57.794 30.1482 23.9653 326.455 263.057 396.155 168.398 227.756 115.11 88.1379 26.9723 22.3584 15.7906 65.7796 53.2879 27.6458
internal_count=28436 21304 20070 19992 10194 9369 147 9222 825 9798 8806 6324 3339 2985 551 259 195 2434 1968 3237 1324 1913 919 679 240 180 143 499 405 292
is_linear=0
shrinkage=0.05


Tree=55
num_leaves=31
num_cat=0
split_feature=0 9 36 20 33 8 30 33 37 8 9 33 29 20 13 39 29 33 39 13 34 14 26 30 25 28 39 2 26 13
split_gain=72.2 9.16235 12.5207 13.8522 9.74596 9.94762 8.84683 10.0523 8.62955 9.80632 7.88519 7.87405 7.53918 10.3364 7.31466 10.9756 6.97894 12.3356 10.8031 7.21186 9.72184 6.79149 6.49526 6.45392 11.2029 7.69616 10.4775 11.7365 8.54522 8.20031
threshold=0.987494616516436 0.0027333333347270526 0.3958876282723976 -4.3233956477872102 10.248026620370373 0.95404463505724324 11.500000000000002 8.8140972222222249 0.9999981139998938 0.067056393749785906 0.0014015321772467726 1.6755729166666669 0.34541256159696154 -2.6884822044708332 1.0467284371491947 0.0074339407104677896 0.9723728114787823 5.6556944444444452 0.05067091774791229 1.2230971702762468 0.80157590111263055 0.31081868203316076 -0.26157027091330842 27.500000000000004 0.14338960430282457 0.84816986003121608 0.98699923372821063 -0.022874982977662665 -0.13608274107942975 1.0764537885869945
decision_type=2 2 2 2 2 2 2 2 2 2 2 2 2 2 2 2 2 2 2 2 2 2 2 2 2 2 2 2 2 2
left_child=1 2 -1 -4 8 -6 7 10 14 16 11 -5 -8 -14 -3 -16 19 18 -18 20 -10 -20 -9 24 25 26 27 -17 -29 -30
right_child=-2 4 3 6 5 -7 12 22 9 -11 -12 -13 13 -15 15 23 17 -19 21 -21 -22 -23 -24 -25 -26 -27 -28 28 29 -31
leaf_value=-0.028700115004389865 -0.04983509203215556 0.0055835916648641695 -0.030736866083234567 -0.011212865100657148 -0.0021902939227025982 -0.025863627896134157 0.018627699075596062 0.079328772872978626 -0.047308231869168042 0.013319135398617758 -0.0091397301082561874 0.052544222953058911 0.032207396506058028 -0.030610572382960683 -0.029227901175780786 0.036770660276224762 0.060657525122125945 -0.039664598660799411 -0.033384243361618521 0.022464815586340166 -0.013113809103475572 0.033533536112875989 0.018616060769640088 0.025471868779078755 -0.02019017366244287 0.012682112928650596 0.051429951574644195 -0.019213323913917852 -0.02650407247036304 0.032739280666944946
leaf_weight=59.309221489354968 72.389524114318192 1569.3482606764883 33.484559871256351 7.4677676707506206 570.01151855476201 48.121430131606758 18.312721230089664 9.1321424543857592 31.458315119147301 43.907255770638585 32.09007740020752 13.775889936834572 7.9635759368538848 36.853164918720722 33.999244574457407 13.408476099371908 11.130779288709165 11.090352304279802 8.6350342035293561 8.8754331395030004 61.272794283926487 6.7597753740847102 8.5109973400831205 24.140128528699279 63.41452906280756 118.41792226117104 7.9272583480924359 98.477666102349758 8.7811393626034278 17.445423450320959
leaf_count=1349 7061 10071 262 67 4182 850 120 52 229 238 230 115 44 249 207 59 68 87 62 70 466 52 72 112 370 776 64 637 61 114
internal_value=-0.000495571 0.000701559 -0.00895628 -0.00196908 0.0014965 -0.00403325 0.00521385 0.0173253 0.00309489 -0.00728385 0.00650271 0.0301317 -0.00840315 -0.0194483 0.00406691 -0.00209922 -0.0137815 0.00461709 0.0231313 -0.0205929 -0.024714 -0.00400102 0.0500411 0.000521009 -0.00131604 0.0032098 -0.00447091 -0.00767945 -0.0124588 0.0129035
internal_weight=3055.91 2983.52 226.9 167.591 2756.62 618.133 134.106 70.9769 2138.49 183.13 53.3337 21.2437 63.1295 44.8167 1955.36 386.012 139.222 37.6159 26.5256 101.607 92.7311 15.3948 17.6431 352.013 327.872 264.458 146.04 138.113 124.704 26.2266
internal_count=28396 21335 2560 1211 18775 5032 949 536 13743 1272 412 182 413 293 12471 2400 1034 269 182 765 695 114 124 2193 2081 1711 935 871 812 175
is_linear=0
shrinkage=0.05


Tree=56
num_leaves=31
num_cat=0
split_feature=0 18 39 34 0 34 18 3 24 27 0 25 33 29 39 20 0 26 26 35 8 11 34 33 13 3 15 35 20 5
split_gain=68.5699 9.65115 14.3564 12.5089 11.3943 13.3487 10.67 10.1956 9.54629 9.28821 8.90203 8.80868 8.55926 8.24421 7.25549 7.37248 8.04047 7.65629 7.16113 8.38593 7.13726 9.7425 7.1309 7.26773 7.54912 9.02596 8.54127 7.33036 6.8801 12.6722
threshold=0.987494616516436 0.018145159906433988 0.98182718620392706 1.010914648999014 0.4900000011451317 0.70829516856090824 0.33333333341666677 0.012039592841404616 54684.766199000005 0.99966829881375074 0.97463071656357647 0.80979094769327331 0.51706018518518526 -0.66260046494504421 0.4904546831768295 5.2520303532106789 0.023000000023621774 -0.16872025954869804 1.7246717673205001 0.10807541155285787 0.0093336316333686633 0.94711761887284895 0.79322815883175612 13.059062500000001 1.0403031562496319 4.0027526768508155e-09 0.028727720517141873 0.038461538152173895 -4.437204763106398 -0.0028370901950619996
decision_type=2 2 2 2 2 2 2 2 2 2 2 2 2 2 2 2 2 2 2 2 2 2 2 2 2 2 2 2 2 2
left_child=1 2 12 7 6 28 9 -4 11 18 -5 14 -1 -7 15 -8 17 -17 20 -20 21 -3 -15 24 -24 26 -26 -25 -6 -30
right_child=-2 4 3 10 5 13 8 -9 -10 -11 -12 -13 -14 22 -16 16 -18 -19 19 -21 -22 -23 23 27 25 -27 -28 -29 29 -31
leaf_value=0.051343299166700801 -0.049774974967452625 0.020929025227368725 0.069036113570241781 0.0065035737169920746 0.061535816197996078 -0.011854253233704358 0.0033796485792475235 0.013374017707388908 -0.015175453775614429 -0.020717447166159763 -0.034381724412659409 -0.027858649651433899 -0.012351659495681414 -0.035263529409077628 -0.025068406740894257 -0.030316554308381961 0.061844333475648751 0.043132086278239529 -0.0071147473646428778 0.055760517438085966 -0.0020086686952899189 -0.037495779484523609 0.013036806089461199 -0.033288195984932212 -0.029617449734228963 0.022117633788897181 0.017647327346264154 0.021153280810023586 -0.0076681606095994285 0.038562739226330245
leaf_weight=5.3599644843488923 68.940133448690176 9.2015494741499406 12.99295751005411 66.367553252726793 12.46975891292095 63.159472972154617 1355.6812807247043 22.427306921221316 76.756495714187622 95.053269632160664 16.654533049091697 22.864552065730095 330.07140854559839 9.5773709118366224 21.98767164349556 7.294864796102047 11.35756293684244 6.9079085811972636 10.352825671434404 10.872381739318369 274.96214131638408 31.776552349328995 346.76289326697588 19.528498824685816 35.482995882630348 21.356225751340389 13.082663491368292 9.0477863848209363 24.009852886199951 38.737773835659027
leaf_count=36 7061 73 104 630 57 313 8292 118 433 736 413 148 4664 42 137 72 83 68 70 58 1770 312 1921 143 174 95 56 44 107 166
internal_value=-0.000475992 0.000663678 -0.00604968 0.00891523 0.00186885 0.00793123 1.03636e-05 0.0337921 0.00200149 -0.0069129 -0.00169817 0.002926 -0.0113339 0.00507313 0.00342761 0.00388124 0.0304847 0.00540721 -0.00302114 0.0250924 -0.00490984 -0.0243766 0.00742369 0.00834187 0.0100147 -0.00497259 -0.0168852 -0.016051 0.0276141 0.0208729
internal_weight=3051.1 2982.16 453.874 118.442 2528.28 593.215 1935.07 35.4203 1502.85 432.219 83.0221 1426.09 335.431 517.998 1403.23 1381.24 25.5603 14.2028 337.165 21.2252 315.94 40.9781 454.838 445.261 416.685 69.9219 48.5657 28.5763 75.2174 62.7476
internal_count=28396 21335 5965 1265 15370 3118 12252 222 9233 3019 1043 8800 4700 2788 8652 8515 223 140 2283 128 2155 385 2475 2433 2246 325 230 187 330 273
is_linear=0
shrinkage=0.05


Tree=57
num_leaves=31
num_cat=0
split_feature=0 10 37 8 31 12 26 33 31 0 8 8 0 13 9 29 29 24 27 31 29 33 33 5 21 8 21 31 27 24
split_gain=65.1248 11.7387 8.67706 8.49956 13.2722 8.40412 9.69833 7.62897 9.39681 11.0698 9.31473 8.07187 17.0635 11.3545 10.4386 10.7667 14.2602 11.1607 8.65351 7.46911 7.39867 8.70822 7.71696 8.86096 9.16546 7.28069 6.74191 6.58709 6.57108 7.74969
threshold=0.987494616516436 0.00107878007526441 0.94516514129775386 0.050206211473890164 25.500000000000004 1.4136161734868744 -0.13608184158810419 10.688854166666667 6.5000000000000009 0.82000000099560544 0.73116359828320132 0.010000000008400003 0.0070000000011050138 1.0918038881749348 0.016170023483746347 0.99999999555328289 0.99999997192733547 604.96766750000018 0.50032409772441266 77.500000000000014 0.99999998570814708 5.2434259259259273 2.6193344907407412 -0.45671342207610893 -1.0000000180025095e-35 0.0097502804510267247 -0.10837672818469174 35.500000000000007 0.81712760042541899 8429.4426605000008
decision_type=2 2 2 2 2 2 2 2 2 2 2 2 2 2 2 2 2 2 2 2 2 2 2 2 2 2 2 2 2 2
left_child=1 -1 7 20 -5 6 -6 11 -9 10 25 12 13 -3 15 16 17 -13 -19 -20 22 -22 -4 24 -24 -10 -8 -11 -15 -30
right_child=-2 2 3 4 5 -7 26 8 9 27 -12 14 -14 28 -16 -17 -18 18 19 -21 21 -23 23 -25 -26 -27 -28 -29 29 -31
leaf_value=-0.036015569554445119 -0.049714411433813339 0.0042658953053367841 -0.033296324467927463 -0.031955815392917114 -0.030335159584675805 0.059731210974084126 -0.0045103444025037685 -0.014582857423455831 0.016330724515596008 -0.0076159376611896479 0.038059182110618914 -0.0035500904110425629 -0.024684143080923298 -0.032612089152001679 0.0037870538288029016 -0.031531113367755353 0.081907281960005809 0.0020711136577539683 0.06422415034061181 0.01286185619063273 0.034120977491772959 -0.021466290994420562 -0.021735461067805675 -0.018439891305079642 0.039369941214995714 -0.0019949430911514218 0.045736193961179672 -0.040092732623407401 -0.020552239176935522 0.035937484719670044
leaf_weight=21.695834182202816 65.655776908621192 411.3277175500989 53.289748959243298 16.108843486756086 10.947832584381102 10.615307885222135 11.265389800071715 143.0300433980301 70.925507973879576 57.867200665175915 19.415801584720612 33.273170873522758 73.158504586666822 35.803866844624281 1520.9803059706464 9.0554398074746114 10.019491352140902 14.568205732852219 22.851292245090008 10.254458501935003 16.089023575186733 12.534759216010569 10.066741675138475 75.397031400352716 15.719096533954142 229.82435236126184 16.386799797415737 21.382101509720087 16.363609999418262 9.6528159528970701
leaf_count=935 7061 2819 408 125 58 54 55 1624 476 614 102 321 561 261 9584 45 64 82 124 48 124 104 64 733 100 1407 84 189 114 56
internal_value=-0.00045668 0.00062862 0.000897376 -0.00804629 0.0074375 0.0203315 0.00949623 0.0017173 -0.00358569 0.000352386 0.0044937 0.00304456 -0.00221162 0.0012631 0.00481598 0.0204624 0.0256381 0.0186732 0.0341836 0.0483148 -0.0135705 0.00977853 -0.0178971 -0.00978682 0.0155145 0.00232678 0.025266 -0.0163784 -0.0187163 0.000407016
internal_weight=3045.53 2979.87 2958.17 248.421 65.3242 49.2153 38.6 2709.75 542.445 399.415 320.166 2167.31 546.307 473.148 1621 100.022 90.9666 80.9471 47.674 33.1058 183.096 28.6238 154.473 101.183 25.7858 300.75 27.6522 79.2493 61.8203 26.0164
internal_count=28396 21335 20400 1909 376 251 197 18491 4412 2788 1985 14079 3811 3250 10268 684 639 575 254 172 1533 228 1305 897 164 1883 139 803 431 170
is_linear=0
shrinkage=0.05


Tree=58
num_leaves=31
num_cat=0
split_feature=0 18 34 0 34 19 18 20 39 5 5 0 38 7 31 0 20 0 39 5 3 19 26 38 20 33 14 26 26 20
split_gain=61.8513 8.44708 12.8476 10.0862 11.8942 11.2144 9.8597 9.59324 9.10966 8.55104 12.1941 13.4747 7.57943 10.7699 9.23097 9.05423 11.5807 11.5431 12.853 9.79112 7.57843 7.66842 9.39209 7.17074 7.20392 9.23557 13.2851 7.93652 8.62915 13.145
threshold=0.987494616516436 0.018145159906433988 1.344454576715383 0.4900000011451317 0.70829516856090824 -7.5175707283729052 0.19999995485263622 4.8198503345144212 0.95238958840699872 0.056687696079237217 0.14997709941567183 0.68999997274497948 0.58415212371864433 0.33000000362666898 220.50000000000003 0.14000000017200004 -3.0198152198286645 0.19000000004257853 0.16891190629307842 -0.16705407879950793 -0.00300903010841324 -4.5883146774112324 -0.15871962016935456 0.66666666551965104 5.5662850059986022 10.248026620370373 0.0037292634788762625 0.14800858580483359 -0.13608275312788981 7.9324250228386051
decision_type=2 2 2 2 2 2 2 2 2 2 2 2 2 2 2 2 2 2 2 2 2 2 2 2 2 2 2 2 2 2
left_child=1 2 8 6 -5 -6 -3 20 -1 -7 -11 -12 15 14 -14 -8 17 18 -17 -18 21 -4 -23 24 -9 27 -27 28 -26 -30
right_child=-2 3 7 4 5 9 12 23 -10 10 11 -13 13 -15 -16 16 19 -19 -20 -21 -22 22 -24 -25 25 26 -28 -29 29 -31
leaf_value=-0.0067635061114560587 -0.04965324504203792 -0.010145621815321068 0.060219432638133966 0.025997627159638732 -0.045191212362577345 0.0092989810940835565 0.0015426503100405744 0.054437462243031476 0.019252580283511466 -0.022007760522653821 0.056710812488121459 -0.0026057860550266062 -0.00055901269843874305 -0.058562753377869863 -0.02271038322274254 0.0039516955623699439 0.070853542086894303 -0.0075165987329638626 0.074773998268969286 0.021040777570028209 -0.022580500368643678 0.040800470482012852 -0.035906804992773586 -0.022715077779088346 0.010496355641603922 -0.039925241485492979 0.026613714591523802 -0.01903007786983996 0.11827733071128421 0.01397558570917516
leaf_weight=62.825586876831949 62.528719737194479 214.29745523631573 5.4174865838140276 75.218950763344765 11.014252305030821 393.69244587421417 1096.0752790085971 6.9205678198486558 72.451040737330914 59.131456062197685 12.341417588293551 42.701661206781864 390.16414888948202 8.9715626090764982 53.477522503584623 16.999090000987056 11.830372691154478 72.468964889645576 10.280568629503248 59.376521877944469 159.01919504348189 6.2752186423167631 10.960455168969926 29.694352098740637 34.86500406358391 23.830905167385936 10.947738548740743 14.56116042844951 5.3338072281330806 6.9657882787287235
leaf_count=741 7061 1534 59 330 62 2176 6908 77 501 294 60 196 2526 41 379 84 56 364 50 310 2856 68 111 368 439 397 81 137 64 66
internal_value=-0.000438801 0.000594511 -0.0057166 0.00171808 0.00741622 0.00472258 -3.23665e-05 -0.0112545 0.00717011 0.00580508 -0.00624246 0.0106938 0.00122792 -0.00432599 -0.00322919 0.00321191 0.0139143 0.00291908 0.0306417 0.0293167 -0.0187261 0.00833062 -0.00797898 -0.00105763 0.00516044 0.00162666 -0.0189799 0.0132372 0.0231991 0.0592068
internal_weight=3040.64 2978.11 450.068 2528.04 594.1 518.881 1933.94 314.792 135.277 507.867 114.175 55.0431 1719.64 452.613 443.642 1267.03 170.956 99.7486 27.2797 71.2069 181.672 22.6532 17.2357 133.119 103.425 96.5044 34.7786 61.7258 47.1646 12.2996
internal_count=28396 21335 5965 15370 3118 2788 12252 4723 1242 2726 550 256 10718 2946 2905 7772 864 498 134 366 3094 238 179 1629 1261 1184 478 706 569 130
is_linear=0
shrinkage=0.05


Tree=59
num_leaves=31
num_cat=0
split_feature=0 10 37 8 31 12 26 29 28 34 13 33 18 39 29 8 0 13 9 39 9 27 18 10 9 26 19 31 16 16
split_gain=58.7493 10.6642 7.32092 7.66198 11.9422 7.43744 8.7725 6.7652 7.87415 7.45897 7.75046 6.56565 8.94581 8.90481 8.05247 6.9918 15.6151 10.1969 9.59774 9.56164 7.15988 7.07759 6.8621 10.6366 9.08855 8.70129 8.55362 7.47708 7.23258 9.29687
threshold=0.98800000084085127 0.00107878007526441 0.94516514129775386 0.050206211473890164 25.500000000000004 1.4136161734868744 -0.13608184158810419 0.99999998570814708 0.96372080359045886 0.70829516856090824 1.1851194469501778 10.688854166666667 0.036445298479584172 0.038461567758602398 0.99999999900100012 0.010000000008400003 0.0070000000011050138 1.0918038881749348 0.011960502442742974 0.089863366353291049 0.011182698839523121 0.99966829881375074 0.0083133525424385086 0.40927926872611814 0.51105242348650293 -0.22741213701454016 -4.5906009950477111 34.500000000000007 0.0077788418848591173 0.019734230648110081
decision_type=2 2 2 2 2 2 2 2 2 2 2 2 2 2 2 2 2 2 2 2 2 2 2 2 2 2 2 2 2 2
left_child=1 -1 11 7 -5 6 -6 9 -9 10 -4 15 13 -13 -15 16 17 -3 19 20 -17 -20 -23 -24 -25 27 -27 -26 -28 -30
right_child=-2 2 3 4 5 -7 -8 8 -10 -11 -12 12 -14 14 -16 18 -18 -19 21 -21 -22 22 23 24 25 26 28 -29 29 -31
leaf_value=-0.03519580653814601 -0.05042906526067667 0.0039947904627563287 -0.044663836776934057 -0.03073239003682228 -0.029154114870899084 0.056240871158484189 0.023957960993986782 -0.0043466234634493362 0.059058530389331232 -0.010255893963487759 0.015125675789470779 0.058592361492060797 0.00015585064283769737 -0.019764638471687419 0.054728435074476479 0.0270559746003067 -0.023816851771056802 -0.017909478618136212 0.005449710022762815 -0.0095004518480377512 0.084050840674219113 -0.019973840456606679 -0.0093322761030515088 0.055203640918359102 -0.031359028186924237 -0.027864507109968385 0.0018399441936339249 0.02363074152979339 0.058621748164649018 0.0092459869888623473
leaf_weight=20.72447956725955 57.617186193354428 412.50775405392051 34.411878895014524 15.69925808534026 10.788227841258044 10.693367166444657 27.831337749958042 22.431365322321657 6.263974141329526 111.00437541678548 6.4335823208093634 3.9730200953781596 414.57108719274402 118.0007071858272 3.7428158894181243 14.769477166235449 72.015809960663319 60.986366208642721 1295.750631345436 10.265632938593624 8.7895467430353147 50.157587731257081 132.09389216452837 10.781215906143187 21.562843506224457 9.5196162816137058 24.682339536957443 8.6661330834031087 21.282343847677112 17.269141897559166
leaf_count=935 6843 2819 270 125 58 54 139 173 55 988 47 57 2741 1638 27 100 561 431 7744 82 57 803 932 58 141 58 198 44 127 91
internal_value=-0.000421736 0.000545894 0.000796398 -0.00747065 0.00724771 0.019339 0.00912131 -0.0127706 0.00949424 -0.016978 -0.0352464 0.00154511 -0.00338709 -0.0150705 -0.0174745 0.0027725 -0.00212561 0.00117351 0.0044162 0.0307717 0.04832 0.00385615 -0.00311938 0.000319112 0.0115256 0.00695294 0.0163213 -0.0155944 0.0229733 0.0365039
internal_weight=3035.29 2977.67 2956.95 245.557 65.0122 49.3129 38.6196 180.545 28.6953 151.85 40.8455 2711.39 540.288 125.717 121.744 2171.1 545.51 473.494 1625.59 33.8247 23.559 1591.77 296.015 245.858 113.764 102.982 72.7534 30.229 63.2338 38.5515
internal_count=28396 21553 20618 1909 376 251 197 1533 228 1305 317 18709 4463 1722 1665 14246 3811 3250 10435 239 157 10196 2452 1649 717 659 474 185 416 218
is_linear=0
shrinkage=0.05


Tree=60
num_leaves=31
num_cat=0
split_feature=1 28 9 2 35 36 13 28 16 26 31 1 7 30 22 13 34 13 36 28 6 2 19 38 18 34 7 10 34 15
split_gain=54.5946 8.80192 8.20262 6.78114 6.7536 9.3452 8.30473 6.73891 6.7543 9.44774 8.98763 9.22246 7.52154 6.5884 6.5871 6.41646 5.65189 5.57184 5.29081 11.3662 6.7217 5.2992 5.18638 8.7353 5.85014 15.2532 8.99592 9.06196 8.81029 7.52788
threshold=-0.012584233850721388 0.15980519719491382 0.0012333333333833338 -0.01153280069975089 0.076923198517527033 0.080450627765498314 0.99786498150432756 0.96503357176862592 0.094123752199728544 1.3601730078369381 239.50000000000003 -5.2962864965707004 0.086000004347321204 57.500000000000007 182.96000000000001 0.89842789980875548 1.2705778458433683 0.96290304941786509 0.49999999986245619 0.012637231839877265 -0.76213998049257248 -0.0044938667701580363 6.6666657342243747 1.2052590305136424 0.040040080160320686 -0.73532057839590459 0.37000000041042352 0.33842556351567571 -0.64368493604046673 0.0051585137601263048
decision_type=2 2 2 2 2 2 2 2 2 2 2 2 2 2 2 2 2 2 2 2 2 2 2 2 2 2 2 2 2 2
left_child=1 18 -3 4 5 6 -4 8 14 10 12 -12 -10 22 -6 -14 -9 -16 21 -20 -21 -1 24 -24 25 -5 27 28 -26 -28
right_child=-2 2 3 13 7 -7 -8 16 9 -11 11 -13 15 -15 17 -17 -18 -19 19 20 -22 -23 23 -25 26 -27 29 -29 -30 -31
leaf_value=0.03171144835887843 -0.048650805448448672 -0.018376836700871389 -0.025643691871395188 0.070472391013934252 -0.028546470890083581 0.060530601655451946 0.023045372082428503 -0.047312097563658284 0.017186661085196821 -0.0091809410791941822 0.024935620440618464 -0.029507655886660312 0.019673284416238685 0.02374751678823343 -0.020429016374579407 0.068879511544316693 -0.0023533535966461785 0.018125424786083113 0.059586563950238862 -0.030659288064063418 0.025626099792057024 -0.019995961871217813 0.004047354627470732 0.044395899598288623 -0.031479871419114853 -0.0053987800451924892 0.027470411615114251 -0.020043727744250481 0.0010381087346699274 0.0058148164575971819
leaf_weight=5.2248635590076438 56.837049425579607 51.413679538294673 10.939356744289396 6.7076728995889416 22.355498634278774 12.969177037477492 43.919575683772564 10.286846868693827 101.41410706192255 41.804232358932495 13.565996699035169 18.233159288764 11.946577295660974 30.91582918446511 14.168231457471846 14.873419538140295 21.814655303955078 27.677279263734818 7.5622318908572224 15.153110668063167 8.1610418632626498 95.93842227011919 57.556850707158446 17.490409447811544 21.15951482206583 533.60288849379867 46.314581602811813 55.712083145976067 1336.3895607255399 300.53866662085056
leaf_count=27 7075 1215 49 38 107 59 192 48 475 195 71 87 51 158 60 63 103 117 62 105 65 991 419 105 146 5422 317 283 8715 1410
internal_value=-0.000111528 0.00082183 0.00141184 0.00177882 0.00811983 0.0223602 0.0133363 0.00488008 0.00749131 0.0119845 0.0175134 -0.00628134 0.023414 0.000814469 -0.00663465 0.0469613 -0.0167603 0.0050715 -0.011796 0.00632067 -0.0109568 -0.0173254 0.000516005 0.0134509 9.40261e-05 -0.00445688 0.00149104 -0.00027982 0.000531265 0.00870644
internal_weight=3012.65 2955.81 2823.77 2772.36 365.968 67.8281 54.8589 298.14 266.039 201.837 160.033 31.7992 128.234 2406.39 64.201 26.82 32.1015 41.8455 132.04 30.8764 23.3142 101.163 2375.47 75.0473 2300.42 540.311 1760.11 1413.26 1357.55 346.853
internal_count=28230 21155 19905 18690 1677 300 241 1377 1226 942 747 158 589 17013 284 114 151 177 1250 232 170 1018 16855 524 16331 5460 10871 9144 8861 1727
is_linear=0
shrinkage=0.05


Tree=61
num_leaves=31
num_cat=0
split_feature=0 32 6 34 39 16 19 0 15 9 33 11 33 33 33 14 38 22 30 28 34 13 9 25 28 26 22 14 3 34
split_gain=51.7763 8.09243 8.78405 8.27134 11.9546 11.6234 9.91751 8.58829 8.33554 7.5662 7.18739 9.07196 17.7448 8.40462 10.3037 12.7722 8.17062 7.01211 12.8403 7.00435 6.94502 7.73728 6.37732 6.35034 8.92076 7.27519 8.79353 6.75558 6.41362 6.0184
threshold=0.987494616516436 0.040000000041064208 -2.3978952359829067 1.1715321102622698 0.56958092107338565 0.10367692027714741 -2.1772370496755276 0.0018309512372728458 0.37463802191615453 0.27073727704973732 5.5101215277777795 1.005323608221161 3.9784259259259263 6.4263252314814823 6.9951562500000009 0.19883657440146815 0.06553306642102659 622.28600000000006 13.500000000000002 0.15980519719491382 -0.2564930544121487 0.920707238360432 0.0012333333333833338 0.13766493764568832 0.65790922975496702 -0.060696099851748363 1821.559559 0.093012348351400057 0.21189283687310356 1.0909129717561259
decision_type=2 2 2 2 2 2 2 2 2 2 2 2 2 2 2 2 2 2 2 2 2 2 2 2 2 2 2 2 2 2
left_child=1 2 -1 4 7 6 -5 8 -3 -8 11 17 -13 -12 -15 16 -16 -7 -19 -4 21 -9 -21 25 -25 27 -27 -22 -26 -24
right_child=-2 3 19 5 -6 10 9 20 -10 -11 13 12 -14 14 15 -17 -18 18 -20 22 23 -23 29 24 28 26 -28 -29 -30 -31
leaf_value=-0.019802193118554655 -0.048545044092797751 -0.0089976196974613388 -0.011495820504913438 0.01732318539152309 0.029806712584939977 -0.0098579773622863767 -0.04303277289280133 -0.052213431479691513 0.041233044761439602 0.0048583815384248864 -0.016894509632672777 -0.00224977563528049 0.088395199289300119 0.055193467325957882 0.066120003217004716 -0.0059972996288716642 0.017747856341615059 0.057381593785368251 0.0022552792554707715 -0.018362781538945879 0.030548691724477769 0.0014819106863423587 0.0064964782490572071 0.018279571714764607 -0.030220077306551175 0.050093672094713326 0.0016269334644169458 -0.016126901738333775 0.0066931312222244374 -0.00023151379407745378
leaf_weight=57.338341318070889 54.17992873582989 14.532785959541796 125.32741498481482 23.804501913487911 29.753455067053437 15.670011974871157 21.377319853752851 16.854580081999305 19.132265895605087 13.427395239472387 23.142846155911684 8.4590172022581118 14.925837278366087 14.721331398934124 11.474294193089007 54.905751332640648 36.497980330139399 20.737491860985756 21.530364327132702 43.235556994564831 9.5832580924034101 11.145366020500658 409.05927038565278 17.292925752699375 52.56514348834753 15.958020001649855 22.630588799715042 40.571803741157055 15.161472931504248 1773.4774576751515
leaf_count=356 7075 81 1212 106 139 74 120 106 96 61 122 54 87 79 56 305 198 101 108 1157 44 59 2478 87 246 76 112 203 98 13134
internal_value=-0.000108848 0.000779442 -0.000466373 0.00627626 -5.58491e-05 0.0122589 -0.00754694 -0.00382988 0.0195491 -0.0245567 0.0174862 0.0293199 0.0556061 0.0106485 0.0160688 0.0104702 0.0293178 0.0187103 0.0293014 5.18634e-06 -0.00773077 -0.03084 0.000652778 -0.00400698 -0.0137726 0.00534881 0.02167 -0.00720847 -0.0219566 0.00102947
internal_weight=3008.47 2954.29 2408.44 545.856 265.182 280.674 58.6092 235.428 33.6651 34.8047 222.065 81.3227 23.3849 140.742 117.599 102.878 47.9723 57.9379 42.2679 2351.1 201.763 27.9999 2225.77 173.763 85.0195 88.7437 38.5886 50.1551 67.7266 2182.54
internal_count=28230 21155 18337 2818 1347 1471 287 1208 177 181 1184 424 141 760 638 559 254 283 209 17981 1031 165 16769 866 431 435 188 247 344 15612
is_linear=0
shrinkage=0.05


Tree=62
num_leaves=31
num_cat=0
split_feature=0 32 6 13 32 34 0 26 37 5 22 18 15 32 35 13 29 21 29 34 4 12 19 21 28 4 6 35 22 12
split_gain=49.1314 7.44821 8.15343 8.88834 11.2975 10.0936 9.87283 15.0419 15.8686 13.0498 11.7635 10.9347 14.5519 9.77931 8.96953 11.9711 9.6121 9.02669 8.92481 8.56679 8.4672 8.00139 7.72808 7.56289 7.10128 7.00758 6.89944 8.24355 6.89156 8.37521
threshold=0.98900000448628966 0.001256622302640489 -2.3978952359829067 0.99899329604806397 1.3886506467108577e-07 1.7811838753658262 0.011000000003577636 -0.17668444025377436 0.041188538590706807 0.77893156306879185 26.519230000000004 0.040040080160320686 0.021424641873498945 4.0550379904169425e-09 0.62061793936547405 0.8308838954195108 0.3277954900933423 0.51082562576599089 0.58357521693955194 2.6345182737044941 0.011428700823632771 1.6419443880254121 -2.0144115311581214 -0.0010075560505153536 0.78469828554116694 -0.81226646144497117 0.65756445000825336 1.2613254929847393e-10 42.271687500000006 1.0511595037424304
decision_type=2 2 2 2 2 2 2 2 2 2 2 2 2 2 2 2 2 2 2 2 2 2 2 2 2 2 2 2 2 2
left_child=1 2 -1 4 13 6 9 8 11 -5 26 18 -13 14 25 17 -17 22 23 20 -7 -3 -16 -8 -15 -4 27 -10 -22 -30
right_child=-2 21 3 5 -6 19 7 -9 10 -11 -12 12 -14 24 15 16 -18 -19 -20 -21 28 -23 -24 -25 -26 -27 -28 -29 29 -31
leaf_value=-0.02071086641641498 -0.050369741966013792 0.0036581127298719804 -0.032381930220144906 -0.017376383927709422 -0.03886117924721625 -0.013539791225771142 0.071305698609813631 -0.0060197480026180058 0.066779929850532008 0.069862164077599334 -0.044230015579155159 0.082400921902104143 0.02143860236078526 0.0062802120430839499 0.038427890720347899 0.015688574455063341 0.063763073190906502 -0.040624346653896533 -0.0251062412092036 0.038534045955477589 -0.0064968139359531307 0.044246927142519404 -0.016177356946257593 0.01467611286195899 0.068444408614316984 0.0016734983201322096 -0.030897750071919635 0.0061273795455794302 0.038987159818178074 -0.0068043052736703044
leaf_weight=51.715368434786797 47.844110659323633 1016.137120031286 15.359551355242727 77.524481632746756 16.258091903291643 371.51245354954153 7.6753419991582623 111.48153945244849 7.6742595070973065 4.5376615971326819 13.062974918633698 19.292118735611439 19.872208006680012 8.6677734255790728 14.32800844311714 23.631333261728287 18.566553063690662 10.786785364150999 10.496286784298716 9.3718254845589382 87.831381253898144 12.288915798068045 11.828866153955461 25.428705123253167 9.7748926877975446 913.30435627186671 7.6835446255281559 20.748333407565951 22.276267997454852 18.09786575101316
leaf_count=333 6576 5197 97 874 147 4290 74 899 66 36 70 102 103 45 82 137 100 61 110 85 864 63 71 282 58 6940 61 113 170 124
internal_value=-0.000106531 0.000706667 -0.00112564 -0.000586048 0.00249239 -0.00443151 0.00244549 0.00750174 0.0189271 -0.0125525 -0.00357054 0.0322926 0.0514683 0.00314753 0.00248726 0.0186455 0.0368408 -0.0021376 0.015068 -0.0088282 -0.00971644 0.00414312 0.0137339 0.027806 0.0392282 0.00111024 0.0111398 0.0225039 0.00136282 0.018461
internal_weight=3005.06 2957.21 1928.79 1877.07 1042.51 834.567 325.477 243.415 131.934 82.0621 49.1691 82.7647 39.1643 1026.25 1007.81 79.1415 42.1979 36.9437 43.6003 509.09 499.718 1028.43 26.1569 33.104 18.4427 928.664 36.1061 28.4226 128.206 40.3741
internal_count=28230 21654 16394 16061 7738 8323 2790 1880 981 910 310 671 205 7591 7488 451 237 214 466 5533 5448 5260 153 356 103 7037 240 179 1158 294
is_linear=0
shrinkage=0.05


Tree=63
num_leaves=31
num_cat=0
split_feature=0 28 9 23 31 20 39 3 21 24 3 33 24 0 33 9 10 33 0 20 23 20 37 26 33 26 23 31 27 27
split_gain=46.6847 7.21309 6.7914 6.44372 8.22718 8.49822 14.6526 8.15736 8.04046 7.51221 10.05 12.604 7.59669 7.35688 9.62185 6.50259 6.1993 9.68168 7.1199 6.8245 14.8143 11.4615 7.64035 6.6446 9.0803 7.39003 6.3324 10.059 6.36281 6.98314
threshold=0.98900000448628966 0.24170782249993236 0.0012333333333833338 6822.5231115000006 21.500000000000004 6.8072052937737686 0.983922371041831 0.041191520141783011 -0.027526898528218175 48804.57645700001 0.055569851154810689 2.5476504629629635 63868.792653500008 0.98007004595458247 0.97693287037037047 0.079962729743682667 0.97595298850921697 8.0405266203703718 0.94500000830525488 5.3697988381789763 2620.5973180000005 2.4432566575836572 1.0725875740832171 -0.35215437446884984 5.9368807870370377 -0.26495034215118524 3334.0401514999999 70.500000000000014 0.022162476542462149 0.87687584097913684
decision_type=2 2 2 2 2 2 2 2 2 2 2 2 2 2 2 2 2 2 2 2 2 2 2 2 2 2 2 2 2 2
left_child=1 -1 -3 13 -5 6 9 8 -7 -6 11 15 -13 16 -15 -11 18 -18 19 21 22 -4 -21 24 -23 -25 27 28 -27 -30
right_child=-2 2 3 4 5 7 -8 -9 -10 10 -12 12 -14 14 -16 -17 17 -19 -20 20 -22 23 -24 25 -26 26 -28 -29 29 -31
leaf_value=-0.0089928315787228385 -0.050351579874410905 -0.017014214656802907 0.0016074900508222696 0.051439342477563849 0.0094232350221019542 0.036536652320688201 0.054882165204326566 -0.048740102189756669 -0.023148056788120871 -0.033130953719777222 -0.032766375764262619 0.0030650744137065405 0.049756463824683336 0.095817389372567785 -0.029348906913170415 0.0024455128056663396 0.040255176366750078 -0.009764935675088595 -0.010166002834962129 0.0070599432932747404 0.039976329297816644 0.054777083894235967 -0.029323160894717776 -0.03920953623278936 -0.016576920391738258 0.030224392224523989 -0.034918431908058802 0.042252360901167386 -0.027815909583832146 -0.0025250608724817266
leaf_weight=181.33572485577315 45.526726696640253 49.71324778907001 1553.9014578685164 10.020370553247629 357.73543986072764 9.265700610354541 15.760327768512068 13.298975359648464 14.431664358358832 22.398291785269976 25.814225275069475 17.693925501778722 17.160086590796709 1.6154865846037854 30.974632607772946 30.110491365194321 24.151324082165956 16.13805653527379 147.7395572476089 171.23921300470829 33.771120205521584 8.6191068366169947 15.757390551269053 25.212329436093569 9.2368674501776677 9.1655404046177846 21.854680821299553 10.037266589701174 46.919464945793152 65.251732617616653
leaf_count=1648 6576 1205 9590 67 1896 43 122 62 89 131 156 90 86 23 1284 153 153 167 1542 1424 174 47 186 172 57 70 132 52 343 490
internal_value=-0.000105138 0.000668646 0.00129999 0.00163407 0.0065609 0.00570216 0.00745833 -0.0173996 0.000188742 0.00587116 -0.0053564 0.00274278 0.0260532 0.000434298 -0.0231444 -0.0127301 0.00079022 0.0202194 0.000420754 0.00121432 0.00949835 0.000169378 0.0039941 -0.0112148 0.0178658 -0.0141248 -0.00999736 -0.00585162 -0.0098309 -0.0131038
internal_weight=3001.85 2956.32 2774.99 2725.27 533.689 523.669 486.673 36.9963 23.6974 470.912 113.177 87.3628 34.854 2191.59 32.5901 52.5088 2159 40.2894 2118.71 1970.97 220.768 1750.2 186.997 196.297 17.856 178.441 153.229 131.374 121.337 112.171
internal_count=28230 21654 20006 18801 2895 2828 2634 194 132 2512 616 460 176 15906 1307 284 14599 320 14279 12737 1784 10953 1610 1363 104 1259 1087 955 903 833
is_linear=0
shrinkage=0.05


Tree=64
num_leaves=31
num_cat=0
split_feature=0 2 29 2 22 12 29 21 19 2 24 3 3 30 6 2 39 33 32 29 19 22 20 35 33 22 33 24 37 11
split_gain=44.3635 6.94366 9.6416 9.27967 7.17705 13.8729 10.3954 13.7294 10.6437 8.77251 8.28211 8.37997 9.12942 8.5796 7.12096 6.91617 9.87006 12.2379 9.51619 8.99973 8.39517 8.09916 7.98932 6.75301 6.57258 18.3697 7.0623 6.63489 6.52201 6.30037
threshold=0.98900000448628966 -0.0067572691516412505 -0.69693157814642792 -0.0010220110186272935 1723.8728920000003 1.1119244326531843 -0.33333333316962699 -0.16989909729543387 -7.8988008383454771 0.51346730606425173 30503.468735500002 -0.057987365332837208 -0.23100819971127437 10.500000000000002 0.032789823519642318 0.00024862001290114989 0.97468994612748061 7.3458333333333341 0.04181143183931027 -0.99999979939641837 -1.4667155611391223 788.58158000000014 -3.2249505863476484 0.38461538510769239 13.936597222222224 10.715000000000002 13.695005787037038 5287.0049870000012 0.23994968936775637 1.0770623405610105
decision_type=2 2 2 2 2 2 2 2 2 2 2 2 2 2 2 2 2 2 2 2 2 2 2 2 2 2 2 2 2 2
left_child=1 -1 15 -4 6 10 7 -5 -8 24 11 12 13 -6 -9 16 18 -18 19 23 -21 -20 -17 -3 26 -26 -10 -28 -7 -13
right_child=-2 2 3 4 5 28 8 14 9 -11 -12 29 -14 -15 -16 22 17 -19 21 20 -22 -23 -24 -25 25 -27 27 -29 -30 -31
leaf_value=0.006815199400379889 -0.05033431562279736 0.0017302212592886326 -0.027507906959179235 0.086933599029970304 0.038608549371561968 0.070013903223262869 -0.02351474179596447 0.025737267682746218 0.00039257935547836516 -0.043049286950504438 -0.006275220658589634 0.025037386822260546 -0.045166577294288308 -0.014238209388507348 -0.018245634468489515 0.0097654051146626088 0.099943261217919188 -0.011374090527856436 0.057164067683286184 -0.0063113529274920676 -0.043193670377578847 -0.0066327995307051751 -0.04487758109738535 -0.023183586882999055 -0.016739912152545219 0.088693558645452419 -0.036369676619544822 0.026390446501828507 0.023753224664144024 -0.0061275805578374313
leaf_weight=393.72000348102301 43.320841611828655 106.86204745108262 28.716075551696122 7.1022289618849745 12.811648070812227 10.464788144454358 49.328782076947391 29.127193699590862 1807.5092791672796 11.750595815479754 109.78810960613191 87.554272057488561 11.409636259078978 19.174868576228619 13.453028261661528 9.128507608547805 4.8013864899985474 5.082598895765841 9.7674035765230673 27.118034526705742 35.793671691790223 10.139004107564686 25.034151954110712 36.485929168760777 9.0161560056731123 7.6252090292982748 22.961836520582441 5.1569979647174469 28.017091036774218 19.903697625733912
leaf_count=1830 6576 772 221 38 60 58 297 179 14811 110 684 605 51 93 76 53 55 70 56 145 249 56 180 213 83 52 233 42 167 115
internal_value=-0.000103093 0.000633355 -0.000316991 0.000736632 0.00109517 0.0083099 -4.19844e-06 0.0225757 -0.000590514 1.61448e-05 0.00417244 0.011776 -0.00676813 0.00692865 0.0118411 -0.00924963 -0.00620648 0.042701 -0.00834385 -0.0115301 -0.0272956 0.0246702 -0.0302766 -0.00461102 0.000289347 0.0315706 5.75919e-06 -0.0248595 0.0363334 0.0192649
internal_weight=2998.13 2954.8 2561.08 2290.87 2262.16 299.124 1963.03 49.6825 1913.35 1864.02 260.642 150.854 43.3962 31.9865 42.5802 270.213 236.05 9.88399 226.166 206.26 62.9117 19.9064 34.1627 143.348 1852.27 16.6414 1835.63 28.1188 38.4819 107.458
internal_count=28230 21654 19824 17975 17754 1833 15921 293 15628 15331 1608 924 204 153 255 1849 1616 125 1491 1379 394 112 233 985 15221 135 15086 275 225 720
is_linear=0
shrinkage=0.05


Tree=65
num_leaves=31
num_cat=0
split_feature=0 3 9 37 35 29 8 33 34 28 18 6 4 33 33 10 10 10 38 6 26 16 8 15 28 34 7 29 37 8
split_gain=43.5825 8.31758 10.626 12.1907 10.1126 9.70067 10.091 9.07176 8.83479 8.07432 7.06187 7.03574 7.72813 6.8596 8.41577 6.8002 6.7781 12.0848 7.74578 7.16783 7.07217 9.31885 9.53124 9.63047 9.14199 7.2477 7.39852 8.91108 6.70949 6.82661
threshold=0.98800000084085127 -0.0022674826890746367 0.92390263176336729 0.038701397468642297 0.0061381085783323835 -0.69693157814642792 0.49246802749417956 0.58073495370370376 -0.78411843083915922 0.81101754195606646 0.042553038297565918 0.55302786188360831 0.40546510810816455 9.3924305555555581 4.2293518518518534 0.00107878007526441 0.24517908466468261 0.20126755311449643 0.27608196281778991 0.62274444437871457 -0.32961879477270145 0.30576684080585093 0.016950001513057443 2.071091145997525e-09 0.67260754572929915 0.52301491579871551 0.0010001556189174054 0.92358236735740318 0.28571428635714285 0.74820709579526923
decision_type=2 2 2 2 2 2 2 2 2 2 2 2 2 2 2 2 2 2 2 2 2 2 2 2 2 2 2 2 2 2
left_child=1 4 5 -4 9 -3 15 -8 -6 -1 28 12 -10 14 -13 -7 17 19 -19 20 21 22 23 -17 -23 26 -22 -28 -9 -30
right_child=-2 2 3 -5 8 6 7 10 11 -11 -12 13 -14 -15 -16 16 -18 18 -20 -21 25 24 -24 -25 -26 -27 27 -29 29 -31
leaf_value=0.11613821687015467 -0.050319847395811329 -0.012334356521995132 -0.0073615079568689831 -0.042984708498564353 -0.042085891162623568 -0.03206069635083518 0.05970582775426523 -0.0026601536851652008 0.003896785563669953 0.01957947880449179 0.01402855851947017 0.033342226531418571 -0.025909270903131543 0.056501064985955002 -0.015136329352419731 0.036588864080770854 -0.011556076752172011 0.051755834613319243 0.0080768426521571294 -0.013021577834825479 -0.043078625030966433 -0.0017688575631694776 0.029343467067737564 -0.018453277185786401 0.067308127504003279 0.00088176777229933558 -0.018248224425478233 0.024328292498156781 -0.0047276161243986455 0.051251512644448875
leaf_weight=3.4984042304567975 42.90825604274869 149.29644316714257 194.38955150172114 27.401357184164226 10.444286704063414 17.679416824132204 8.2838245388120395 183.22549673169851 913.08536784024909 5.6804016213864088 180.8284098431468 20.527555346488953 22.277917109429836 11.497927398420869 15.875993393361567 9.9218251518905145 130.84415989741683 17.916001066565514 23.415104575455189 103.77912063524127 18.090328779071569 7.38322485983372 27.10215237736702 39.924084275960922 13.635786920785902 733.29686742275953 45.550949957221746 16.830038301646709 9.7585670873522776 12.324287682771681
leaf_count=66 6810 1079 2875 205 63 879 41 1283 4516 83 951 100 126 63 84 84 805 105 130 1033 147 51 150 261 85 5758 311 106 49 61
internal_value=-0.000288198 0.000433705 -0.0014526 -0.0117626 0.00414067 -0.000145249 0.000992269 0.0079343 0.00365812 0.0563818 0.00682364 0.00414402 0.00318688 0.0228339 0.0122002 -0.0012793 -0.000821101 0.000507957 0.0270106 -0.000570692 0.000846542 0.0135383 0.00547862 -0.00749714 0.0430439 -0.000681382 -0.0149256 -0.00676132 0.000477797 0.0265139
internal_weight=3016.67 2973.76 1970.88 221.791 1002.89 1749.09 1599.79 394.421 993.709 9.17881 386.137 983.265 935.363 47.9015 36.4035 1205.37 1187.69 1056.85 41.3311 1015.51 911.735 97.9671 76.9481 49.8459 21.019 813.768 80.4713 62.381 205.308 22.0829
internal_count=28360 21550 16449 3080 5101 13369 12290 2385 4952 149 2344 4889 4642 247 184 9905 9026 8221 235 7986 6953 631 495 345 136 6322 564 417 1393 110
is_linear=0
shrinkage=0.05


Tree=66
num_leaves=31
num_cat=0
split_feature=0 3 9 37 29 8 35 33 33 39 23 39 30 26 23 33 9 32 10 16 29 27 28 36 24 20 20 26 14 0
split_gain=41.4331 7.50295 9.66879 11.3368 8.8109 9.10106 8.6296 8.34158 7.88181 7.21917 10.6122 10.315 12.2671 7.39543 11.5508 10.684 8.07197 8.57791 10.7543 9.86453 8.0561 7.143 6.98298 6.90944 9.05968 9.02753 6.89577 7.21709 8.51725 6.87614
threshold=0.98800000084085127 -0.0022674826890746367 0.92390263176336729 0.038701397468642297 -0.69693157814642792 0.49246802749417956 0.0061381085783323835 0.58073495370370376 0.4525347222222223 0.26556618893257228 22324.864539500002 0.86666666666666681 3.5000000000000004 -0.32961879477270145 10366.213147000004 11.290526620370372 0.0017333333333395837 0.32990259677614336 0.0087489196306834282 0.18354171797731708 -0.44108231216765859 0.95738712665980008 0.66904002727880996 0.46428573437500059 9880.9740000000002 -4.2405384942646718 -4.1378782869141828 -0.22071524381391369 0.0093027888688971966 0.0030000000003750004
decision_type=2 2 2 2 2 2 2 2 2 2 2 2 2 2 2 2 2 2 2 2 2 2 2 2 2 2 2 2 2 2
left_child=1 6 4 -4 21 9 -1 -7 -8 10 13 -11 -13 14 15 22 -15 19 -19 20 -18 -3 29 -24 25 -25 -9 28 -28 -6
right_child=-2 2 3 -5 5 7 8 26 -10 11 -12 12 -14 16 -16 -17 17 18 -20 -21 -22 -23 23 24 -26 -27 27 -29 -30 -31
leaf_value=0.051103863461775915 -0.050304151983560447 -0.008751949034661111 -0.007031487605868649 -0.04170755247855934 -0.060511694187876969 0.057517726251913238 -0.040397142569472119 0.024838467002324487 0.0039227457486098911 -0.012428978165371786 -0.026403386232980497 -0.010429396051978639 0.063737000307151501 -0.016399268597895242 0.068846713958426287 0.050161096467234559 0.057474684792566094 0.075699037379394735 9.6031959917422381e-05 -0.0085936993022467136 0.0036118816807180821 -0.051306288889846945 -0.015197056473939541 0.011289891882413947 -0.0047867991146508916 0.077794187210654217 -0.014832044748425111 0.0089839004193828943 0.017442143984831526 -0.0030243005735889634
leaf_weight=9.6004526861943287 40.828008655458689 137.65267485845834 193.3643440194428 26.842791192233562 7.2493271231651333 8.17188244871795 10.134841360151766 45.134708613157272 984.45678397174925 214.22123616375029 34.827867897227407 12.311132181435825 10.189950298517941 67.521915269084275 8.9374132342636567 13.553732324391602 7.033052794635295 8.7093975469470042 10.22724352031946 203.64600026980042 536.41537289693952 10.62223795801401 15.413218166679142 9.641704827547068 14.870030749589203 10.839614868164068 80.596139354631305 233.67956384830177 27.389193318784237 18.414946161210537
leaf_count=149 6810 988 2875 205 58 41 62 274 4890 1713 298 115 57 1237 59 93 39 52 58 1373 4332 91 110 51 97 57 485 1456 129 106
internal_value=-0.000277481 0.00040984 -0.00138506 -0.0112584 -0.000140723 0.000940488 0.00392651 0.00752657 0.00347113 -0.00122003 0.000695262 -0.00904635 0.023158 0.0017074 0.0146332 0.00924853 0.000173455 0.00163426 0.0348676 0.000791893 0.00430895 -0.0118005 0.00199317 0.0127391 0.0249194 0.0464869 0.00647041 0.00404395 -0.00664608 -0.0192626
internal_weight=3012.5 2971.67 1967.48 220.207 1747.27 1598.99 1004.19 394.971 994.592 1204.02 967.301 236.722 22.5011 932.473 98.92 89.9826 833.553 766.031 18.9366 747.094 543.448 148.275 76.4288 50.7646 35.3514 20.4813 386.8 341.665 107.985 25.6643
internal_count=28360 21550 16449 3080 13369 12290 5101 2385 4952 9905 8020 1885 172 7722 631 572 7091 5854 110 5744 4371 1079 479 315 205 108 2344 2070 614 164
is_linear=0
shrinkage=0.05


Tree=67
num_leaves=31
num_cat=0
split_feature=0 3 10 29 34 35 6 10 16 12 33 29 15 19 19 21 39 12 6 39 27 19 13 16 39 27 22 32 27 13
split_gain=39.3908 6.77363 8.80739 8.01663 7.565 7.29142 7.07812 7.12561 7.05637 8.87398 7.53556 7.18608 7.32408 6.98668 12.8926 7.1724 6.32413 16.3912 6.27379 10.046 6.25024 6.11313 6.55363 7.34742 7.29941 5.90518 7.08019 7.45256 7.2184 5.78201
threshold=0.98800000084085127 -0.0022674826890746367 0.95146663064232895 -0.69693157814642792 -0.78411843083915922 0.0061381085783323835 -2.0281632075172813 0.00107878007526441 0.0087966261159194373 1.0036623091308887 4.2112731481481491 0.84120616599572051 0.0039268990348697297 -8.3469826600743904 -6.4058779810619981 0.033097731788079086 0.7897382095183344 0.99921980927237342 0.55302786188360831 0.056069178399907486 0.84168111373254195 11.524222283962827 1.1737896914766484 0.36502950376849486 0.99676363506014509 0.95738712665980008 1684.6987915000002 0.040000000000000001 0.89499271725383422 1.0668744315235255
decision_type=2 2 2 2 2 2 2 2 2 2 2 2 2 2 2 2 2 2 2 2 2 2 2 2 2 2 2 2 2 2
left_child=1 4 3 25 -1 -6 -5 -8 9 10 11 12 -4 -9 15 -15 17 -12 29 -20 -21 22 -16 24 -24 26 27 28 -3 -7
right_child=-2 2 8 6 5 18 7 13 -10 -11 16 -13 -14 14 21 -17 -18 -19 19 20 -22 -23 23 -25 -26 -27 -28 -29 -30 -31
leaf_value=-0.039300591133102254 -0.050289235080030782 -0.01161041436831845 0.015528458412610219 -0.015167068972108004 0.04670957544001627 0.0044433482108495346 -0.031034048181210784 -0.024776017138113695 -0.037368145891483594 -0.045300855113250875 -0.01034348505209283 -0.021235081665976187 0.082098233101294785 0.0048050697519157184 0.002036504718132296 0.058414946046574191 -0.018858274966303479 0.11008494898679014 0.07047183808864059 0.029545386136048624 -0.010159179879067533 0.032198596382255237 -0.018910706869570446 0.032150107489318562 0.029686912822352238 -0.046704766782956701 -0.040044723981438241 0.037645708187081961 0.037493467398137956 -0.0067091865775897111
leaf_weight=10.113761268556116 38.848034306894988 106.75817872118205 13.834658961743122 68.168982803821564 9.9684287463314813 801.173439161852 16.876655987463892 24.664824761450291 25.089645748957992 14.135068908333777 12.817530939821156 7.8180594593286505 5.8912529051303855 10.400606554001572 1411.3241702714004 15.592399068176745 59.047659462317824 3.624454738572239 8.5498918369412404 20.915335671044886 18.840479731559753 15.999207205139099 90.045637217350304 9.128363795578478 8.4520280035212618 10.987800233997403 15.914093755185602 9.6206227727234346 8.0485099637880904 135.93640112131834
leaf_count=63 6810 796 174 457 149 3955 879 154 212 305 163 107 38 63 10361 87 1256 73 47 104 96 109 775 60 59 97 106 63 55 687
internal_value=-0.000267294 0.000387058 -0.00132144 -0.0003859 0.00372461 0.00416178 0.000612288 0.00128353 -0.0133034 -0.00815041 -0.00305378 0.0193318 0.0354099 0.00162751 0.00204472 0.036964 -0.0112216 0.0162036 0.00373136 0.0213034 0.0107292 0.00145339 0.00112955 -0.0107635 -0.0147406 -0.0114058 -0.00864207 -0.00462571 -0.00816799 0.00282557
internal_weight=3008.59 2969.74 1964.24 1821.98 1005.5 995.384 1670.65 1602.48 142.258 117.169 103.034 27.544 19.7259 1585.61 1560.94 25.993 75.4896 16.442 985.416 48.3057 39.7558 1534.95 1518.95 107.626 98.4977 151.329 140.341 124.427 114.807 937.11
internal_count=28360 21550 16449 14121 5101 5038 13004 12547 2328 2116 1811 319 212 11668 11514 150 1492 236 4889 247 200 11364 11255 894 834 1117 1020 914 851 4642
is_linear=0
shrinkage=0.05


Tree=68
num_leaves=31
num_cat=0
split_feature=0 3 8 29 27 27 18 27 26 29 10 33 19 4 19 20 33 9 37 9 20 39 39 30 23 20 19 38 19 10
split_gain=37.4499 6.11343 8.28057 7.83256 7.31898 9.64477 7.05463 7.91847 7.04485 6.56189 6.16905 5.63465 5.30052 7.0409 5.87038 14.6178 5.11939 4.92487 11.1634 7.50904 8.34987 6.51022 11.2198 7.56592 6.96383 7.50383 9.68974 7.48817 10.1839 11.8582
threshold=0.98800000084085127 -0.0022674826890746367 0.98369991605965346 -0.94364719099650596 0.95738712665980008 0.89499271725383422 0.014317181204389219 0.99487348310665791 10.263132247512404 -0.99435432623765563 0.00107878007526441 0.47899884259259268 -7.8988008383454771 -0.40546510823316434 -6.4058779810619981 -2.4953940169523325 2.5476504629629635 0.92390263176336729 0.038701397468642297 0.51105242348650293 -4.1378782869141828 0.26556618893257228 0.86666666666666681 3.5000000000000004 22324.864539500002 -7.8039736689093617 6.6666657342243747 0.24549237364232668 -4.5883146774112324 0.02149049819823844
decision_type=2 2 2 2 2 2 2 2 2 2 2 2 2 2 2 2 2 2 2 2 2 2 2 2 2 2 2 2 2 2
left_child=1 6 3 4 5 9 7 16 11 -3 -5 -8 13 -12 15 -14 -1 19 -19 21 -21 24 -23 -24 25 -16 27 28 29 -27
right_child=-2 2 -4 10 -6 -7 8 -9 -10 -11 12 -13 14 -15 17 -17 -18 18 -20 20 -22 22 23 -25 -26 26 -28 -29 -30 -31
leaf_value=0.047899276038913939 -0.050275047783600806 -0.0096717987916719456 -0.042058609803206103 -0.030588006130983326 -0.053869929252409514 0.04477430517518332 -0.028998732322740989 0.065980885002285994 -0.02292229572177772 -0.054212637105535311 -0.00061472661771752644 0.003907583146732941 -0.0016494122873174086 -0.046017352087339529 -0.0083476570893590025 0.073660612641750681 -0.0022364039600411257 -0.0028076750228681144 -0.03877857297470802 0.027085292750897536 0.0043649513416971443 -0.012134261348194945 -0.0066504610771008464 0.045411895476982538 -0.022660297596539477 -0.033410741683576828 0.045314916133216192 -0.0018684027242962338 0.011832131906207775 0.015582087210970522
leaf_weight=7.015199989546093 36.96355850668624 95.092727473005652 12.35862756334245 16.531820588745177 10.174863728694616 7.6071994751691809 13.193094983696936 9.0256458641961199 26.022021375596523 9.0565074440091831 21.014491952955723 932.94421843439341 20.022584907710556 14.383592043071983 152.61630494892597 9.500908497720955 18.570172321051359 166.41575104743242 24.781204063910991 45.787508934736252 346.12073532771319 215.2521524913609 12.923136975616218 15.170078121125696 30.227064549922943 28.878525897860527 13.814200207591055 374.44033440202475 298.0567414984107 21.580160222947598
leaf_count=62 6810 775 622 881 96 55 81 94 155 63 125 4496 114 102 1138 56 213 2104 188 272 2087 1734 118 81 191 211 92 2991 2218 135
internal_value=-0.000257601 0.000365197 -0.00126026 -0.00100162 -0.0132715 -0.00957518 0.00353259 0.0257147 0.00274285 -0.0135449 -0.000182977 0.00344873 9.45792e-05 -0.0190635 0.000476515 0.022586 0.0115102 0.000102675 -0.00746989 0.00103385 0.00701942 -0.000983242 -0.00825563 0.0214627 0.000941155 0.00174328 0.00383355 0.00304092 0.00831544 -0.0124575
internal_weight=3005.54 2968.58 1961.81 1949.45 121.931 111.756 1006.77 34.611 972.159 104.149 1827.52 946.137 1810.99 35.3981 1775.59 29.5235 25.5854 1746.06 191.197 1554.87 391.908 1162.96 243.345 28.0932 919.613 889.386 736.77 722.956 348.515 50.4587
internal_count=28360 21550 16449 15827 989 893 5101 369 4732 838 14838 4577 13957 227 13730 170 275 13560 2292 11268 2359 8909 1933 199 6976 6785 5647 5555 2564 346
is_linear=0
shrinkage=0.05


Tree=69
num_leaves=31
num_cat=0
split_feature=0 8 25 31 33 26 26 26 25 7 5 33 39 5 29 25 37 16 14 26 12 21 7 24 25 18 27 5 37 16
split_gain=35.6057 5.66143 6.48524 7.18479 9.65107 6.06573 5.93387 7.83702 7.31754 6.59354 6.16033 8.19814 9.74874 9.27771 6.20744 7.15993 5.74922 6.48006 7.9152 5.89701 6.57047 6.81721 5.48119 5.73236 11.3748 11.3265 8.73124 12.063 6.93196 6.80761
threshold=0.98800000084085127 0.0026000000001869385 0.18797227319190823 48.500000000000007 2.7406018518518525 0.36098184181036969 -0.31793754321445672 -0.27560468938827304 0.027196550798278877 0.0038000000003301057 0.032088315460591606 4.1441087962962966 0.83333333333333359 0.62691849597700722 -0.99999997696896326 0.017656011999807108 0.029482730247429909 0.27073074785511891 0.03212689609654628 -0.33347348397223969 0.69933486495349517 0.047322438044825672 0.0079999989230999796 422.99920250000002 0.00029349994146991881 0.28571425999998984 0.92148168085347992 0.010582110346797379 0.068965506907986973 0.13348835802108353
decision_type=2 2 2 2 2 2 2 2 2 2 2 2 2 2 2 2 2 2 2 2 2 2 2 2 2 2 2 2 2 2
left_child=1 2 5 4 -4 -1 8 9 10 -8 14 12 -12 -13 -3 16 19 18 -18 20 -16 -22 -11 -24 25 28 -26 -28 -25 -27
right_child=-2 6 3 -5 -6 -7 7 -9 -10 22 11 13 -14 -15 15 -17 17 -19 -20 -21 21 -23 23 24 26 29 27 -29 -30 -31
leaf_value=-0.007899062256761815 -0.050261561628445445 0.066694997896017696 0.035387977738258122 0.030197656726701046 -0.043292685114340687 -0.043403013863134485 0.02894937305394182 0.0010343260705576102 0.044806753416926616 -0.036452994814634404 0.041079801519968241 -0.023623117190665389 -0.016770326565304656 0.03350907799163301 0.05352024491728629 -0.02306079159368532 -0.0010263251985856742 -0.027649600810277994 0.039468976243451297 0.050227630086907761 0.02037618047056004 -0.017173951696688606 -0.027344102958272339 0.014350698510261564 -0.027639396577433535 0.071381347557376379 -0.022194136023848676 0.052703130600241489 -0.041055695888813519 0.012946275835857963
leaf_weight=212.43588582146913 35.170018630102277 4.9523627292364827 6.3250844683498171 22.904169872403145 10.154543206095694 12.752274901606141 10.318073220551012 2244.2319600339979 12.832118912599979 20.503898479044437 17.258367776870731 50.186344207730144 12.598773135803638 8.2779815932735783 9.8784087449312192 15.027307789772747 44.104471180588007 14.030091911554335 16.611724175512791 15.202423902228473 41.487000873312354 17.05651131272316 32.68759747594595 14.750630097463729 49.275588245596737 10.685781985521318 12.386681356001647 9.4986648857593519 9.1450071074068529 9.3409568741917592
leaf_count=2368 6810 30 55 155 195 93 59 15856 65 145 88 299 65 70 48 82 242 76 81 103 312 83 316 99 261 60 72 53 61 58
internal_value=-0.000248354 0.000344509 -0.00663587 0.0120828 -0.0130941 -0.00990963 0.00102792 0.000232126 0.00792614 -0.00984847 0.00615146 -0.00464763 0.0166689 -0.0155338 0.0114993 0.0099229 0.0130526 0.00297614 0.010053 0.0220593 0.0158007 0.00943604 -0.0122274 -0.00886602 -0.00361761 0.0163908 -0.0159673 0.0103127 -0.00685367 0.0441258
internal_weight=3002.07 2966.9 264.572 39.3838 16.4796 225.188 2702.33 2422.82 279.504 178.593 266.672 88.3215 29.8571 58.4643 178.35 173.398 158.371 74.7463 60.7162 83.6243 68.4219 58.5435 168.275 147.771 115.083 43.9224 71.1609 21.8853 23.8956 20.0267
internal_count=28360 21550 2866 405 250 2461 18684 17040 1644 1184 1579 522 153 369 1057 1027 945 399 323 546 443 395 1125 980 664 278 386 125 160 118
is_linear=0
shrinkage=0.05


Tree=70
num_leaves=31
num_cat=0
split_feature=1 27 33 33 31 10 28 16 13 30 20 29 38 18 21 7 33 28 7 33 26 12 26 7 3 24 16 21 35 1
split_gain=32.9385 9.16276 10.9823 10.7081 15.857 10.2277 7.65245 8.15634 8.41053 7.64067 11.1887 9.02005 7.30006 15.3737 11.4148 19.2163 10.3877 10.0709 10.0162 9.79702 9.2215 11.7184 9.75475 9.01398 8.24372 9.95007 8.15923 7.16752 7.84688 9.27293
threshold=-0.011060942823237342 0.99966829881375074 2.3758738425925929 2.072916666666667 12.500000000000002 0.93396860225474621 0.82651350976781746 0.0016068172359664328 1.0155968858706823 2.5000000000000004 -10.790933507270779 0.99999999327301214 0.083333333333333287 0.018145159906433988 -0.022175192405899106 0.010795514787300243 7.702355324074075 0.80843151188049089 0.0070000000040016134 4.6875000000000009 -0.17501340395329693 1.0455729954660904 -0.21204936123852339 0.002000000000300001 0.0066152712850108377 8882.9579655000016 0.22281947919727646 -0.050150754283892672 0.0061381085783323835 -0.4004775593539292
decision_type=2 2 2 2 2 2 2 2 2 2 2 2 2 2 2 2 2 2 2 2 2 2 2 2 2 2 2 2 2 2
left_child=1 6 3 5 -5 -3 12 8 -8 -4 -11 -12 13 -1 15 18 27 19 -14 20 22 -22 24 -15 -16 -26 -23 28 -17 -30
right_child=-2 2 9 4 -6 -7 7 -9 -10 10 11 -13 14 23 17 16 -18 -19 -20 -21 21 26 -24 -25 25 -27 -28 -29 29 -31
leaf_value=-0.016196581500026962 -0.05024729815452611 -0.007943574928230614 -0.01048537375057289 0.090738159566005366 -0.012140387999445543 0.048298650127803829 -0.02963847040440374 0.0065189230937652432 0.081180268203215278 0.070150655128920256 -0.018832815972740901 0.016117006914314596 -0.0053978454518165539 -0.0046313588934233938 -0.0045428533184273404 0.026618423438346125 0.03151383736077331 -0.032945576815777887 -0.050934497534013738 -0.010956834369534367 -0.014932266624280344 0.0020800473208688725 0.056374376910151541 0.0097506808782022274 0.079585951579191461 0.01107438952432404 0.057652981740341828 0.031334709955702221 0.00064516443015777056 -0.044216056759972172
leaf_weight=85.423416843637824 31.86413392284885 41.739331318065524 398.79563392698765 9.4861846351996046 6.1892767157405606 10.024880850687621 24.274382039438937 908.27402756689116 1.8420556299388398 6.3313753753900519 32.632305280771106 42.511083374265581 36.907016634941101 141.51975106820464 43.557352434378117 22.634325133636594 55.429156142752618 35.78577901981771 17.948627173900604 317.83544298401102 87.587031776085496 18.600947706494484 12.688309093937276 473.34736815840006 7.5115687791258123 17.996143385767937 10.241354636847971 22.615055775269866 72.850203059613705 13.682451389729975
leaf_count=1440 6517 310 4074 83 43 92 700 5749 34 37 311 274 274 958 262 153 327 213 113 2231 484 118 82 2746 45 107 56 112 349 60
internal_value=0.000318718 0.000860083 -0.00498171 0.0139124 0.0501177 0.00294854 0.00217758 0.00572678 -0.0218222 -0.00763482 0.00631783 0.000939447 -4.19567e-05 0.00367913 -0.00332441 0.00572778 0.0133535 -0.00729545 -0.0202973 -0.00551662 0.00320813 -0.00582961 0.0160792 0.00644047 0.00867641 0.0312498 0.0218129 0.00571506 0.000407691 -0.00644824
internal_weight=3008.13 2976.26 547.71 67.4397 15.6755 51.7642 2428.55 934.39 26.1164 480.27 81.4748 75.1434 1494.16 700.291 793.871 242.067 187.211 551.804 54.8556 516.018 198.183 116.429 81.7534 614.867 69.0651 25.5077 28.8423 131.782 109.167 86.5327
internal_count=28354 21837 5224 528 126 402 16613 6483 734 4696 622 585 10130 5144 4986 1388 1001 3598 387 3385 1154 658 496 3704 414 152 174 674 562 409
is_linear=0
shrinkage=0.05


Tree=71
num_leaves=31
num_cat=0
split_feature=0 18 33 9 0 10 14 18 22 35 39 28 20 36 2 38 31 9 33 28 11 31 39 8 30 0 34 4 28 31
split_gain=31.2847 7.90437 18.1622 6.78842 7.69772 6.78108 6.58675 7.8804 8.35792 9.5903 9.84282 20.3448 8.02948 6.39976 8.59584 6.07371 5.99188 5.51659 11.531 6.70507 5.51117 6.56419 5.44825 6.15177 5.37725 5.28857 5.24758 5.36032 5.08837 8.45531
threshold=0.98900000448628966 0.018145159906433988 0.51706018518518526 0.93283361790773711 0.97900000365918982 0.0015167739684248847 0.016227511060535434 0.013174341165732064 334.03242850000004 0.0078999223450706164 0.034482755725979967 0.82877858717488506 3.4698930289647869 0.0051706424446637022 0.0081686054348475458 0.22222222271666678 67.500000000000014 0.96080271520750937 11.232042824074076 0.99829967331245606 1.2971575368172752 115.50000000000001 0.983922371041831 0.97840000000000027 4.5000000000000009 0.95200000057077871 -0.96770631190893486 -3.3881086474884263 0.99632798555175561 5.5000000000000009
decision_type=2 2 2 2 2 2 2 2 2 2 2 2 2 2 2 2 2 2 2 2 2 2 2 2 2 2 2 2 2 2
left_child=1 2 -1 4 5 -4 7 8 9 10 11 -7 -10 14 -5 -8 -14 26 19 -19 21 -17 28 -24 -22 -12 -3 -28 -15 -30
right_child=-2 17 3 13 -6 6 15 -9 12 -11 25 -13 16 22 -16 20 -18 18 -20 -21 24 -23 23 -25 -26 -27 27 -29 29 -31
leaf_value=0.067929840648038739 -0.050235173649560899 -0.037926280910987577 -0.036945851201843141 -0.030149125742585232 0.05776028385814494 -0.011018074757695649 -0.03751245497749349 -0.028974068544087968 0.068016840962699568 0.045815452783332308 -0.0091692534815657669 0.14005745874800871 0.041019482228083354 -0.015059804692265345 0.065835475459527393 0.015584515950034917 -0.012133246351041092 0.035126785504496126 -0.031893768080096377 -0.0069798792205924848 -0.054096225422593062 -0.036119847092953822 0.098090635794003872 -0.0029304680880417435 -0.00073974263071064706 0.048099729093123031 0.034191739830355901 0.001477695869742281 -0.02918957932916047 0.048627431344621601
leaf_weight=8.2892076089046878 30.31723174219951 8.4066281318664533 14.042739604599772 64.776823152787983 5.2933461144566527 5.8657274134457094 19.48225287720561 16.236443229019642 9.893326301127674 11.29955033957958 100.67965077608824 3.5937730148434639 10.233458392322065 73.082781726494431 2.419646472670137 31.42250169813633 11.003018923103808 41.820780768990517 10.396080076694487 12.21637189388275 9.4426047913730162 7.6289104223251334 2.5653588315471998 3.6528709717094898 9.4453746452927572 4.199390184134244 12.585981152951716 2450.6793819516897 5.8373362431302658 8.6836143378168327
leaf_count=56 6517 59 892 1774 71 96 127 103 53 66 1307 50 57 856 40 229 52 225 95 77 113 42 30 103 65 45 64 14878 108 104
internal_value=0.000299486 0.000814437 -0.00537947 -0.00679011 -0.00194087 -0.00313579 -0.00123987 0.00418474 0.00761899 0.0018723 -0.0024704 0.0463773 0.0308123 -0.0149143 -0.0266929 -0.0133616 0.0134801 0.00188677 0.0163299 0.0256076 -0.00524077 0.00548378 -0.0064783 0.0387462 -0.0274141 -0.00687619 0.00151026 0.00164485 -0.0096884 0.0173455
internal_weight=3005.49 2975.17 439.07 430.781 269.762 264.469 250.426 173.004 156.768 125.638 114.339 9.4595 31.1298 161.018 67.1965 77.4216 21.2365 2536.11 64.4332 54.0372 57.9394 39.0514 93.822 6.21823 18.888 104.879 2471.67 2463.27 87.6037 14.521
internal_count=28354 21837 6439 6383 3368 3297 2405 1829 1726 1564 1498 146 162 3015 1814 576 109 15398 397 302 449 271 1201 133 178 1352 15001 14942 1068 212
is_linear=0
shrinkage=0.05


Tree=72
num_leaves=31
num_cat=0
split_feature=0 27 33 32 34 5 8 35 28 38 21 0 33 24 28 36 23 11 33 38 0 18 16 39 16 26 21 26 26 35
split_gain=29.7162 8.17133 9.81821 13.6234 10.4383 9.84202 7.15507 11.4326 6.75496 8.13934 10.1186 15.322 9.75224 9.15002 8.91988 8.37455 8.172 9.29662 18.3899 7.7734 7.63426 7.23861 9.80719 16.8527 6.76795 11.2282 6.7668 6.7305 8.58047 6.6948
threshold=0.98900000448628966 0.99966829881375074 2.3758738425925929 0.0067415727715355788 0.79322815883175612 -0.33647167203755907 0.9793000014190153 0.023809527714286658 0.82651350976781746 0.083333333333333287 -0.022175192405899106 0.010012774536566221 7.702355324074075 1080.0813675000002 0.8201040243572234 0.65916458400000011 368.02513500000003 0.9168393752693802 9.2463252314814834 0.71535327271934424 0.0070000019878150299 0.018145159906433988 0.0033446158984651894 0.70867486193790974 0.16816696550476609 -0.11830798978415152 -0.050150754283892672 0.51994355458737485 -0.22741213701454016 0.0061381085783323835
decision_type=2 2 2 2 2 2 2 2 2 2 2 2 2 2 2 2 2 2 2 2 2 2 2 2 2 2 2 2 2 2
left_child=1 6 4 -4 5 -3 8 -8 9 21 11 20 26 15 16 -12 17 18 -15 -18 -11 -1 23 -23 25 -21 29 28 -7 -13
right_child=-2 2 3 -5 -6 27 7 -9 -10 10 13 12 -14 14 -16 -17 19 -19 -20 24 -22 22 -24 -25 -26 -27 -28 -29 -30 -31
leaf_value=-0.011236826710579396 -0.050223653833844764 -0.032699327287560941 -0.0097446712827897082 0.021811704274884283 0.057394421580864885 -0.0079978565090532919 -0.025355218386432 0.058050660971614522 0.0057700657612658928 -0.0068830659188861242 -0.024238160277314947 0.023248932426998076 0.02962321928560779 0.091299317496024462 -0.048476779023362962 0.021353322628044222 -0.010230800032284701 -0.0008807770447222358 -0.0098890226184308178 -0.0067361583293982091 -0.04943562902342602 0.0090089260658765685 0.0043168975796395023 0.079100872965456148 -0.0013655501215064595 0.053743854539862412 0.029514869091231879 -0.022451122306983151 0.044506918623727673 -0.0069974142301460727
leaf_weight=67.434059608262032 28.845090941525996 13.618380583822725 440.13937811786309 37.083755847066641 11.091031626332549 11.961349386721841 42.510252677835524 4.5481677874922743 913.51717460062355 41.31324578076601 100.69607703015208 23.310189910233021 56.116368569433689 9.8804483041167277 10.820150729268788 11.19193137064576 244.08682626625523 27.319606490433216 8.2303949967026693 14.483125027269127 14.150651805102823 29.321369919925928 569.85891470685601 12.120770908892153 104.21892190352082 16.323097000829875 22.733550272416323 8.9917132477276009 22.266647040378309 85.033178582787514
leaf_count=936 6517 101 4496 200 89 107 1050 22 5979 294 1010 158 327 55 61 79 1229 187 52 94 93 285 3291 101 693 102 111 63 168 404
internal_value=0.000281436 0.000771228 -0.00476091 -0.00729251 0.0130243 0.00436624 0.00201272 -0.0172941 0.00239412 0.00029423 -0.00315616 0.00534228 0.0121813 -0.00692447 -0.00364688 -0.0196777 -0.00250432 0.017535 0.0453147 -0.00490571 -0.0177396 0.00430977 0.00602476 0.029509 0.00472052 0.02531 0.00471404 0.0160455 0.0261585 -0.000489881
internal_weight=3003.22 2974.37 545.152 477.223 67.9291 56.8381 2429.22 47.0584 2382.16 1468.64 789.908 242.657 187.193 547.251 435.363 111.888 424.542 45.4304 18.1108 379.112 55.4639 678.735 611.301 41.4421 135.025 30.8062 131.077 43.2197 34.228 108.343
internal_count=28354 21837 5224 4696 528 439 16613 1072 15541 9562 4949 1387 1000 3562 2473 1089 2412 294 107 2118 387 4613 3677 386 889 196 673 338 275 562
is_linear=0
shrinkage=0.05


Tree=73
num_leaves=31
num_cat=0
split_feature=0 24 33 38 10 39 33 17 14 20 1 8 30 36 22 20 10 38 9 0 26 26 33 7 31 20 12 4 33 0
split_gain=28.2282 7.17778 8.7265 8.32928 7.74942 11.7265 8.63092 7.50293 7.39236 8.89636 12.1724 7.3918 11.0728 8.0479 5.49547 5.11884 9.52178 5.21134 5.05824 8.63797 9.13363 6.83143 6.23886 12.3872 6.59177 6.31071 8.04411 5.04745 8.82757 10.9583
threshold=0.98900000448628966 422.99920250000002 13.936597222222224 0.00045507144227054504 0.89604085185812121 0.85651773589030178 10.925572916666669 0.0021085165969460399 0.0030501443428481117 -14.901917217066002 -4.3428064090208496 0.0021000000000673657 56.500000000000007 0.407597636251048 160.53957100000002 -9.2912581392072138 0.052987869202984261 0.041078740951703656 0.0055261389413438456 0.0030000000003750004 -0.14611731675450682 -0.28919144622709897 5.7376909722222225 0.011999999042016931 15.500000000000002 -7.8039736689093617 0.99996552597834742 -0.40546510823316434 2.1334375000000003 0.97899999993734377
decision_type=2 2 2 2 2 2 2 2 2 2 2 2 2 2 2 2 2 2 2 2 2 2 2 2 2 2 2 2 2 2
left_child=1 2 3 8 5 14 7 -7 9 10 -1 12 13 -3 15 16 -5 -17 19 20 -11 -20 23 -23 -24 -25 -27 -13 29 -29
right_child=-2 11 -4 4 -6 6 -8 -9 -10 18 -12 27 -14 -15 -16 17 -18 -19 21 -21 -22 22 24 25 -26 26 -28 28 -30 -31
leaf_value=-0.0042523659310000758 -0.050212701838447282 -0.031770102569230539 0.043751866668283658 0.063909738845964723 -0.024879329916600124 0.017938362824943876 -0.03270617728823632 0.08440368100361606 -0.016279953096119616 0.036522572831079035 0.1001479397925347 0.0077754564578018312 0.057235811168530784 -0.0047204817286039501 0.035067542121346371 0.0071822746015179836 -0.02889691408747538 -0.01532570327192289 -0.040050963573136623 0.078571038295884202 -0.022892605711127289 -0.019350948099091037 -0.0060005398657220696 0.0096704110998630226 0.047547201293757502 0.072631247615799421 0.0065755038269800841 0.0080089069578495996 0.00018014139014349491 0.057626219047290587
leaf_weight=5.5135439857840538 27.444133937824517 33.472599054686725 9.4303734875284118 6.1713992878794652 70.1196796791628 10.711186678148811 4.5793676376342765 7.0345718041062346 48.88544477103278 14.242564067244533 5.6562533788382989 419.25585131347179 6.4189127609133712 154.05537995137274 6.756709285080432 29.66785030066967 5.0052922368049622 193.10341363027692 10.111319421790538 5.4840374812483779 11.849938198924065 16.780796647071838 129.46923893364146 16.998270550742745 6.0142246838659039 13.906527654267849 6.8935478329658499 240.40364902839065 1473.682121775113 11.668097333051263
leaf_count=47 6517 1077 85 61 1222 119 66 46 342 130 53 2064 39 1140 59 244 45 2069 91 48 174 152 1405 129 48 112 90 1215 9308 157
internal_value=0.000264084 0.000729987 -0.00398714 -0.0047075 -0.0101098 -0.00617244 0.0284931 0.0442858 0.00146018 0.00503022 0.0486147 0.00200939 -0.00733836 -0.00954867 -0.00938763 -0.0106716 0.0223478 -0.0123282 0.00292955 0.0215282 0.00953911 -4.30086e-06 0.00212618 0.0163988 -0.00362351 0.0322701 0.0507391 0.0028546 0.00165912 0.0103056
internal_weight=3000.79 2973.34 634.386 624.955 333.149 263.03 22.3251 17.7458 291.806 242.92 11.1698 2338.96 193.947 187.528 240.705 233.948 11.1767 222.771 231.75 31.5765 26.0925 200.174 190.063 54.5791 135.483 37.7983 20.8001 2145.01 1725.75 252.072
internal_count=28354 21837 6837 6752 3931 2709 231 165 2821 2479 100 15000 2256 2217 2478 2419 106 2313 2379 352 304 2027 1936 483 1453 331 202 12744 10680 1372
is_linear=0
shrinkage=0.05


Tree=74
num_leaves=31
num_cat=0
split_feature=0 27 34 19 19 23 24 15 28 34 9 6 38 18 21 7 28 27 27 13 7 24 34 19 12 31 30 7 13 12
split_gain=26.8163 7.12157 8.56546 9.72208 12.5301 7.85427 7.05706 6.44941 6.26603 6.19336 6.3434 6.11965 5.95308 11.8809 9.16977 15.8209 9.70665 9.27078 9.17076 9.12836 9.09607 8.39951 8.31995 10.6495 8.28481 8.2243 7.81116 7.6868 7.65068 10.1511
threshold=0.98900000448628966 0.99966829881375074 0.86948297240568484 4.402178374339079 4.5883233822399063 47.840144000000009 103.89228750000002 0.40699497363831033 0.82651350976781746 0.91716766185663046 0.0011508725709351978 -1.6094379245494852 0.083333333333333287 0.018145159906433988 -0.022175192405899106 0.010795514787300243 0.70212146049949353 0.85979168272869988 0.95860365977491668 0.42659180717092454 0.0070000000040016134 322.88961350000005 2.0488615139018549 4.713224218023921 1.2485205888665296 75.500000000000014 47.500000000000007 0.002000000000300001 0.59608794539279364 0.6221277611848427
decision_type=2 2 2 2 2 2 2 2 2 2 2 2 2 2 2 2 2 2 2 2 2 2 2 2 2 2 2 2 2 2
left_child=1 8 3 5 -5 -3 -4 9 12 -8 -11 -10 13 -1 15 20 19 22 -19 -16 -14 -21 23 -17 -18 28 -27 -15 -23 -30
right_child=-2 2 6 4 -6 -7 7 -9 11 10 -12 -13 14 27 16 17 24 18 -20 21 -22 25 -24 -25 -26 26 -28 -29 29 -31
leaf_value=-0.014625613257096779 -0.050202284836809621 0.034291262445452463 -0.01975708126751119 0.099034009128451408 0.0054249543710815466 -0.0090456406100624023 -0.045978281624847905 -0.049033107965369332 0.020276780159990737 -0.045818803159769605 -0.001132432929123006 0.0039783090332329808 -0.004906784075426638 -0.0046702915501802321 0.039088615734433341 0.016144663057727725 -0.018950852432767736 -0.026211772164419153 0.030404810200777371 -0.024434508352980836 -0.049003898188313806 -0.041040156753802126 0.034758229575686583 -0.027811690422820098 0.019871269606904038 -0.015692880397238047 0.030696866999118312 0.0085992714517892279 0.053162216002596477 0.0047501715583698175
leaf_weight=82.586035133339465 26.110947545152158 14.172421885188667 86.870082955807447 6.631540840957312 7.7556904181838036 39.861110085155815 8.2243482507765275 7.7861287258565417 61.646073877811432 8.11940407194197 362.80402016220614 876.06095746066421 36.64788568392396 141.49291729927063 13.092760954052208 90.049667715094984 174.2919650557451 26.546428523957729 9.7903475612401945 41.88237458281219 17.174708172678947 8.3923585712909681 46.588174054399133 16.268650686368346 14.918739793822168 99.843191064894199 9.9814322888851148 477.26069042086601 11.548030003905295 173.63636862765998
leaf_count=1440 6517 96 1101 70 50 315 70 53 328 459 3010 6155 274 958 79 453 1035 138 53 519 113 61 267 90 100 561 55 2746 68 1120
internal_value=0.000247422 0.000690667 -0.00449048 0.0120467 0.0485724 0.00232117 -0.00687856 -0.00398722 0.00184692 -0.00306217 -0.0021106 0.00504979 -0.000166064 0.00318734 -0.00314066 0.00494137 -0.00672816 0.0117443 -0.0109574 -0.00189111 -0.0189781 -0.00344501 0.0171391 0.00941854 -0.0158898 -0.000547561 -0.0114767 0.00556487 0.00565304 0.00776913
internal_weight=2998.04 2971.92 542.225 68.4208 14.3872 54.0335 473.804 386.934 2429.7 379.148 370.923 937.707 1491.99 701.34 790.653 243.066 547.587 189.243 36.3368 358.377 53.8226 345.284 152.906 106.318 189.211 303.401 109.825 618.754 193.577 185.184
internal_count=28354 21837 5224 531 120 411 4693 3592 16613 3539 3469 6483 10130 5144 4986 1388 3598 1001 191 2463 387 2384 810 543 1135 1865 616 3704 1249 1188
is_linear=0
shrinkage=0.05


Tree=75
num_leaves=31
num_cat=0
split_feature=7 37 35 33 7 10 13 12 12 12 8 13 30 39 11 25 35 8 27 21 28 28 27 21 33 39 26 37 26 33
split_gain=24.1388 6.89796 6.20681 5.85319 11.0707 9.74441 11.2087 8.36662 16.9417 9.31809 7.44075 8.56992 7.04637 6.71803 6.69245 6.44534 12.3555 9.71347 6.80479 7.38273 7.001 6.94788 9.11696 6.46755 6.3226 12.413 12.6516 8.82963 10.6534 7.02766
threshold=0.98500000365040041 0.46570455561528945 0.018929974856699731 11.682789351851854 0.010795514787300243 0.0016338436099471059 0.7833796202636748 0.88174658411247175 0.71838085717798572 1.0999502738079998 0.0093336316333686633 1.0918038881749348 56.500000000000007 0.013037831810269801 1.5993421397023171 0.0043830640923440464 0.18181818230909097 0.22399999312468874 0.99906657350896577 0.47922741931520424 0.89709169347895723 0.82407764627444724 0.59003126703073094 1.3966039884272494 5.8707407407407421 0.97043390442155431 -0.24506324403587701 0.041188538590706807 -0.26321523827128696 5.1004050925925934
decision_type=2 2 2 2 2 2 2 2 2 2 2 2 2 2 2 2 2 2 2 2 2 2 2 2 2 2 2 2 2 2
left_child=3 2 -2 10 5 -5 -7 8 -8 13 11 12 14 -9 -1 16 24 18 20 -20 21 22 -18 -17 25 27 -27 29 -29 -12
right_child=1 -3 -4 4 -6 6 7 9 -10 -11 15 -13 -14 -15 -16 23 17 -19 19 -21 -22 -23 -24 -25 -26 26 -28 28 -30 -31
leaf_value=-0.0012278762947751972 -0.045822799557622272 0.15489543461451613 0.047361211063389232 -0.038008428036482404 -0.0096949297096991707 -0.012012195181061426 0.0073593999836133132 0.038336142008788529 0.096427799491860769 0.051252059547840637 0.0091116743757432214 -0.019186123363641446 0.035745962611248454 -0.021533343131960113 -0.039114516131772109 0.00041407431640496923 0.0080323686548756847 0.053611786548587316 0.0087776523624634346 -0.044734305837574519 0.045749562390619149 -0.015716396301518217 0.048894002197677519 0.035721897268637379 -0.0012595855648383958 0.088452668606291085 0.0047611293844170071 -0.032701759598916129 0.0081605496010384408 0.042709292516173253
leaf_weight=546.21708245296031 36.830008443910629 0.45324394153430958 1.8781321495771397 9.3601445285603386 306.52002822002396 24.851732064038515 10.435287266969683 6.5013981983065632 10.931769281625746 10.872609514743088 104.50130938156508 74.931041195988655 12.619376461952923 16.777434516698122 11.910260912030934 1234.0206802040339 40.68854957818985 18.228222228586674 26.495454594492912 8.5175171568989736 22.7500244602561 15.516935795545576 20.542827449738979 13.107694156467913 315.63490752037615 9.6977588084992039 8.4505747091025096 27.002435941249132 38.972771476954222 18.288302011787891
leaf_count=4609 7376 18 8 222 2544 174 68 54 79 90 724 578 71 134 126 6868 229 86 186 61 120 83 101 69 3017 80 102 161 288 129
internal_value=-3.21391e-05 -0.0390307 -0.0413015 0.000483064 -0.00517311 0.0102735 0.0158965 0.0283893 0.0529284 0.0130363 0.0013558 -0.00328817 -0.00120099 -0.00481277 -0.00203637 0.00291556 0.00684997 0.0193596 0.0147179 -0.00424007 0.0213891 0.0141681 0.0217412 0.00078517 0.00319345 0.00998632 0.0494826 0.00618905 -0.00856364 0.0141157
internal_weight=3003.51 39.1614 38.7081 2964.34 396.25 89.7304 80.3702 55.5185 21.3671 34.1514 2568.09 645.678 570.747 23.2788 558.127 1922.42 675.288 152.74 134.511 35.013 99.4983 76.7483 61.2314 1247.13 522.548 206.913 18.1483 188.765 65.9752 122.79
internal_count=28455 7402 7384 21053 3365 821 599 425 147 278 17688 5384 4806 188 4735 12304 5367 866 780 247 533 413 330 6937 4501 1484 182 1302 449 853
is_linear=0
shrinkage=0.05


Tree=76
num_leaves=31
num_cat=0
split_feature=0 33 33 36 31 27 2 20 6 39 31 33 16 37 26 26 33 35 4 11 20 11 39 33 35 22 6 11 27 36
split_gain=24.3412 5.54436 9.93081 10.5562 7.3464 9.66329 7.39513 8.54217 8.49755 7.27165 9.44249 7.40855 7.04362 6.74608 8.00728 6.46982 6.19952 6.14961 6.10818 11.579 6.94632 10.7823 10.4488 8.76162 6.26981 6.17698 6.03593 9.99827 5.96486 8.52219
threshold=0.98900000448628966 10.248026620370373 10.106284722222224 0.47838856651407263 9.5000000000000018 0.2363317472452254 3.7425918799401919e-07 -6.3184493317447474 0.084557390313777361 0.26556618893257228 260.50000000000006 10.844386574074077 0.17100091604085241 1.0725875740832171 -0.37352784737050077 -0.066324765670909933 12.377754629629631 0.090909093529666904 0.14310085321122379 1.1995895510880383 0.50263689929673439 1.0454588224610588 0.16488115075440649 11.60408564814815 0.3333332499863631 25.004523000000002 -0.02988077612130155 1.0022633876767653 0.97771543219457324 0.26666667911522696
decision_type=2 2 2 2 2 2 2 2 2 2 2 2 2 2 2 2 2 2 2 2 2 2 2 2 2 2 2 2 2 2
left_child=1 2 -1 26 17 -6 7 -7 15 10 11 -9 -11 14 -13 -8 -14 -3 20 -20 22 -22 23 -16 25 -25 -4 -28 29 -19
right_child=-2 4 3 -5 5 6 8 9 -10 12 -12 13 16 -15 18 -17 -18 28 19 -21 21 -23 -24 24 -26 -27 27 -29 -30 -31
leaf_value=0.0011300788494706512 -0.050184149996679167 -0.016540996649614829 -0.011097395806295179 0.087721103432748623 -0.019420790472250815 -0.014286851288919886 0.02475110262701254 -0.0075336090953259929 -0.053254678168941173 -0.0035842971175217941 -0.033279232114258477 0.078202989684610938 0.05615544921711816 -0.021903783081030841 0.059553806483365702 -0.024823372040086944 -0.0057492721916506439 0.061258681842404995 0.08267629534088089 0.00012158899385513502 -0.029452545247678881 0.042731522429850892 0.067911415187531105 0.01451365740369156 0.027668409771059183 -0.040279719058412239 0.079623474837985736 -0.012715723376285452 -0.017331514065107936 0.0018934613462807004
leaf_weight=2307.4669212107547 24.001900045899674 154.38942823139951 11.488476872444158 6.2915199995040885 55.952459893655032 48.168999289162457 12.07799962721765 21.341272124089301 11.803712476044891 126.60424340888858 9.016073562204836 7.306790128350257 9.9207005761563796 7.3310764133930197 9.5226703658699972 14.461528895422816 6.8278968743979922 8.0408141240477544 10.912531286478044 6.9542422145605078 15.267537750303747 7.8246636353433123 12.52314707636833 10.305939116515221 17.842630185186863 10.268184747546909 6.7747325650416297 5.1676118508912623 21.522964000701904 24.361303798854351
leaf_count=15979 6581 2176 77 39 385 299 73 140 84 1044 56 38 75 58 63 95 58 56 75 53 99 63 69 81 95 72 82 55 163 172
internal_value=-3.37397e-05 0.000370495 0.00149998 0.0302172 -0.0037507 -3.33693e-05 0.00284951 0.00521059 -0.01796 0.00845169 0.016289 0.0195416 0.000446861 0.0245203 0.0276505 -0.00226229 0.0309188 -0.0114638 0.0240085 0.0505437 0.0183343 -0.00499338 0.0272438 0.0166203 0.00597798 -0.0128328 0.0147765 0.0396671 0.00307225 0.0166254
internal_weight=3001.74 2977.74 2337.19 29.7223 640.549 432.234 376.282 337.939 38.3432 289.77 146.417 137.401 143.353 116.059 108.728 26.5395 16.7486 208.315 101.422 17.8668 83.5548 23.0922 60.4626 47.9394 38.4168 20.5741 23.4308 11.9423 53.9251 32.4021
internal_count=28455 21874 16232 253 5642 3075 2690 2438 252 2139 962 906 1177 766 708 168 133 2567 670 128 542 162 380 311 248 153 214 137 391 228
is_linear=0
shrinkage=0.05


Tree=77
num_leaves=31
num_cat=0
split_feature=0 11 33 33 10 10 15 2 33 25 13 6 28 2 39 20 39 28 3 33 25 26 25 16 6 15 39 28 13 27
split_gain=23.1395 5.45987 10.3809 5.2888 11.005 10.548 9.14278 11.7468 6.35763 6.63412 5.82459 7.0035 6.81597 7.31938 7.53142 6.80178 9.43973 8.96652 9.50339 8.49228 8.29776 10.9598 10.4903 7.81552 8.63255 7.98775 10.7855 8.01173 12.431 8.78042
threshold=0.98900000448628966 1.5993421397023171 0.99418981481481483 11.682789351851854 0.0095943141497707597 0.0016338436099471059 0.22785098026193704 -0.25571133835077564 13.216996527777779 0.062801461580399051 1.1149120991149508 0.28768207245178096 0.82197042783234975 0.0010320638762910431 0.0054692382677512686 5.5662850059986022 0.99047195354099993 0.87107474452551859 0.32542200697279361 10.400954861111114 0.11348062720700448 -0.14051216496692928 0.018172211037317358 0.0010015664510955918 0.15415069701445941 0.0030940911727261405 0.0021959467313953109 0.92589793927388087 1.0029011938665089 0.87463649835902335
decision_type=2 2 2 2 2 2 2 2 2 2 2 2 2 2 2 2 2 2 2 2 2 2 2 2 2 2 2 2 2 2
left_child=1 3 -3 10 5 -5 7 -6 9 -7 11 12 13 -1 -15 17 20 18 19 -14 21 22 -17 -19 25 27 -27 28 29 -25
right_child=-2 2 -4 4 6 8 -8 -9 -10 -11 -12 -13 15 14 -16 16 -18 23 -20 -21 -22 -23 -24 24 -26 26 -28 -29 -30 -31
leaf_value=0.00045054105047197458 -0.050175135123735642 0.030774261892525568 -0.021808473637263966 -0.03601547544413651 0.067594305343824573 0.022556722047685107 -0.043609614450810019 -0.0076794538294168895 0.047256288004582078 -0.030028953753367827 -0.0057713489175204146 0.012927305675281643 0.0068844854968672393 0.024474663657976667 -0.015941248447877778 0.0099333405350751428 -0.014763628588893535 -0.024539401885606434 0.06251596176491156 0.044649254558991547 0.00058800261519191717 0.073180606547162699 0.083155188438818126 0.056762707456964545 -0.024830013582769123 0.017778460703305975 -0.0025140221954488649 0.009987804423260218 0.11501072261631035 -0.037296525002267364
leaf_weight=1049.1354460096918 22.835311188362539 11.163385301828383 58.95814074575901 8.7573436889797431 5.2725778371095648 26.325449556112289 17.43622487783432 304.68092734087259 18.077111147344112 7.767410945147275 247.0831086775288 145.43574801087379 144.47569563565776 12.75923080742359 119.34542425256222 29.717639357317239 17.923560130409896 29.113444213289768 9.3923502899706346 16.596498146653175 22.639189875684679 14.805031989235429 5.8553710496053091 6.0018512830138189 28.797973239328712 77.029827438294888 436.71251427568495 97.082898001652211 4.8579985834658137 4.2296850229613483
leaf_count=7144 6581 61 546 220 24 217 104 2685 139 53 1659 1046 816 73 679 311 258 1026 60 105 184 132 43 63 189 434 2522 976 48 57
internal_value=-3.51209e-05 0.000349427 -0.0134373 0.000681949 -0.00474959 0.0147623 -0.00838076 -0.00639898 0.0232859 0.0105761 0.00151925 0.00231215 0.00158615 -0.000946089 -0.0120377 0.00475064 0.0177504 0.00336679 0.0136265 0.0107757 0.0257316 0.0370308 0.0219858 0.000809244 0.00193643 0.00316794 0.000528605 0.0152559 0.04915 0.0178789
internal_weight=3000.26 2977.43 70.1215 2907.31 388.317 60.9273 327.39 309.954 52.17 34.0929 2518.99 2271.91 2126.47 1181.24 132.105 945.232 90.9408 854.291 170.465 161.072 73.0172 50.378 35.573 683.826 654.713 625.915 513.742 112.172 15.0895 10.2315
internal_count=28455 21874 607 21267 3442 629 2813 2709 409 270 17825 16166 15120 7896 752 7224 928 6296 981 921 670 486 354 5315 4289 4100 2956 1144 168 120
is_linear=0
shrinkage=0.05


Tree=78
num_leaves=31
num_cat=0
split_feature=0 11 33 33 7 12 12 39 6 36 22 30 27 24 27 28 11 26 13 33 13 13 6 12 13 5 37 16 34 14
split_gain=21.9978 4.97684 9.43562 4.78489 9.90856 8.01148 8.53118 10.7131 7.82828 7.04897 6.8554 6.66125 5.92415 7.03757 5.53572 5.57071 9.82088 12.0151 6.63034 8.66536 7.10349 5.25847 6.27105 8.73649 8.79075 9.28943 6.21484 5.90077 8.26585 7.99575
threshold=0.98900000448628966 1.5993421397023171 0.99418981481481483 11.682789351851854 0.010795514787300243 1.0999502738079998 0.90535675205637023 0.0074339407104677896 -1.0000000180025095e-35 0.67744645679348903 502.99585650000006 2.5000000000000004 0.30316215544433683 271.50000000000006 0.38725832646168162 0.80081239158155648 0.99996875014781617 -0.17501340395329693 1.0139264994052122 12.478425925925928 0.99048839132429867 1.1149120991149508 0.28768207245178096 1.1059653430618079 1.0639192771090442 0.31882975173722267 0.042578858973469975 0.09824781028459742 -0.2564930544121487 0.63159101940334439
decision_type=2 2 2 2 2 2 2 2 2 2 2 2 2 2 2 2 2 2 2 2 2 2 2 2 2 2 2 2 2 2
left_child=1 3 -3 21 5 6 7 -5 9 -9 11 -8 13 -6 -14 16 -16 -18 19 -19 -21 22 26 -24 25 -25 -1 -28 -29 -30
right_child=-2 2 -4 4 12 -7 10 8 -10 -11 -12 -13 14 -15 15 -17 17 18 -20 20 -22 -23 23 24 -26 -27 27 28 29 -31
leaf_value=0.0036711431540946459 -0.050166565417551691 0.029068169053256782 -0.020998395553607337 -0.0082490519888751088 0.012023911208701469 0.04369901103692464 -0.017577753699118955 0.0929160798480132 -0.0011724331091532542 0.025243003060531861 -0.064809670945703265 0.048590676852644558 0.038911628731540256 -0.035103092717300867 -0.010698308166238072 -0.012999882836408455 -0.0095453997598706382 0.077928651519191872 0.088655513478757511 0.044183230865716565 -0.046890499455063211 -0.0054978344597303736 0.020278984395897398 -0.019712010405004365 -0.03188871584176383 0.040977833238991956 -0.0064450059093961098 -0.026882555274388004 0.0049406213695784842 -0.030742811215480916
leaf_weight=1294.6799494945444 21.725237447302788 11.226000010967253 58.190941508859396 20.883663572371006 10.052204692736266 14.779555112123488 20.289747417904444 8.287647772580387 7.3512718193233004 7.1831637546420088 5.971339287236332 4.681135610677301 6.7237395448610178 37.378328705672175 55.646906183566898 151.00809816876426 16.309078917838633 5.3832035330124226 6.7201699651777735 4.1321205794811231 4.4433445036411285 246.4238974773325 101.8396240924485 11.694618299137803 19.114177037030458 13.681679546833037 381.37058555707335 23.485773790627718 412.31632601469755 16.320157900452614
leaf_count=10233 6581 61 546 145 112 106 291 58 56 47 79 29 51 280 427 1359 161 68 58 31 84 1659 721 80 136 109 2268 157 2366 96
internal_value=-3.64993e-05 0.000329265 -0.0129017 0.000645085 -0.00452974 0.0100657 0.00340668 0.0176291 0.0413092 0.0614952 -0.0166824 -0.00517357 -0.00891272 -0.0251152 -0.00584325 -0.00707834 0.00257464 0.0225433 0.0478511 0.0282065 -0.00300627 0.00143996 0.00219161 0.0122039 -0.00628012 0.013009 0.00150318 -0.00186435 0.00199949 0.00358199
internal_weight=2999.29 2977.57 69.4169 2908.15 387.225 89.4275 74.648 43.7057 22.8221 15.4708 30.9422 24.9709 297.797 47.4305 250.367 243.643 92.6348 36.9879 20.6788 13.9587 8.57547 2520.93 2274.5 146.33 44.4905 25.3763 2128.17 833.493 452.122 428.636
internal_count=28455 21874 607 21267 3442 811 705 306 161 105 399 320 2631 392 2239 2188 829 402 241 183 115 17825 16166 1046 325 189 15120 4887 2619 2462
is_linear=0
shrinkage=0.05


Tree=79
num_leaves=31
num_cat=0
split_feature=0 11 33 8 18 17 13 33 33 36 13 11 10 2 30 30 39 31 39 24 28 13 27 33 10 24 31 13 0 9
split_gain=20.9132 4.53528 8.57665 4.64632 8.38353 9.73944 7.08703 5.0266 8.9306 9.10865 7.70639 7.92585 7.16902 6.20898 6.75691 5.99585 7.31909 5.2094 5.68393 7.26002 6.62686 5.62571 8.0057 5.94144 7.21844 7.07992 5.42061 5.19357 5.18732 17.7714
threshold=0.98900000448628966 1.5993421397023171 0.99418981481481483 0.0010884973635855383 0.84016079615654082 0.66666666655825368 0.90760282236004908 10.248026620370373 10.106284722222224 0.47838856651407263 0.99048839132429867 0.99996875014781617 0.012748497441985822 -0.16376612864775178 7.5000000000000009 4.5000000000000009 0.31572230238292742 260.50000000000006 0.20678860541785268 13009.037773500002 0.9852676999949368 0.70753338334663241 0.43008896679838998 12.682789351851854 0.0099470778703897901 1279.4243070000002 14.500000000000002 1.0009108058574936 0.4900000011451317 0.57601258298104463
decision_type=2 2 2 2 2 2 2 2 2 2 2 2 2 2 2 2 2 2 2 2 2 2 2 2 2 2 2 2 2 2
left_child=1 3 -3 4 5 -1 -7 8 -5 10 -10 -12 17 -14 15 28 -17 18 20 -20 21 -9 -23 24 -24 26 -25 -16 -15 -30
right_child=-2 2 -4 7 -6 6 -8 12 9 -11 11 -13 13 14 27 16 -18 -19 19 -21 -22 22 23 25 -26 -27 -28 -29 29 -31
leaf_value=-0.018811951692281122 -0.050158416278205435 0.027470876064472571 -0.02021015972587072 0.0016441915075265151 -0.047377853504765352 0.056688288687562517 -0.01002742180418517 -0.013398160107057243 -0.019671635147609768 0.081800463073312804 0.075534724368334735 -0.00037451664410036796 0.024649008081436663 -0.011479309404291517 -0.048692663873914396 0.036879496733809233 -0.0089910754598859048 -0.036367999163654303 -0.034226555219206575 0.028135040383075932 -0.029827233025093703 -0.0057980065719864284 0.010398153823984516 0.06434899151776334 0.067889591788316425 0.092099497904619354 -0.00052263552786025477 -0.010070126837918331 0.066365850668434867 -0.004007835858069791
leaf_weight=33.010379020124674 20.668957495130599 11.28327553719282 57.45657173357904 2199.6109297699295 13.725648604333399 9.3956501856446284 6.9067255780100814 11.024952571839092 9.6142939701676422 6.4481082186102858 7.0802047289907915 6.685957892332226 16.290584519505501 241.52454897761345 16.15571006340906 18.098230436444283 16.739522245712578 6.2648805677890769 13.759650956839325 7.0625750534236422 7.290774341672658 16.396332267671824 28.514137871563435 6.4880102314054984 6.752815391868352 7.9739611633121958 6.393360011279583 18.871271707117558 9.4990911409258825 161.37003718595952
leaf_count=1093 6581 61 546 14507 120 73 51 87 67 37 57 78 75 1826 95 94 132 39 127 54 73 137 226 57 51 47 46 102 60 1856
internal_value=-3.75458e-05 0.000310357 -0.0123836 0.000610321 -0.0128162 -0.00319639 0.0284233 0.000907726 0.00201271 0.0291877 0.0146776 0.0386671 -0.00308839 -0.00571071 -0.00673626 -0.00507996 0.0148387 0.00799828 0.0104876 -0.0130745 0.0158888 0.0198784 0.0249374 0.0339169 0.0214065 0.0550724 0.0321515 -0.0278842 -0.00676263 -9.55665e-05
internal_weight=2998.36 2977.69 68.7398 2908.95 63.0384 49.3128 16.3024 2845.91 2229.44 29.8286 23.3805 13.7662 616.47 498.549 482.258 447.231 34.8378 117.921 111.657 20.8222 90.8343 83.5436 72.5186 56.1223 35.267 20.8553 12.8814 35.027 412.394 170.869
internal_count=28455 21874 607 21267 1337 1217 124 19930 14746 239 202 135 5184 4240 4165 3968 226 944 905 181 724 651 564 427 277 150 103 197 3742 1916
is_linear=0
shrinkage=0.05


Tree=80
num_leaves=31
num_cat=0
split_feature=0 4 25 13 0 9 0 0 33 13 20 13 20 26 19 36 10 37 13 33 23 30 30 35 34 28 15 15 11 26
split_gain=20.2788 6.66039 10.7204 8.95395 10.1688 10.0988 8.38319 11.4875 14.8029 9.88128 15.6598 11.1017 10.5906 9.73624 10.7704 8.55191 8.15982 11.4269 10.8033 7.7124 8.52445 7.52949 7.89975 10.0343 7.50328 7.36123 7.34328 7.61839 7.39425 7.22653
threshold=0.98900000448628966 -0.28783641579789021 0.56206555565854543 0.53796054368699242 0.13814406286223391 0.006827408685573441 0.43000000542490674 0.82000000099560544 0.51706018518518526 1.0059292965378963 5.3697988381789763 0.99048839132429867 6.2324799327655933 0.48990054065697991 5.1022251899169335 0.19570780295881951 0.24517908466468261 0.081580923498472638 1.0033009554621202 1.1060648148148149 160.36703400000002 59.500000000000007 12.500000000000002 0.14285714392857149 1.344454576715383 0.95941581030008038 0.013052232447894533 0.026001718203040838 0.92521995834384285 1.2353799974523565
decision_type=2 2 2 2 2 2 2 2 2 2 2 2 2 2 2 2 2 2 2 2 2 2 2 2 2 2 2 2 2 2
left_child=1 2 3 5 19 -1 16 9 -9 11 15 -8 -12 14 -14 -11 21 18 26 -5 -21 22 23 29 -13 -24 -18 -28 -29 -3
right_child=-2 6 -4 4 -6 -7 7 8 -10 10 12 24 13 -15 -16 -17 17 -19 -20 20 -22 -23 25 -25 -26 -27 27 28 -30 -31
leaf_value=-0.0076300673411827061 -0.050150572910296821 -0.0061503023433636499 -0.021247978318373884 -0.014843315035052089 0.025678196890887017 0.039161890676883422 0.0082783880871271209 0.059062804115534051 -0.0020949115961302668 -0.013581637216090948 0.071817207302851516 0.068934947586784812 0.011844140632972575 -0.026733541808634007 0.07813889329850654 0.032530664534341946 -0.019708097680120933 -0.028263496024944931 -0.024862024661079424 -0.0089889276475687944 0.0082238509945592748 0.044593403132539712 -0.0099289543111355325 0.0054645424546706494 0.026245291041130731 -0.054442760178132335 0.058173891496774877 0.028921578976691311 -0.021681831863884272 0.013599001622421995
leaf_weight=16.171537511050701 19.707818331662565 567.33195557631552 36.234305419027805 55.998060837388039 52.984627157449722 40.183809347450733 108.11942030489445 10.059297883417456 603.05616386467591 102.69972658157349 9.3194979168474656 12.43650361895561 28.148042354732752 11.410309620201586 7.8309219330549231 11.145936548709868 13.80670155957341 72.957200907170773 31.341517262160778 89.633261807262897 364.16342877596617 8.7402333300560695 131.35602658614516 422.02240142598748 59.722683351486921 9.994189899414776 10.94853416085243 18.873084127902988 11.690615475177763 50.437758975662291
leaf_count=105 6598 5868 201 326 237 204 561 56 5733 518 47 56 186 59 43 48 121 400 198 678 1799 51 833 2400 333 65 56 86 57 488
internal_value=0.000401047 0.000736623 0.00518616 0.0067332 0.00483044 0.0257346 -0.000523872 0.00303739 -0.00109151 0.0102531 0.00162591 0.0184148 0.0230926 0.0135105 0.0262734 -0.00906706 -0.00306769 -0.0136831 -0.00140818 0.00266366 0.00482401 -0.00164368 -0.00198582 -0.000478173 0.0336028 -0.0130763 0.0118798 0.0223858 0.00956577 -0.00453787
internal_weight=2988.53 2968.82 655.369 619.135 562.779 56.3553 2313.45 963.949 613.115 350.833 170.554 180.279 56.7088 47.3893 35.979 113.846 1349.5 159.618 86.6605 509.795 453.797 1189.88 1181.14 1039.79 72.1592 141.35 55.3189 41.5122 30.5637 617.77
internal_count=28411 21813 3550 3349 3040 309 18263 7640 5789 1851 901 950 335 288 229 566 10623 918 518 2803 2477 9705 9654 8756 389 898 320 199 143 6356
is_linear=0
shrinkage=0.05


Tree=81
num_leaves=31
num_cat=0
split_feature=1 13 34 20 39 25 2 24 19 23 38 20 31 3 19 38 11 12 12 28 25 26 26 3 39 5 25 27 24 6
split_gain=19.2641 5.62402 9.44966 9.56189 8.99837 8.03822 10.6359 9.27878 9.33897 9.01757 8.46552 7.88392 9.92646 9.77998 13.1708 12.1768 8.68283 9.21643 9.782 8.41216 8.26493 8.16167 8.03452 7.98494 7.80987 8.40667 7.38738 7.24131 11.5908 8.92839
threshold=-0.011060942823237342 0.99874088785634341 0.44540504761611838 -10.034521063147055 0.8092430800490934 0.21639656578351354 -0.25571133835077564 1340.7065425000003 -5.9891880482082476 1485.1056705000003 0.046207069784435562 4.5945302028370127 363.50000000000006 0.041191520141783011 6.4830117328085999 0.44444445649574255 1.0009426156737304 1.0026018864159345 1.0068147419623679 0.82651350976781746 0.00075403780674896715 -0.13096479797343388 -0.1934329713155544 -0.0081795559952369864 0.044548929176530548 1.1045854855459376 0.46904493055311808 0.9281377037662818 604.96766750000018 0.12314624191839607
decision_type=2 2 2 2 2 2 2 2 2 2 2 2 2 2 2 2 2 2 2 2 2 2 2 2 2 2 2 2 2 2
left_child=1 2 3 -1 -5 6 -4 8 -7 10 -9 12 -3 14 16 -16 -13 20 -19 21 22 -20 -18 -23 -21 27 -15 -26 -29 -30
right_child=-2 11 5 4 -6 7 -8 9 -10 -11 -12 13 -14 26 15 -17 17 18 19 24 -22 23 -24 -25 25 -27 -28 28 29 -31
leaf_value=0.017151722787810519 -0.050143205036535465 -0.0048589457579946644 0.026987633681912648 -0.0158924138586117 0.024713096839427379 -0.054131226684906421 0.0015116926945736306 0.010150480443189898 0.0046525022534430948 0.014442728455189863 0.06903817307726573 -0.015805132884007353 0.040613672401456288 -0.020605269742373891 0.01592509658245992 0.08365141292093288 0.037445146281895957 -0.035548107910845526 -0.014533385525458856 0.074463630373605802 0.014511322560488503 0.050022857908660137 0.15345942098515392 -0.0049115256365230738 0.03454764770791649 -0.036026314817701112 0.01965598126345737 -0.030241768212400939 0.054132284977360348 0.0017359498028225069
leaf_weight=32.838143035769463 18.749341146321967 905.56364665878937 42.393557228147984 155.06049334816635 14.96009767660871 7.353742863982915 1218.9717451916076 9.7698334418237227 83.198471084237099 118.7865439276211 16.260799709707499 41.542545944452286 12.162665892392395 54.907055530231446 17.959586732555184 10.526958817616103 3.1157408165745437 12.947600657586007 51.814549525734037 5.9215474203228942 7.631831624545157 11.887191668152811 2.8643212467432004 14.914291719440369 42.637945915106684 7.3696013838052741 14.376698112115262 15.000096339732407 13.480276875663547 20.486404989380389
leaf_count=185 6598 7500 192 960 93 45 8235 50 649 613 86 416 85 358 164 63 50 226 480 60 110 55 53 100 376 79 104 202 100 124
internal_value=0.000379177 0.000698475 0.00257819 -0.00754882 -0.0123195 0.00395074 0.00236792 0.0124332 -0.000121323 0.0202834 0.0469364 -0.00182281 -0.0042563 0.00456922 0.00872973 0.0409528 0.00508159 0.00921203 0.00645532 0.00941885 0.0489994 -0.00294675 0.0930135 0.0194534 0.0186865 0.0153494 -0.0122509 0.0194825 0.00636456 0.0225304
internal_weight=2985.45 2966.7 1699.59 202.859 170.021 1496.73 1261.37 235.369 90.5522 144.817 26.0306 1267.11 917.726 349.384 280.1 28.4865 251.614 210.071 196.46 183.512 13.6119 78.616 5.98006 26.8015 104.896 98.9743 69.2838 91.6047 48.9668 33.9667
internal_count=28411 21813 11108 1238 1053 9870 8427 1443 694 749 136 10705 7585 3120 2658 227 2431 2015 1802 1576 213 635 103 155 941 881 462 802 426 224
is_linear=0
shrinkage=0.05


Tree=82
num_leaves=31
num_cat=0
split_feature=0 4 25 13 0 9 29 0 0 34 13 20 13 20 25 19 36 35 34 34 27 13 3 20 39 36 25 38 11 38
split_gain=18.3008 6.03184 9.71711 7.90963 9.13486 8.8416 8.84736 7.53333 10.3275 11.439 8.75098 13.5525 9.99599 9.30903 8.29113 8.70902 7.74342 7.36021 8.82905 9.09932 10.5198 7.18215 7.10075 8.77165 11.1638 9.30661 8.89762 8.83106 9.07201 8.70018
threshold=0.98900000448628966 -0.28783641579789021 0.56206555565854543 0.53796054368699242 0.13814406286223391 0.006827408685573441 0.40370426410001725 0.43000000542490674 0.82000000099560544 -0.64368493604046673 1.0059292965378963 5.3697988381789763 0.99048839132429867 6.2324799327655933 0.16713377861383824 5.1022251899169335 0.19570780295881951 0.14285714392857149 0.62209675064102588 0.89394999473514269 0.80481234369317478 0.99545525258769751 -0.0022674826890746367 -4.3233956477872102 0.93548740312313627 0.056818183747417504 0.07651864974345772 0.02071461721163283 0.99673508807309019 0.53333332207502793
decision_type=2 2 2 2 2 2 2 2 2 2 2 2 2 2 2 2 2 2 2 2 2 2 2 2 2 2 2 2 2 2
left_child=1 2 3 5 -5 -1 -7 17 10 -10 12 16 -9 -13 15 -15 -12 18 -3 20 -20 -14 23 24 -11 26 -25 28 -28 -24
right_child=-2 7 -4 4 -6 6 -8 8 9 22 11 13 21 14 -16 -17 -18 -19 19 -21 -22 -23 29 25 -26 -27 27 -29 -30 -31
leaf_value=-0.0072521060140118086 -0.050136202356494547 -0.024902066615515209 -0.020391088804702476 0.0025062041740918817 0.02427372544728551 0.016318131378623757 0.06339534113263727 0.0076914029455791098 0.051389144589196425 0.040553354153455838 -0.012781185250895683 0.066818169980518274 0.056229372106426034 0.010687447583389867 -0.024875268636985727 0.068853573787555564 0.031119536350214191 0.0012011911332761758 -0.017401999085658943 -0.0059335443887415656 0.042376340330445204 0.021611535723076156 -0.0071264834131681944 -0.0061938517032035867 -0.026635029394262634 -0.027071952950551755 -0.043751155610710968 0.038018281674527817 0.030722893032666732 0.023876516590617819
leaf_weight=16.080310240387917 17.837352998321876 58.464461834169924 35.91283144056797 509.48431711643934 53.233315780758858 23.24007572978735 17.49143523722887 108.43037158250809 10.211672347504644 31.552438825834543 102.26541039720178 9.4216321595013124 21.097772963345051 27.930277165025473 11.349066358059643 8.3619489595293981 11.13855195045471 594.78378824144602 11.374872767366467 661.29948195815086 20.849814272485673 51.69415421038866 406.80917229270563 58.88019506027922 7.6891474635340264 24.898858539760113 8.3173271967098135 32.016802123282105 8.043864965438841 23.96163417166099
leaf_count=105 6598 541 201 2803 237 120 84 561 59 187 518 47 106 184 60 44 48 3315 108 6485 174 283 4568 372 64 106 53 170 74 136
internal_value=0.000357558 0.000661195 0.00489476 0.00636053 0.00456542 0.024141 0.0365346 -0.000539605 0.0028346 -0.00108718 0.00966341 0.00153128 0.0173129 0.0214058 0.012425 0.0240893 -0.00846925 -0.00295499 -0.00624231 -0.00466928 0.0212754 0.0316451 -0.00197708 0.00663052 0.0273882 0.000466914 0.00685977 0.0227472 -0.00713651 -0.00540194
internal_weight=2984.12 2966.29 655.442 619.529 562.718 56.8118 40.7315 2310.84 964.07 612.381 351.689 170.467 181.222 57.0629 47.6413 36.2922 113.404 1346.77 751.989 693.524 32.2247 72.7919 602.169 171.399 39.2416 132.157 107.258 48.378 16.3612 430.771
internal_count=28411 21813 3550 3349 3040 309 204 18263 7640 5789 1851 901 950 335 288 228 566 10623 7308 6767 282 389 5730 1026 251 775 669 297 127 4704
is_linear=0
shrinkage=0.05


Tree=83
num_leaves=31
num_cat=0
split_feature=0 4 25 13 33 0 9 29 23 8 33 0 13 20 16 9 23 32 16 7 29 35 28 16 32 30 27 37 20 38
split_gain=17.3875 5.43692 8.8058 7.05922 8.82114 7.96363 7.83939 7.72063 7.54815 6.92236 10.1468 10.753 6.94072 13.6365 8.05954 6.88447 7.97986 12.7035 8.8206 7.28567 11.8001 8.80464 7.85934 8.87771 6.8404 6.80977 8.02539 6.76929 6.65999 6.49895
threshold=0.98900000448628966 -0.28783641579789021 0.56206555565854543 0.53796054368699242 1.1060648148148149 0.13814406286223391 0.006827408685573441 0.40370426410001725 160.36703400000002 0.42955247849998718 0.51706018518518526 0.82000000099560544 1.0059292965378963 5.3697988381789763 0.049735189533243469 0.22055167285238678 946.40820450000012 0.016666667222410333 0.10367692027714741 0.14221478408978019 0.99999999219414126 0.13671560468376001 0.67260754572929915 0.10025723919825771 0.038158911836602763 6.5000000000000009 0.35447305646947408 0.081580923498472638 6.2324799327655933 0.26683846247161352
decision_type=2 2 2 2 2 2 2 2 2 2 2 2 2 2 2 2 2 2 2 2 2 2 2 2 2 2 2 2 2 2
left_child=1 2 3 6 -5 8 -1 -8 -6 15 -11 12 14 24 -12 19 17 -17 27 -3 21 25 -23 -24 -14 26 -21 -18 -15 -10
right_child=-2 9 -4 4 5 -7 7 -9 29 10 11 -13 13 28 -16 16 18 -19 -20 20 -22 22 23 -25 -26 -27 -28 -29 -30 -31
leaf_value=-0.0069176494264699588 -0.050129542762940252 -0.0027399404277471677 -0.01953182460729708 -0.013890138976083164 -0.0086403840212128449 0.025505212354582307 0.015409379760168269 0.059103042723139147 0.011870940203931065 0.046704750246150235 0.021545050645754679 -0.001942306603732907 -0.012268087223368453 0.059708115161799524 -0.0034470953854429404 -0.0072293846975924727 -0.0151035059082089 0.060607355252732087 0.0026481824592571217 0.026422550672660999 0.056324715419075244 0.046015160145523051 0.036221527787356461 -0.02568345480095684 0.028846132789665226 0.030127910224176997 -0.026476720412682959 -0.04759177569844477 0.014100678727925843 -0.0027939408428402633
leaf_weight=16.01654975861311 16.969613563036546 1061.2593684475869 35.625594049692154 59.418093271553516 89.15825580060482 49.586971201002598 23.376485496759415 17.814879052340984 258.57872063666582 12.933395485393701 140.83853750675917 601.10019215941429 101.91078740730882 9.7213550433516485 41.842189624905586 74.003650907427073 30.251352041959763 7.6111531406640998 25.048147395253181 8.894458241760729 12.588314294815062 18.93567818403244 10.68217706680298 12.649665385484694 11.231626793742178 9.580804266035555 36.976165629923344 34.114763043820858 45.328551858663559 106.73242434859276
leaf_count=105 6598 8985 201 343 678 220 120 84 1259 70 748 5733 520 48 198 521 139 37 117 63 66 90 51 61 47 49 278 174 268 540
internal_value=0.00033805 0.000627007 0.0046425 0.00603004 0.004331 0.0064789 0.0227649 0.0343065 0.00440295 -0.000515093 0.0027153 0.00211767 0.00907304 0.00174411 0.0158207 -0.00283674 -0.0122076 -0.000903133 -0.0225261 -0.00146874 0.0107614 0.00489181 0.0220823 0.00265893 -0.00818669 -0.00821158 -0.0162194 -0.0323227 0.0221546 0.00758632
internal_weight=2980.78 2963.81 656.308 620.682 563.474 504.056 57.2079 41.1914 454.469 2307.5 964.907 951.973 350.873 168.192 182.681 1342.6 171.029 81.6148 89.4143 1171.57 110.307 97.7189 42.2675 23.3318 113.142 55.4514 45.8706 64.3661 55.0499 365.311
internal_count=28411 21813 3550 3349 3040 2697 309 204 2477 18263 7632 7562 1829 883 946 10631 988 558 430 9643 658 592 202 112 567 390 341 313 316 1799
is_linear=0
shrinkage=0.05


Tree=84
num_leaves=31
num_cat=0
split_feature=1 11 33 4 3 21 12 33 4 35 24 33 23 5 26 39 39 5 26 35 23 23 25 6 13 1 10 20 12 25
split_gain=16.5207 5.1842 5.20839 4.86221 7.58841 5.99022 6.26604 8.38568 4.75124 8.18192 13.023 6.60767 11.655 7.71024 7.90128 7.47687 13.1113 8.09922 7.1912 7.41138 6.95055 7.55456 6.6372 6.58192 12.466 6.41071 6.23846 7.23723 6.33605 7.07203
threshold=-0.011060942823237342 1.538257752206216 1.4517303240740744 0.69314718255994534 0.60606228873751122 1.6708485276233858e-07 1.162050397192876 5.8707407407407421 -0.40546510823316434 0.33633567851344354 2822.8082875000005 2.7941608796296298 166.66666550000002 -4.2717553152407808 -0.35215437446884984 0.038461567758602398 0.1311677398856583 -2.7240980715909804 1.8173566176479921 0.78071433511930166 834.27911600000016 8342.3631215000023 0.080479956690121826 -1.0986122829336582 0.62780467036389842 -4.5098600058585259 0.0095943141497707597 -6.8802588673268312 0.79896961116293441 0.0058507372814260057
decision_type=2 2 2 2 2 2 2 2 2 2 2 2 2 2 2 2 2 2 2 2 2 2 2 2 2 2 2 2 2 2
left_child=1 3 -3 8 5 6 7 -5 9 10 -1 13 26 -11 -15 17 -17 -14 19 20 25 -22 -18 -10 -25 -19 -13 -28 -29 -30
right_child=-2 2 -4 4 -6 -7 -8 -9 23 11 -12 12 15 14 -16 16 22 18 -20 -21 21 -23 -24 24 -26 -27 27 28 29 -31
leaf_value=-0.011526255341777359 -0.05012320876911866 0.014631081671452892 -0.018029062432286972 -0.0008141943495392997 -0.016685074647887672 0.071163112914034127 -0.022212512135679419 0.075235043260646645 -0.009455723481008935 0.037062658352761395 0.073308683651044287 -0.035910758375309888 -0.023687122528424618 0.027664612122428531 -0.0090661304895663167 -0.016364026790698129 0.045910529341885643 0.022346931898962634 -0.0088303663884220507 0.048923603982147137 0.0054681956688382308 0.042351271104985287 -0.002732789817064154 0.038965321114555723 0.00011773398335020846 0.069091447287236998 -0.022256913828574643 0.045156411569300399 0.025466077609371109 -0.040260674616985764
leaf_weight=7.8148089945316341 16.14398295013234 15.009877271950243 65.369023839011788 7.3173955157399231 11.079538948833941 7.2944936975836745 6.5025238618254653 7.1832000054419041 180.12266722135246 11.083815738558767 10.742034941911696 17.450848110020161 10.46092915534973 16.034805536270142 168.46738620102406 46.485770434141159 17.47667628526688 19.130111776292328 17.250439196825027 27.05945497751236 70.4564493522048 17.290440827608109 11.712141230702398 20.855078436434269 2109.9607894923538 11.895714238286017 22.516826003789902 11.098448038101198 9.2379680424928683 7.3478444069623938
leaf_count=55 6598 94 620 55 109 40 57 50 1187 60 58 147 48 87 898 216 82 112 80 126 338 82 54 150 16581 57 166 77 68 59
internal_value=0.000319539 0.000594498 -0.0119301 0.000943891 0.0183931 0.0321275 0.0185703 0.0368585 0.00070212 0.004967 0.0375823 0.00378595 0.00824656 -0.00344071 -0.00587392 0.0132427 0.000127682 0.0189616 0.0216973 0.0253084 0.0199283 0.012736 0.0263922 -0.000277875 0.00049795 0.0402694 -0.0101584 -0.00120641 0.0159149 -0.00365218
internal_weight=2977.85 2961.71 80.3789 2881.33 39.3772 28.2976 21.0031 14.5006 2841.95 531.013 18.5568 512.456 316.87 195.586 184.502 249.218 75.6746 173.544 163.083 145.832 118.773 87.7469 29.1888 2310.94 2130.82 31.0258 67.6519 50.2011 27.6843 16.5858
internal_count=28411 21813 714 21099 311 202 162 105 20788 2870 113 2757 1712 1045 985 1195 352 843 795 715 589 420 136 17918 16731 169 517 370 204 127
is_linear=0
shrinkage=0.05


Tree=85
num_leaves=31
num_cat=0
split_feature=0 3 3 24 20 4 34 8 24 34 18 18 11 11 28 20 20 39 24 11 23 39 18 8 16 26 25 18 11 28
split_gain=15.1493 5.48007 5.12234 4.51962 9.22777 8.79187 8.24472 6.26703 5.74607 10.5306 7.6037 7.44253 8.2027 9.61006 7.3964 6.61517 5.94829 5.76675 5.34517 5.25196 5.74693 5.04216 5.56009 10.1805 6.19545 4.77172 7.49424 8.83735 8.7607 7.71788
threshold=0.98900000448628966 0.96954048663044223 0.76416058958282218 196.86478300000002 -14.901917217066002 -0.0010014983370895544 2.6345182737044941 0.98234999091902364 50.751375000000003 2.1190322114017914 0.010111218508436187 0.082440260003948648 0.92118128520031706 0.66154375025188383 0.62561902101488387 0.76913121786954164 -1.0000000180025095e-35 0.02189781128990664 203.49645350000003 1.0056887525195355 13.155784000000002 0.99999996648407141 0.079051104237596634 0.012930488384460795 0.033287127633407194 0.21177117697373551 0.16145527004458632 0.41422343705526127 0.81070125365738432 0.85999116185011182
decision_type=2 2 2 2 2 2 2 2 2 2 2 2 2 2 2 2 2 2 2 2 2 2 2 2 2 2 2 2 2 2
left_child=1 2 3 4 5 -1 7 8 9 10 -6 -12 13 -13 19 -10 -14 -18 -5 20 -11 22 -17 -24 -25 -20 27 29 -29 -27
right_child=-2 -3 -4 18 6 -7 -8 -9 15 14 11 12 16 -15 -16 21 17 -19 25 -21 -22 -23 23 24 -26 26 -28 28 -30 -31
leaf_value=0.082867231376690983 -0.050117273707430125 -0.02351078822981284 0.028911144850378091 0.040376347853902927 -0.017689746185741442 0.0031870204802795388 0.055970496590645125 -0.045322454687311636 -0.017492976549780149 0.0020763585917361166 0.056656239329161619 -0.0080897768909191405 -0.040563606033800326 0.066279633371197438 -0.026068638044433559 -0.015663775363212406 -0.030094874772306931 0.033905558586001347 0.0015738759533290318 -0.038932027525517894 0.058633210234620273 0.051464166075079754 -0.027822548752131818 0.083194696681183525 0.017635391932957815 0.014084849104695235 -0.0010649412818405481 -0.014770147756976673 -0.05629168165918863 -0.028229767221058244
leaf_weight=5.6103674732148638 15.42813560948707 25.521863367408514 14.991190247237681 8.3355866158381087 13.899376325309275 9.0404998660087568 5.1770350779406717 10.677733973599969 152.13814419182017 39.78709926083684 13.068027805536984 6.9445140510797527 8.1503311619162542 11.599497951567171 41.521700724959373 33.598224657122046 5.3384655192494419 10.331031017005442 1843.1454420443624 6.7216758225113145 5.063242455944418 4.7102708299644283 8.9311209321022051 5.2649147883057621 11.420866280794142 32.296536114998162 551.21036442322657 36.582069590687752 19.462423592805862 16.171845986973494
leaf_count=46 6625 241 119 90 254 96 52 442 1407 535 95 59 70 96 506 469 50 92 12736 116 42 77 107 46 119 184 3284 182 116 106
internal_value=-0.000699876 -0.000442016 -0.000241156 -0.000391018 -0.0052646 0.0336996 -0.00671222 -0.00754608 -0.00648036 0.000625124 0.0153777 0.0236692 0.0134937 0.0384292 -0.0103618 -0.0118219 -0.00591893 0.0121011 0.000403998 0.00228415 0.00846117 0.00167497 -0.00228552 0.0152609 0.0383215 0.00027066 -0.00339249 -0.0156682 -0.0291892 -3.37459e-05
internal_weight=2972.14 2956.71 2931.19 2916.2 408.994 14.6509 394.343 389.166 378.489 162.425 69.3312 55.4319 42.3638 18.544 93.0937 216.064 23.8198 15.6695 2507.2 51.572 44.8503 63.9254 59.2151 25.6169 16.6858 2498.87 655.723 104.513 56.0445 48.4684
internal_count=28459 21834 21593 21474 4776 142 4634 4582 4140 1915 716 462 367 155 1199 2225 212 142 16698 693 577 818 741 272 165 16608 3872 588 298 290
is_linear=0
shrinkage=0.05


Tree=86
num_leaves=31
num_cat=0
split_feature=0 3 29 3 29 27 33 24 2 8 35 3 3 17 12 11 35 5 34 3 32 2 15 32 10 0 27 17 0 33
split_gain=14.4235 5.02968 4.55169 7.41535 6.46957 5.7627 5.49371 7.23402 5.08353 5.94231 5.52034 4.95349 5.64942 10.4741 10.1174 9.63335 4.94303 8.7795 4.84479 4.81231 7.6862 4.36936 4.29689 4.94569 4.28194 5.70713 5.1754 7.38107 5.08993 5.48992
threshold=0.98900000448628966 0.96954048663044223 0.99999999829180697 0.76416058958282218 0.99999999932430039 0.75693526477918927 3.8840856481481487 8057.284514500001 -0.41576653687180615 0.0035500000738486093 0.96090638080449631 0.49157958973763521 0.32542200697279361 0.56666833333333344 1.0606157741419906 0.99629460237885736 0.55203676803232093 -1.9459101476727019 1.4391286406112462 0.2513144287809061 0.049999999391650812 0.14310079017906882 0.13343411088745613 0.014285890862585209 0.52472914021701567 0.25150000000000006 0.95738712665980008 0.37348236305241683 0.75050000000000006 3.6856712962962965
decision_type=2 2 2 2 2 2 2 2 2 2 2 2 2 2 2 2 2 2 2 2 2 2 2 2 2 2 2 2 2 2
left_child=1 2 3 8 24 -6 7 -7 9 -1 11 12 19 14 15 -14 -11 -18 -19 -10 -21 -3 23 -8 25 26 -4 -28 -26 -30
right_child=-2 21 4 -5 5 6 22 -9 10 16 -12 -13 13 -15 -16 -17 17 18 -20 20 -22 -23 -24 -25 28 -27 27 -29 29 -31
leaf_value=-0.014656705751060727 -0.050111535140047431 -0.038840265072441933 -0.03443622083645808 0.037032202749187337 0.04347164397886228 0.048015900871698526 -0.019024378813054355 -0.0041557542346088638 9.3710033577075117e-05 0.042243997689068731 -0.028320696980548999 -0.016262779362597939 0.014893385071446778 0.05444392975035816 0.044309734323094936 -0.043745285181429637 0.039103003688966527 -0.024669378013864623 0.017575310681572219 -0.03475594857051785 0.012430337669930203 0.0042396265045683583 -0.044031650736765744 0.033347035776298592 0.032688377741892774 -0.067482692989609697 -0.03653274848533114 0.02046392242736049 0.019809620278985009 -0.033064393312656086
leaf_weight=15.876615926623343 14.67733382550068 15.709899865090849 27.285463587380946 13.625752698630093 7.7520741783082476 9.9529591440223175 16.196881202049557 19.987233948893845 2527.0779126472771 17.384878382086754 17.475289352238178 46.725761599838734 14.972710847854616 13.455398440361021 10.843941599130629 13.160247456282375 17.006077297031876 15.811443462967878 11.890958420932291 24.19399868324399 13.415658041834829 9.4122047871351224 9.8714999482035619 6.2464608252048484 7.7681412994861629 7.0906123891472808 9.5041315937414783 14.1175140440464 7.5619064704515067 13.995351316872982
leaf_count=81 6625 147 153 104 46 50 166 144 18944 85 93 406 97 80 83 105 78 72 59 165 74 94 55 28 33 33 140 78 44 97
internal_value=-0.00066848 -0.000422929 -0.00023194 0.000237459 -0.00850501 0.00281886 -0.00224327 0.0131876 5.57618e-05 0.0126411 -0.000310206 -0.000126452 0.000161644 0.0164088 0.00327855 -0.0125371 0.0196208 0.0108238 -0.0065363 -0.000170513 -0.0179242 -0.0227 -0.0165402 -0.0044483 -0.0175834 -0.0254564 -0.0196028 -0.0024686 -0.00201264 -0.0145171
internal_weight=2970.05 2955.37 2930.25 2772.92 157.33 70.0071 62.255 29.9402 2759.29 77.97 2681.32 2663.85 2617.12 52.4323 38.9769 28.133 62.0934 44.7085 27.7024 2564.69 37.6097 25.1221 32.3148 22.4433 87.3231 57.9977 50.9071 23.6216 29.3254 21.5573
internal_count=28459 21834 21593 20526 1067 489 443 194 20422 375 20047 19954 19548 365 285 202 294 209 131 19183 239 241 249 194 578 404 371 218 174 141
is_linear=0
shrinkage=0.05


Tree=87
num_leaves=31
num_cat=0
split_feature=0 21 25 29 37 30 26 12 38 38 31 16 16 6 36 22 26 4 3 37 16 16 33 15 14 39 0 25 25 19
split_gain=13.7324 4.69775 9.39442 9.6497 7.60344 8.30296 7.00417 8.67467 9.71399 8.29088 8.04793 7.46023 10.8719 6.64576 6.52817 6.36916 5.68978 5.66008 5.59362 6.2567 6.25303 5.53167 7.4567 4.91257 6.26522 8.17237 4.87277 4.73808 7.80227 10.1658
threshold=0.98900000448628966 0.095310219339227398 0.11348062720700448 0.99999998417266667 0.42857141827282746 2.5000000000000004 -0.24506324403587701 1.0200435752762103 0.068965517241379323 0.14285714285714293 105.50000000000001 0.28639181862610646 0.15240928891817682 -0.87546872961580446 0.61538461859354088 17.005000000000003 -0.25895691274042404 -0.48842885880581283 -0.057987365332837208 0.53554945054945058 0.25321085152720857 0.12655418688152278 7.6323032407407414 0.052922295501891724 0.083592444636140698 0.11506933918028188 0.074066323675068033 0.19101567034600428 0.26804250909672689 -1.4667155611391223
decision_type=2 2 2 2 2 2 2 2 2 2 2 2 2 2 2 2 2 2 2 2 2 2 2 2 2 2 2 2 2 2
left_child=1 -1 3 6 5 -5 16 8 17 -10 13 12 15 -11 -7 -9 18 -8 20 23 -3 22 -19 -20 25 -25 -15 -4 29 -29
right_child=-2 2 27 4 -6 14 7 11 9 10 -12 -13 -14 26 -16 -17 -18 21 19 -21 -22 -23 -24 24 -26 -27 -28 28 -30 -31
leaf_value=-0.0013521330370902919 -0.05010608299477344 0.048421628100267899 -0.017612088626353724 -0.054213065219764191 0.025001616111246235 0.022165867009006732 0.010878100583671347 0.021434376306460255 -0.042562678452124664 0.038962537573164494 -0.027902023614360394 0.072200108523206699 -0.0049330798830410855 -0.019670415405594957 -0.032086237795775137 0.075770467199546193 -0.025479379974605306 0.07765223054531456 -0.037875428822772138 0.026791040395742673 0.00018741529065432734 0.0060649413294730009 0.023928675571509586 -0.0053088878273327821 -0.033587201234029106 0.037457491140343684 0.024137339387559641 0.046726843555239435 -0.0088885825787865368 -0.012573827076592842
leaf_weight=2408.8779979478568 13.962992967339231 14.547183871269228 59.445861622691154 14.030416689813135 10.073611848056315 11.046316698193552 44.804718144237995 10.822908770292999 11.025511994957922 17.747983895242211 14.231927663087843 10.653425008058546 17.026225291192532 14.708302088081842 11.133859254419802 10.750084005296229 16.206312589347363 12.436054393649103 10.278570860624312 18.320591613650322 12.486800298094748 10.065578572452067 13.438297204673288 41.974290855228901 12.057242579758165 15.221790254116057 11.166994534432886 17.142376080155376 69.884746477007866 12.494822856038807
leaf_count=18847 6625 63 314 74 61 51 251 82 56 91 81 58 103 106 52 54 94 68 56 121 59 57 81 233 64 77 56 81 372 71
internal_value=-0.000637357 -0.000403536 0.00378751 0.00799803 -0.0134207 -0.0241096 0.010914 0.0169589 0.0109677 -0.00282583 0.00474685 0.0351597 0.0249365 0.0153984 -0.00506725 0.0485107 0.00239345 0.0227345 0.00601046 0.000448498 0.0261426 0.0375152 0.04975 -0.00561965 -0.000832245 0.00607268 -0.000764315 -0.00644307 0.000228342 0.0217261
internal_weight=2968.06 2954.1 545.223 386.255 46.2842 36.2106 339.971 198.878 149.625 68.8807 57.8552 49.2526 38.5992 43.6233 22.1802 21.573 141.093 80.7446 124.886 97.8525 27.034 35.9399 25.8744 79.5319 69.2533 57.1961 25.8753 158.968 99.5219 29.6372
internal_count=28459 21834 2987 2149 238 177 1911 1144 847 390 334 297 239 253 103 136 767 457 673 551 122 206 149 430 374 310 162 838 524 152
is_linear=0
shrinkage=0.05


Tree=88
num_leaves=31
num_cat=0
split_feature=0 3 24 7 3 6 25 16 33 4 4 27 23 15 21 5 6 35 35 37 9 3 9 13 13 5 28 36 30 22
split_gain=13.074 4.63838 4.56756 7.10956 7.29815 6.01483 5.95293 6.16757 6.11992 5.85313 6.20095 5.94404 8.15466 6.52655 7.516 6.30479 5.88568 7.08147 16.6796 9.12127 6.92222 4.92563 4.97635 5.68736 5.0714 7.91166 6.4148 6.20571 4.65655 4.61561
threshold=0.98900000448628966 0.96954048663044223 196.86478300000002 0.96659999902568206 0.032789824673385759 -0.0091232401781354989 0.50793349853131908 0.027636598361653136 13.936597222222224 0.69314718255994534 0.37614163136467588 0.97997356014928572 924.75945000000013 0.12492626168161478 0.16279048923454639 1.069141020851385 0.88044794081061506 0.17647059811764712 0.29411749341124127 0.48821640181789488 0.0047656958725817008 -0.34830662326820666 0.0031150755693496578 0.91644361842916711 0.978096199294615 -0.18931148782168231 0.84399187775973039 0.083333356250010315 2.5000000000000004 1458.8330305000002
decision_type=2 2 2 2 2 2 2 2 2 2 2 2 2 2 2 2 2 2 2 2 2 2 2 2 2 2 2 2 2 2
left_child=1 2 3 4 6 -5 8 -8 21 10 -4 13 -13 -11 15 28 17 19 -19 -12 -20 -1 -23 -24 25 26 -25 -27 -15 -30
right_child=-2 -3 9 5 -6 -7 7 -9 -10 11 16 12 -14 14 -16 -17 -18 18 20 -21 -22 22 23 24 -26 27 -28 -29 29 -31
leaf_value=-0.044238559853139535 -0.050100898567965506 -0.021935370356428015 0.00073410583165380277 0.0021023059517100676 -0.033095291939001022 -0.042280421976627805 0.053543495082190543 -0.0048333048730510178 0.052865636648893023 0.065859102644345455 0.035576773310824775 0.019126049296269973 -0.047033765823123318 0.020304988330813702 0.054370967697854336 0.039396693825428181 0.024615695362836486 0.063407642066509687 0.011442412597975064 -0.03049973428489863 -0.039360716151356889 0.027171827551167711 -0.016212201864516051 0.012355954094176657 -0.0040269464278908243 0.020462632849534489 0.083865638524927066 -0.022331855927911544 -0.053315205825858927 0.0019837288744588839
leaf_weight=7.3691901639103881 13.283349234377964 24.759669777005911 2338.8976033013314 11.622117809485642 19.266793619841337 22.244373977184296 9.7190981535241026 8.4654397033154947 4.8313077073544255 7.8038471117615691 5.7215112000703803 10.976391825824978 8.0905806533992273 8.6250714026391524 9.9053694941103441 9.3937839604914171 10.336403999477623 8.6412540227174741 12.243010357022287 59.915407430380583 14.823317065834997 13.198547584936021 74.592130433768034 6.2360856235027295 189.42848668061197 19.585848972201347 6.3088355138897896 14.928315266966818 7.5696826428174955 7.5241638235747814
leaf_count=68 6625 241 15395 123 219 759 91 79 40 53 38 120 57 77 59 66 79 47 90 544 79 205 694 50 2101 182 52 124 50 52
internal_value=-0.000607746 -0.000385115 -0.000202898 -0.00511227 -0.00312545 -0.0270494 -0.00149736 0.0263674 -0.00300327 0.000591409 0.000184503 0.0148591 -0.00894717 0.0237906 0.016159 0.00472818 -0.0113256 -0.0149914 0.00292808 -0.0247399 -0.0163808 -0.00381715 -0.00289857 -0.00417441 -0.000377483 0.0143128 0.0483181 0.00195285 -0.00900215 -0.0257491
internal_weight=2966.31 2953.02 2928.26 407.797 373.93 33.8665 354.663 18.1845 336.479 2520.47 2450.58 69.8889 19.067 50.8219 43.0181 33.1127 111.681 101.345 35.7076 65.6369 27.0663 331.647 324.278 311.08 236.488 47.0591 12.5449 34.5142 23.7189 15.0938
internal_count=28459 21834 21593 4787 3905 882 3686 170 3516 16806 16272 534 177 357 304 245 877 798 216 582 169 3476 3408 3203 2509 408 102 306 179 102
is_linear=0
shrinkage=0.05


Tree=89
num_leaves=31
num_cat=0
split_feature=0 3 21 25 29 37 33 26 12 23 24 5 28 15 30 5 11 21 36 12 18 35 39 29 29 12 33 24 33 20
split_gain=12.446 4.25323 4.30826 7.6103 8.60897 7.03792 7.01923 7.56661 7.2861 7.96551 7.69362 7.0546 7.03757 8.32821 6.92653 6.56894 5.45355 11.9749 5.34856 5.24245 5.05718 8.01361 7.35083 7.11279 7.44218 7.06839 4.46611 4.23048 7.5749 7.72441
threshold=0.98900000448628966 0.96954048663044223 0.095310219339227398 0.11348062720700448 0.99999998417266667 0.4000000002800001 13.460520833333335 -0.24506324403587701 1.0200435752762103 6627.2663680000014 814.24852400000009 -0.33647167203755907 0.85037336346962045 0.10747222693053596 2.5000000000000004 -0.55961578793542255 0.90827307337429775 0.31015492830383962 0.61538461859354088 0.89548802519822179 0.9698515981753274 0.76496164715000869 1.0000000180025095e-35 -0.9999991416158267 -0.20568810670492801 0.66430060398141721 0.97693287037037047 196.86478300000002 13.936597222222224 -12.421451932899366
decision_type=2 2 2 2 2 2 2 2 2 2 2 2 2 2 2 2 2 2 2 2 2 2 2 2 2 2 2 2 2 2
left_child=1 2 27 4 6 14 7 20 10 16 12 26 15 -14 -6 -9 -10 -18 -16 -13 21 22 -4 -24 -25 -26 -12 28 29 -1
right_child=-2 -3 3 -5 5 -7 -8 8 9 -11 11 19 13 -15 18 -17 17 -19 -20 -21 -22 -23 23 24 25 -27 -28 -29 -30 -31
leaf_value=0.025378527269184537 -0.050095972029118654 -0.021160852357955725 -0.030626731575986978 -0.0055785246161429245 -0.05222121277175789 0.022479427022791439 -0.030639573525471853 0.044061445662683892 0.046647150867256709 0.070996879828636408 -0.019960776120348619 0.011100813184090265 0.080868321720908215 0.014284199895824724 0.018704851943608006 -0.019147936200898823 0.038386652257396132 -0.03785828862605705 -0.030794132223367965 -0.033306985293230035 -0.03008401925702921 0.04373572543615184 -0.036043324518934543 0.054984063540030638 0.048239568184149921 0.00063348392794758488 0.017532642147576237 -0.00018681496548733861 0.053590114194752583 -0.0083641222104672338
leaf_weight=17.803970750421286 12.6367247516755 24.39215100184083 15.563416890799997 152.58264891244471 13.178928256034849 10.857718542218207 10.105427868664263 7.3400315567851093 14.868993557989596 11.617976374924181 8.9481379017233831 10.929267745465042 11.224103927612306 8.0747843906283361 10.795487597584726 9.3411825783550722 12.585693221539261 8.7163549363613111 11.036708168685434 16.957642294466496 10.876348562538622 12.325081981718538 8.9484181106090528 8.5794400274753553 8.7758779078721982 69.913965400308371 70.675283834338188 2010.8368172617629 5.2713196212425819 358.14687234489247
leaf_count=169 6625 241 93 794 71 63 64 47 88 57 54 62 71 56 49 71 80 55 52 93 59 60 50 43 44 375 345 14121 51 4356
internal_value=-0.000580593 -0.000368579 -0.000195299 0.00386167 0.00763004 -0.0126901 0.010401 0.0116722 0.0180687 0.0349782 0.012437 0.00573925 0.0324503 0.0530091 -0.023597 0.00866532 0.0234091 0.00718881 -0.00631809 -0.015903 0.0026079 0.00547294 0.00125405 0.00641083 0.010764 0.00594275 0.0133191 -0.00110236 -0.00593159 -0.00676617
internal_weight=2963.91 2951.27 2926.88 534.819 382.236 45.8688 336.367 326.262 191.279 47.789 143.49 107.51 35.9801 19.2989 35.0111 16.6812 36.171 21.302 21.8322 27.8869 134.983 124.106 111.781 96.2177 87.2693 78.6898 79.6234 2392.06 381.222 375.951
internal_count=28459 21834 21593 2896 2102 235 1867 1803 1079 280 799 554 245 127 172 118 223 135 101 155 724 665 605 512 462 419 399 18697 4576 4525
is_linear=0
shrinkage=0.05


Tree=90
num_leaves=31
num_cat=0
split_feature=0 10 3 10 25 21 28 39 19 28 30 33 27 35 19 2 18 16 39 13 35 25 39 33 31 33 26 23 5 13
split_gain=12.2915 4.71315 4.51781 12.6701 6.31075 8.11547 4.2884 9.72458 8.24233 7.58333 12.7347 10.7339 10.3059 9.36596 7.82047 8.72114 7.51956 7.4586 8.40576 7.01538 8.51326 10.2356 6.64119 14.0571 11.6464 10.7272 9.93708 10.4407 7.67716 6.92272
threshold=0.98900000448628966 0.00107878007526441 0.60606228873751122 0.10484006665867383 0.46904493055311808 1.2013520425813056 0.7877124577522211 0.98587984472752488 4.8809625438015809 0.95013874628484707 9.5000000000000018 5.8707407407407421 0.49999774355172805 0.68051023139717703 -5.0681751278983205 0.014388605789418295 0.017102615900860502 0.00143499832247289 0.23076923076923092 0.98496547134878398 0.020197246866722151 0.015166088912700436 0.12820513119312854 5.1739351851851856 13.500000000000002 4.7276041666666675 -0.18579708697956868 249.19371350000003 0.2602092787785702 1.0387386790277315
decision_type=2 2 2 2 2 2 2 2 2 2 2 2 2 2 2 2 2 2 2 2 2 2 2 2 2 2 2 2 2 2
left_child=1 -1 6 4 5 -4 7 16 -9 12 11 14 19 -13 -11 22 -3 18 -18 -8 -21 -22 28 25 -25 26 29 -28 -16 -24
right_child=-2 2 3 -5 -6 -7 9 8 -10 10 -12 13 -14 -15 15 -17 17 -19 -20 20 21 -23 23 24 -26 -27 27 -29 -30 -31
leaf_value=-0.026560127935368012 -0.050091175013463156 -0.013769665464841549 -0.035615484850278815 0.036066807611851673 0.016843338151190105 0.029382932823748723 -0.027615150000558343 0.0091730690659863837 0.063901050780569096 -0.019764090536150219 -0.024861812943596965 -0.0059928562427444664 0.0081141144629489556 0.044639819930424617 0.020163673081836114 -0.026181406424363882 0.0053254969943936168 -0.00096186891014105188 0.05844476204628575 -0.02708261202664633 0.042594897379423895 -0.019980676843023501 -0.023910179635237408 0.072565394881428852 -0.0050134235303388244 -0.050469682995603775 -0.0037297819999898398 0.038492125490047692 0.068392035183101385 0.02546443552995525
leaf_weight=15.781839823350309 11.963715612888334 113.37926230719313 43.419776514172554 11.547481715679167 9.1396840773522836 5.3994752094149581 34.99690405279398 21.649675731081519 10.084245925303547 21.452274939976633 51.462417865172029 335.36049029417336 732.13475603656843 9.3890628293156606 68.617618642747402 14.128987912088631 22.516932457685471 1248.6982250288129 11.128236725926397 15.618432073853908 17.359794177114967 10.480186164379118 33.150949121918529 13.586381125263872 7.5129901892505577 9.4740898725576681 27.841755574569106 30.882558496203274 9.3794642649590951 9.0337552987039071
leaf_count=959 6598 1625 448 68 92 36 204 325 93 127 298 3231 4491 57 466 76 230 7519 99 167 97 56 285 133 47 95 260 181 89 56
internal_value=0.000487102 0.000691212 0.000837058 -0.0117592 -0.0212879 -0.0284266 0.00114113 -0.000804921 0.0265643 0.00305447 -0.00100825 0.00107304 0.00626856 -0.0046139 0.00907338 0.01184 -0.0014272 -0.000335934 0.0228948 -0.0109539 0.00246326 0.0190387 0.0144044 0.00754752 0.0449414 0.000399804 0.00517581 0.0184743 0.0259633 -0.0133367
internal_weight=2976.57 2964.61 2948.83 69.5064 57.9589 48.8193 2879.32 1427.46 31.7339 1451.86 641.273 589.81 810.59 344.75 245.061 223.609 1395.72 1282.34 33.6452 78.4553 43.4584 27.84 209.48 131.482 21.0994 110.383 100.909 58.7243 77.9971 42.1847
internal_count=28508 21910 20951 644 576 484 20307 9891 418 10416 5401 5103 5015 3288 1815 1688 9473 7848 329 524 320 153 1612 1057 180 877 782 441 555 341
is_linear=0
shrinkage=0.05


Tree=91
num_leaves=31
num_cat=0
split_feature=0 10 26 6 27 27 33 20 33 5 11 33 17 5 16 6 17 38 35 24 7 2 3 21 33 33 31 24 31 32
split_gain=11.6761 4.35869 4.31792 11.477 6.15713 10.7808 5.97363 7.66466 6.78874 8.36215 7.89403 6.69082 6.70457 5.92159 5.90719 6.93795 10.0846 8.00763 6.68512 9.48445 8.06825 6.46266 6.37441 5.88491 5.65317 5.72335 5.46545 5.43964 5.41248 7.81392
threshold=0.98900000448628966 0.00107878007526441 -0.31793754321445672 0.23786574921475959 0.77059454240843273 0.8545164248276792 10.974328703703707 0.28114417019335647 10.22715277777778 0.13993745041804054 1.0327954347500776 9.3072280092592603 0.77213834614828725 0.12303526552438061 0.1737900068040458 1.0986122891681098 0.18889099566005146 1.6000000137913479 0.50000000100000008 54684.766199000005 0.017000000031829499 -0.0072084159417268217 -0.63668302111557729 -0.20397392831243435 0.58073495370370376 0.99418981481481483 300.50000000000006 36004.990672000007 90.500000000000014 0.0052550976437548318
decision_type=2 2 2 2 2 2 2 2 2 2 2 2 2 2 2 2 2 2 2 2 2 2 2 2 2 2 2 2 2 2
left_child=1 -1 3 6 -5 -6 8 -8 9 11 -11 12 23 -9 15 21 17 -17 24 -20 -21 22 -4 -3 -16 -26 28 -14 -23 -30
right_child=-2 2 14 4 5 -7 7 13 -10 10 -12 -13 27 -15 18 16 -18 -19 19 20 -22 26 -24 -25 25 -27 -28 -29 29 -31
leaf_value=-0.025880203345390915 -0.050086721432187578 -0.03201828194891939 -0.023619662615935844 -0.038040739280597161 0.049448084885420893 -0.022275047528792245 0.038957139812687953 -0.046028463284842502 -0.032586273806409626 0.065968047843633137 0.0070816037863270318 0.045554880716496111 0.032492138896906123 0.028239753240000179 -0.049785975559193535 -0.027296567885586587 0.074607970550754563 0.037377533268468828 0.003936539932873395 -0.0074481860111397739 -0.060373163661520617 0.00071321203176024544 0.011301209540604516 0.0018620601854983602 0.023129094579129893 -0.0095074515189031671 0.028180120088743116 -0.0080702718962392516 -0.023165572410695359 -0.00049122120821633959
leaf_weight=15.396560122258959 11.381225044489836 14.010231204330919 13.938369795680044 20.031219239812344 7.4729662910103825 17.528645826969296 32.553122099023312 5.4946906142868084 10.505197346210478 11.688148841261865 11.092448625713585 9.919713417068122 30.305493108928204 5.2467836439609528 8.3282234854996187 8.9772724262438768 7.7934958562254897 10.251658357679842 290.32186752930284 22.656736381351948 10.556217476725577 1533.8841250496916 209.28097756206989 150.48130175471306 14.06108760088682 300.86593562178314 17.12638453906402 11.365021012723444 60.252420315518975 102.86345972307026
leaf_count=959 6598 79 65 130 43 131 209 69 64 63 72 53 156 39 66 90 48 90 1529 129 53 12589 956 901 94 2122 110 68 441 492
internal_value=0.00045989 0.000653964 0.000792504 0.00611279 -0.0173858 -0.000837048 0.00972858 0.0268725 0.00675211 0.00848221 0.0372948 0.00544463 0.00351468 -0.00975139 0.000104444 0.00146907 0.0266294 0.0071836 -0.00404007 0.001041 -0.0242696 0.00111813 0.00912066 -0.00102363 -0.00912553 -0.00805027 7.6014e-05 0.0214293 -0.000207617 -0.00886677
internal_weight=2975.63 2964.25 2948.85 337.695 45.0328 25.0016 292.662 43.2946 249.368 238.862 22.7806 216.082 206.162 10.7415 2611.16 1964.37 27.0224 19.2289 646.79 323.535 33.213 1937.35 223.219 164.492 323.255 314.927 1714.13 41.6705 1697 163.116
internal_count=28508 21910 20951 2077 304 174 1773 317 1456 1392 135 1257 1204 108 18874 14881 228 180 3993 1711 182 14653 1021 980 2282 2216 13632 224 13522 933
is_linear=0
shrinkage=0.05


Tree=92
num_leaves=31
num_cat=0
split_feature=0 10 3 10 25 21 26 23 30 39 2 23 21 4 19 21 0 9 17 23 13 17 20 26 16 24 24 39 24 24
split_gain=11.0927 4.02899 3.99718 11.422 5.85264 7.39606 4.17886 3.97361 6.99853 10.3326 5.68527 5.79168 8.59507 7.7546 8.26927 8.63057 5.54481 10.8099 7.94716 5.57491 8.8127 7.26506 7.59304 7.63742 7.1328 9.83663 5.96295 5.84335 10.3065 5.77868
threshold=0.98900000448628966 0.00107878007526441 0.60606228873751122 0.10484006665867383 0.46904493055311808 1.2013520425813056 -0.24297253312703676 701.13515150000012 9.5000000000000018 0.10041311881660912 -0.86861838170409811 834.27911600000016 -0.092373320131015235 0.054066964841312612 -4.6730968576596998 -1.1069469918467688e-07 0.97700000602068415 0.97908695631300202 0.019176131229196158 1.0025000000000002 1.2230971702762468 0.48845773549972321 -2.5666428894527797 -0.23744351373730552 0.11806064807321469 1918.1977830000003 692.2474605000001 0.96629206806135592 67.098955500000017 70.997429499999996
decision_type=2 2 2 2 2 2 2 2 2 2 2 2 2 2 2 2 2 2 2 2 2 2 2 2 2 2 2 2 2 2
left_child=1 -1 7 4 5 6 -4 8 16 -10 -9 12 -12 14 -14 -16 17 19 -19 20 21 24 23 -23 25 26 27 -3 -29 -25
right_child=-2 2 3 -5 -6 -7 -8 10 9 -11 11 -13 13 -15 15 -17 -18 18 -20 -21 -22 22 -24 29 -26 -27 -28 28 -30 -31
leaf_value=-0.025202339847960355 -0.05008248435324987 0.0052375527170692784 -0.0051560353153071413 0.033838174647569316 0.016046634590703109 0.026975194013687864 -0.043022991558923945 0.029656910036940466 0.012884917948472893 -0.058156059879859091 -0.025606587959622937 0.0017618541261281919 0.060702829998377873 0.062538848059723526 0.049287647819346705 -0.006613666610127915 -0.020160583994182593 0.078219822808449663 0.011043984990984209 -0.0020923954340294295 -0.042914455606756975 0.05647320901775086 0.069571020601840658 0.03805761134296335 -0.039534698736265361 0.07084553774178888 -0.023118225862494263 -0.0032734495159917141 0.11844385179201594 -0.016465622805653082
leaf_weight=15.029601244255899 10.827048617764374 157.23193998076022 9.3678570408374053 11.688038613647221 9.214622173458336 5.5134179666638365 32.781184831634164 19.44071090221405 8.5988120064139384 12.64563511777669 10.269136652350424 1432.1383858630434 8.3311397433280927 10.667814350686966 8.898443701677019 30.813920680899177 34.846234561642632 7.396765653043988 10.877183947712181 1039.8856580685824 8.773749712854622 8.5294798761606199 8.497352719306944 7.1266702488064828 8.9035496525466424 5.717105906456708 17.955057695508003 3.8391214758157721 3.179590005427599 15.27701575309038
leaf_count=959 6598 1693 98 68 92 36 350 88 47 85 64 7949 38 65 67 188 1269 58 69 7750 141 63 69 53 102 48 162 63 50 126
internal_value=0.000435101 0.00061967 0.000751298 -0.0111799 -0.020431 -0.0274833 -0.0346069 0.00103537 -0.000929015 -0.0294018 0.00279139 0.00244346 0.0165947 0.0239761 0.0154134 0.00591227 -0.000476943 4.93811e-05 0.0382348 -0.000493688 0.00629107 0.00811839 0.0277079 0.016208 0.004194 0.00626581 0.00423948 0.00723009 0.0518665 0.000878358
internal_weight=2974.26 2963.44 2948.41 68.5651 56.8771 47.6625 42.149 2879.84 1359.28 21.2444 1520.56 1501.12 68.9805 58.7113 48.0435 39.7124 1338.04 1303.19 18.2739 1284.92 245.031 236.257 39.4305 30.9332 196.826 187.923 182.206 164.251 7.01871 22.4037
internal_count=28508 21910 20951 644 576 484 448 20307 11848 132 8459 8371 422 358 293 255 11716 10447 127 10320 2570 2429 311 242 2118 2016 1968 1806 113 179
is_linear=0
shrinkage=0.05


Tree=93
num_leaves=31
num_cat=0
split_feature=0 26 6 23 18 7 28 33 33 17 35 18 28 29 22 10 4 4 4 33 17 20 29 6 24 5 11 28 29 20
split_gain=10.5388 3.83018 10.2039 5.73925 5.82301 5.59026 5.84097 7.03879 12.6579 10.4651 9.92942 7.9998 7.26337 5.89333 5.42937 7.82008 5.63819 11.6234 5.35397 5.14411 6.68832 6.75567 6.13697 6.58557 4.92869 4.55661 5.82724 4.93602 7.328 4.22762
threshold=0.98900000448628966 -0.31793754321445672 0.23786574921475959 9159.326839000003 0.058691429509544049 0.97421521255036281 0.59420615330543802 11.05722800925926 4.0101215277777795 0.07667526662930034 0.012500000658335205 0.030071553896174063 0.74631016142968376 -0.96589526552003446 368.01005200000003 0.0059985999452499376 -0.037782366998572993 0.038675815951869731 -0.037782366998572993 5.3001157407407415 0.55495331240406476 -2.0425724691077485 -1.0000000180025095e-35 -0.26712468398690925 11452.022138500002 0.029432077547497378 0.94338355338225999 0.85796517522962323 0.038439663260124823 9.8963787421274301
decision_type=2 2 2 2 2 2 2 2 2 2 2 2 2 2 2 2 2 2 2 2 2 2 2 2 2 2 2 2 2 2
left_child=1 2 5 4 -4 6 19 8 11 10 -10 -8 -9 -13 15 -11 -17 -18 -6 22 21 -21 -1 -24 -14 26 27 28 -15 -3
right_child=-2 29 3 -5 18 -7 7 12 9 14 -12 13 24 25 -16 16 17 -19 -20 20 -22 -23 23 -25 -26 -27 -28 -29 -30 -31
leaf_value=0.01418532875169843 -0.050078456892822601 -0.00045206633047214004 0.021270916590747799 -0.057065192802143061 0.0073023584144904959 -0.032170742413275978 -0.023252119725919056 0.068777804969475859 -0.0076286249678775495 -0.054180735763386834 0.054417916700718952 -0.011008487687977998 0.040056072452526438 0.027143998332783532 0.025018281762262035 -0.019802070970321859 0.051179657957519512 -0.020111015297267443 -0.03950520586488418 0.028034033200813314 0.03369411112455685 -0.028478177251116663 -0.055619044726185909 -0.00089922883457875654 -0.0087941957967625876 0.065773666723150589 -0.0038296531084242879 0.012702074580142456 0.079122610805797661 0.010219702218279709
leaf_weight=10.868692860007284 10.299814969068391 2527.4889818306547 11.274217180907725 7.355563868302851 9.8378246724605543 8.0360064289998245 7.404582316055893 11.019920375198128 11.617660896852614 10.570794910192488 14.49073565751314 7.2926708683371535 11.778872642666103 15.012664429843428 9.8917962722480279 36.28841345012188 10.347580306231977 12.777860835194586 16.118815818801526 8.358935974538328 17.057542495429516 14.396596707403658 12.539889879524706 9.7921689711511153 9.1935230270028097 10.944697856903074 10.07183371670544 12.500949859619139 12.366054907441137 96.340699805412441
leaf_count=62 6598 18907 90 44 54 184 44 63 93 72 66 48 82 91 58 171 53 72 116 43 88 89 75 52 48 58 60 65 63 899
internal_value=0.000410631 0.000586137 0.00558586 -0.0167062 -0.00873267 0.00895944 0.0101128 0.0142864 0.0104763 -0.000672782 0.0268086 0.0261077 0.0359115 0.0314677 -0.00965533 -0.0145562 -0.00750626 0.0117883 -0.0217647 -0.00209551 0.010024 -0.00771918 -0.0166287 -0.0316255 0.0186419 0.0365545 0.0301523 0.0387347 0.050621 -6.02247e-05
internal_weight=2973.34 2963.04 339.207 44.5864 37.2309 294.62 286.584 213.571 181.578 105.985 26.1084 75.5935 31.9923 68.1889 79.8764 69.9846 59.4139 23.1254 25.9566 73.0138 39.8131 22.7555 33.2008 22.3321 20.9724 60.8962 49.9515 39.8797 27.3787 2623.83
internal_count=28508 21910 2104 304 260 1800 1616 1207 1014 585 159 429 193 385 426 368 296 125 170 409 220 132 189 127 130 337 279 219 154 19806
is_linear=0
shrinkage=0.05


Tree=94
num_leaves=31
num_cat=0
split_feature=0 25 10 28 39 16 15 13 18 39 29 38 6 5 5 33 4 6 6 5 21 20 0 0 22 3 28 13 4 39
split_gain=10.0135 3.73959 3.66244 3.96099 7.91059 7.48158 10.2078 6.57733 6.13835 6.53582 8.76918 6.79657 5.74699 6.42292 6.07367 5.76305 11.4751 8.9858 8.55905 7.85654 6.61215 6.75614 8.33219 10.0346 8.18236 6.64966 6.62309 6.52563 9.38803 9.98174
threshold=0.98900000448628966 0.99999991459839432 0.00107878007526441 0.7877124577522211 0.98587984472752488 0.0031056614151201271 0.0069642991478439005 1.0607041758772902 0.017102615900860502 0.88351449954679218 -0.69693157814642792 0.45926585340938586 0.35667494757509643 0.98106290759768877 -0.31648745705646941 5.8707407407407421 -0.60525452975660565 -1.0498221227254581 0.30833648871035269 -0.62548777586234827 -0.08701212024872447 -7.8113346588494226 0.93999997518399347 0.90004175494173866 5480.0774760000013 -0.38946455402359698 0.95013874628484707 0.9976736351694161 -0.020444622868171714 0.054092580757300897
decision_type=2 2 2 2 2 2 2 2 2 2 2 2 2 2 2 2 2 2 2 2 2 2 2 2 2 2 2 2 2 2
left_child=1 2 -1 4 8 -6 -7 -8 -4 -10 -11 -12 13 15 -14 18 17 -17 -5 -19 25 -22 23 27 -24 -18 -25 -23 -29 -30
right_child=-2 -3 3 12 5 6 7 -9 9 10 11 -13 14 -15 -16 16 20 19 -20 -21 21 22 24 26 -26 -27 -28 28 29 -31
leaf_value=-0.024350476313877566 -0.050074621689579248 -0.034079249063341609 -0.012709521053836029 0.0059498781930451151 -0.040199282701439021 0.087406331563758377 -0.0089159736492445997 0.045166211873088474 -0.0015363761080246312 -0.026613859399261943 0.014167164726149621 0.060409206696445505 -0.040545300142029873 0.046146047399074942 -0.0035498637703408804 0.044210724382297867 0.018621448548999955 -0.021364411659760552 0.047433216865872783 0.029139604659526714 -0.014331062387908095 0.0089760482333930049 -0.016323843120058044 0.070544288239405117 0.069245103079878675 -0.024621980962118581 0.013271047345523724 -0.017346285674071288 0.048814629465734304 5.6679570872116415e-05
leaf_weight=14.581285668537019 9.7982181779807416 7.773342532105743 115.14418823458254 632.40770016727038 4.0965963001362971 6.4598165131174055 12.13558282563463 10.474012043792753 1235.7760957926512 11.425301507115362 53.901454761624336 9.3201043009757978 11.974200151860712 8.8463609479367715 150.95289345551282 24.878463953733444 10.723376668989657 15.448965258896353 12.683590888977049 15.353373870253561 72.259730762336403 211.14067936688662 73.332334540318698 9.2099995166063326 2.9043903751298776 51.995500830933452 11.169355846941469 75.210423342883587 12.091914068907498 79.570098623633385
leaf_count=949 6598 104 1668 3978 155 109 94 67 7671 58 325 49 81 68 1165 118 54 94 73 96 592 1359 1334 52 27 337 95 424 97 617
internal_value=0.000388307 0.000555167 0.000646261 0.000770198 -0.00107946 0.0230603 0.0319752 0.0161379 -0.00164108 -0.000668515 0.0136989 0.0209842 0.00259063 0.00368479 -0.00626881 0.00339813 0.000132984 0.0218608 0.00676551 0.00380923 -0.00185161 -8.81491e-05 0.00208026 0.00497826 -0.0130639 -0.0172284 0.0391544 0.00313576 -0.00425384 0.00648875
internal_weight=2973.04 2963.24 2955.47 2940.89 1458.73 33.166 29.0694 22.6096 1425.57 1310.42 74.6469 63.2216 1482.15 1319.23 162.927 1310.38 665.289 55.6808 645.091 30.8023 609.608 546.889 474.629 398.392 76.2367 62.7189 20.3794 378.013 166.872 91.662
internal_count=28508 21910 21806 20857 10196 425 270 161 9771 8103 432 374 10661 9415 1246 9347 5296 308 4051 190 4988 4597 4005 2644 1361 391 147 2497 1138 714
is_linear=0
shrinkage=0.05


Tree=95
num_leaves=31
num_cat=0
split_feature=0 26 33 9 13 7 4 12 33 30 23 25 29 29 0 16 29 0 8 9 29 25 16 25 33 29 5 4 13 5
split_gain=9.16061 6.70638 6.98068 11.4406 9.94391 6.95394 7.06174 6.3089 5.85865 7.52559 14.0133 9.55372 8.08308 8.32046 7.66303 9.53674 10.0128 7.28598 7.2731 10.4184 8.13693 7.79981 11.6665 12.1192 9.28532 8.95286 8.73257 8.47376 7.76365 10.14
threshold=0.98900000448628966 -0.30219559796903211 11.05722800925926 0.0029173334093252749 0.98833864210607769 0.00320000000026946 0.63979172582915622 0.46466417999669063 9.5289756944444459 8.5000000000000018 6822.5231115000006 0.022350259879906419 0.038439663260124823 0.44565103516561444 0.94500000830525488 0.0016849807877178512 0.99999996263246727 0.9580000048259617 0.010000000008400003 0.011960502442742974 0.3053051045671637 0.18797227319190823 0.2115143026591112 0.27362415141526736 7.7590625000000015 0.80152720915433939 0.22314355256420979 -1.0000000180025095e-35 0.99126888512884215 -0.94624909437761462
decision_type=2 2 2 2 2 2 2 2 2 2 2 2 2 2 2 2 2 2 2 2 2 2 2 2 2 2 2 2 2 2
left_child=1 2 3 -1 -4 7 -7 -5 18 10 14 -12 -11 -14 -10 16 17 -16 21 -20 -21 24 28 27 -3 -25 -26 -24 29 -23
right_child=-2 8 4 5 -6 6 -8 -9 9 12 11 -13 13 -15 15 -17 -18 -19 19 20 -22 22 23 25 26 -27 -28 -29 -30 -31
leaf_value=-0.021691133013930063 -0.05007099678089845 -0.012171615069378926 0.043896588755150928 0.0045203511813766972 0.001667470657221186 0.0025593425542136555 0.04593933417319393 0.059001245791785707 -0.003858064267731403 -0.054533109020504227 -0.0024100701261043972 0.051893756384171541 0.031137399498458108 -0.02281986169409642 0.062517410502327508 -0.037477116961132387 0.10926658574860722 -0.025842085999116821 0.027557496964575375 0.0050159134770423677 -0.0027663041607104179 -0.034904748508849302 0.082153431378451047 -0.024259455779574939 0.017048044971178813 0.030802843219685939 -0.035872001175622503 0.018387428553371617 -0.044987019042098342 0.016577677717766089
leaf_weight=41.918687404133379 9.3862325767986459 316.91365550644696 26.686085190623999 9.9239307790994662 29.187210971722379 266.8981723440811 9.7232894767075759 11.438690222799776 536.10788742732257 14.818252071738241 14.511459860950707 18.330071391072124 8.9678856278769654 35.144692655652761 2.9687925763428238 37.532291459850967 2.1406223829835644 10.894603723427279 38.056684523820877 655.59906996227801 688.76856809249148 13.903042107820506 11.415789008140566 14.714997310191395 51.970403864048421 14.814620144665239 9.1711114570498449 9.5839974731206876 11.874614419415591 30.649093251675371
leaf_count=364 6643 2715 153 60 267 1490 69 61 4407 81 137 127 58 222 43 653 61 392 288 4748 3966 85 59 90 492 90 101 68 160 228
internal_value=-0.000754122 -0.00059692 0.00545853 0.00276626 0.0218369 0.00620678 0.00408416 0.0336923 -0.00153719 -0.00550557 -0.00388882 0.0278989 -0.0225832 -0.0118506 -0.00565931 -0.0236968 0.00862036 -0.00692024 -8.91493e-05 0.00175911 0.0010288 -0.00535722 0.00656373 0.0240143 -0.00872979 0.00336457 0.00911014 0.0530516 -0.00906299 0.000511953
internal_weight=2954.01 2944.63 395.776 339.903 55.8733 297.984 276.621 21.3626 2548.85 681.417 622.486 32.8415 58.9308 44.1126 589.644 53.5363 16.004 13.8634 1867.44 1382.42 1344.37 485.011 106.956 50.5294 378.055 29.5296 61.1415 20.9998 56.4267 44.5521
internal_count=28378 21735 2464 2044 420 1680 1559 121 19271 6181 5820 264 361 280 5556 1149 496 435 13090 9002 8714 4088 780 307 3308 180 593 127 473 313
is_linear=0
shrinkage=0.05


Tree=96
num_leaves=31
num_cat=0
split_feature=7 26 31 17 36 7 19 34 19 10 0 7 24 24 24 13 9 29 26 29 18 13 37 36 28 12 18 4 34 31
split_gain=8.75814 6.0492 7.02343 6.17108 7.90546 5.50826 11.0049 11.7578 9.26738 13.0965 7.50403 6.94419 6.81058 9.08747 13.104 12.1559 10.9045 8.22755 12.7779 12.6058 12.3152 7.04173 7.89815 6.78959 8.06176 6.78339 12.5075 6.31077 6.17659 7.54447
threshold=0.99097620252543217 -0.30219559796903211 180.50000000000003 0.0010060362234962773 9.9999999391891003e-10 0.13658940675241707 3.746018063021904 -0.021975820373774258 6.6515653342421404 0.14476555332759941 0.18365914990429061 0.81324748913737366 54684.766199000005 21955.608249500001 25322.314158000005 0.8577511762353448 0.01158313979941881 0.26732291910438838 -0.10317583444249327 0.9723728114787823 0.90629533517711847 0.70753338334663241 0.27272608923876857 0.1191120143345535 0.67260754572929915 0.79280020580284238 0.72222221596064795 -1.4663370671367595 1.5882899361143903 19.500000000000004
decision_type=2 2 2 2 2 2 2 2 2 2 2 2 2 2 2 2 2 2 2 2 2 2 2 2 2 2 2 2 2 2
left_child=1 2 3 4 -1 12 10 -8 9 -9 23 -10 13 27 15 -15 -17 21 -19 20 -20 -16 25 -7 -25 -23 -27 -3 -26 -30
right_child=-2 5 -4 -5 -6 6 7 8 11 -11 -12 -13 -14 14 17 16 -18 18 19 -21 -22 22 -24 24 28 26 -28 -29 29 -31
leaf_value=0.017929251022375716 -0.050816443779804245 -0.02132766530288472 -0.009209860992599633 0.0065367433310601214 0.093574509223062513 -0.017815096835923142 0.035239475036756313 0.051938959801888229 0.026974403002127462 -0.022381397248349737 0.0020557286446169962 -0.010611977252946448 -0.020315760055366439 0.070695376312199257 -0.01635048485265227 -0.010495754320503779 0.054269234663375847 -0.034439545000300803 -0.026155544030347012 0.05258356640610571 0.033981320080104981 0.072554018833004691 -0.0067772334931587011 0.045908769226826601 -0.011404178792699107 0.058698961003256361 -0.028853947624085781 -0.0036434505129593108 -0.0034019402461497421 0.054646276672840312
leaf_weight=14.625651548849421 8.6987475402420369 52.841279089450836 69.912008053273894 307.41986464383081 4.521636117482557 11.17904758825898 13.771754453540778 6.1991855427622786 21.960837729275227 135.29963853373192 860.56611877121031 27.901066314312629 58.174582803621888 13.753075852990149 12.99920856580138 17.701443803496662 10.270032718777655 31.962808760814369 27.247831729240716 11.260122538544236 12.381949633359907 10.546216063201429 12.548814784735439 26.201772183179855 18.106758952140808 9.553954350762071 7.1183927506208411 1114.2281367108226 10.406973965466024 12.111967116594313
leaf_count=195 6062 284 462 1806 46 85 95 42 110 1396 6693 310 427 83 74 142 49 198 163 79 64 52 85 128 82 94 36 8918 65 53
internal_value=-0.000720023 -0.00057194 0.00517299 0.00825209 0.0357929 -0.00146647 0.00110884 -0.00938228 -0.0125936 -0.0191254 0.00340176 0.00594231 -0.00356645 -0.00284169 0.00770377 0.0322073 0.0132834 0.000165022 -0.0096631 0.00589843 -0.00736635 0.0155969 0.0260399 0.0182512 0.0242844 0.0411698 0.0213175 -0.00444414 0.0103377 0.0278197
internal_weight=2951.47 2942.77 396.479 326.567 19.1473 2546.29 1143.71 205.132 191.361 141.499 938.573 49.8619 1402.59 1344.41 177.344 41.7246 27.9715 135.619 82.8527 50.8899 39.6298 52.7666 39.7674 78.0065 66.8275 27.2186 16.6723 1167.07 40.6257 22.5189
internal_count=28378 22316 2509 2047 241 19807 9059 1953 1858 1438 7106 420 10748 10321 1119 274 191 845 504 306 227 341 267 413 328 182 130 9202 200 118
is_linear=0
shrinkage=0.05


Tree=97
num_leaves=31
num_cat=0
split_feature=7 7 19 34 9 32 34 19 24 10 5 39 10 39 13 19 33 33 6 39 34 13 19 24 25 3 11 3 13 36
split_gain=8.33744 4.45936 9.94449 11.0613 6.85733 8.80991 6.61467 6.59425 7.41282 6.10002 9.05007 6.06695 5.56821 6.963 5.59942 5.40991 5.31663 7.81912 5.1387 7.42378 5.08382 4.78642 7.67451 6.10715 8.18702 5.96705 5.67417 8.59868 6.14807 7.14787
threshold=0.99097620252543217 0.12023203664781486 3.6193331268940323 -0.18677598343728605 0.22055167285238678 0.085940162792819311 -0.73532057839590459 5.6067066855839522 38853.817857500006 0.75934700004619415 -0.0070598506605718103 0.92265874167486672 0.17118925977963156 0.29860453062309339 0.77177187491651578 -7.5175707283729052 10.993506944444446 7.5501504629629634 -0.032710320755905319 0.3058357711507988 -0.64368493604046673 1.1149120991149508 2.8819451913143994 21955.608249500001 0.031862205191673765 0.014170277993230729 1.442120553074602 1.0986122888681098 0.87648719970927991 0.4960589009639233
decision_type=2 2 2 2 2 2 2 2 2 2 2 2 2 2 2 2 2 2 2 2 2 2 2 2 2 2 2 2 2 2
left_child=1 6 4 -4 5 12 -1 18 9 16 -11 -12 -3 14 -14 -6 17 -9 -5 -20 -17 26 23 -23 -25 -24 27 -8 -28 -30
right_child=-2 2 3 7 15 -7 21 8 -10 10 11 -13 13 -15 -16 20 -18 -19 19 -21 -22 22 25 24 -26 -27 28 -29 29 -31
leaf_value=-0.031071479973818063 -0.050797026297029119 0.0069989564638822457 0.041762333668415919 -0.038350397575786392 -0.023673240648091395 -0.019824066874054615 -0.00053683206884554905 0.0074251343071914735 -0.048431344130116433 0.040774782990184874 -0.057974603712556909 -0.0077767553129180619 0.0086317816394449517 -0.001009469177361896 0.048413092750565108 0.036208743016929099 -0.018420461332148749 0.054121183579392884 0.03775142381117344 -0.015727182256335386 0.0023137644259748243 -0.017316880530374956 0.031641311396356016 0.038032216288172986 -0.012442724543063622 -0.017109712525935645 -0.033743450781465179 0.055787734627826692 -0.014394140614071852 0.045664973182725777
leaf_weight=19.752024598419666 8.2775887151947227 49.561531618237495 10.8081928640604 23.123890660703182 19.829386241734028 16.322897881269455 1322.2983686039224 24.584227648796514 7.0933918015798545 6.7340064947493365 8.8585915105650219 18.77944352326449 11.721388198435305 14.401586875319479 36.052756994962692 11.195545613998545 8.8928586061811057 14.11000912543386 6.903080388903617 108.2893292818917 932.0380760608241 145.37765365839005 18.678308108821515 12.681029602885245 21.921131644397974 9.4534950498491508 26.856658952310681 6.8109449893236151 20.704243764281276 6.5122644193470469
leaf_count=152 6062 319 80 164 137 76 9667 130 49 48 107 260 59 95 182 61 56 75 51 1199 7107 1151 189 70 129 96 251 57 260 39
internal_value=-0.000687085 -0.000546017 0.00159761 -0.00765867 0.00361813 0.0144882 -0.00231476 -0.0100079 0.000604135 0.00484805 -0.0112021 -0.0238663 0.0195006 0.0294659 0.0386527 0.00217272 0.016441 0.024453 -0.0168404 -0.0125224 0.00271607 -0.00195781 -0.00902736 -0.0128234 0.00605537 0.0152589 -0.00089414 -0.0002482 -0.0167712 -2.34202e-05
internal_weight=2948.62 2940.35 1329.3 238.177 1091.12 128.06 1611.05 227.369 89.0525 81.9591 34.372 27.638 111.737 62.1757 47.7741 963.063 47.5871 38.6942 138.316 115.192 943.234 1591.29 208.112 179.98 34.6022 28.1318 1383.18 1329.11 54.0732 27.2165
internal_count=28378 22316 10255 2219 8036 731 12061 2139 725 676 415 367 655 336 241 7305 261 205 1414 1250 7168 11909 1635 1350 199 285 10274 9724 550 299
is_linear=0
shrinkage=0.05


Tree=98
num_leaves=31
num_cat=0
split_feature=1 26 31 17 25 15 26 6 6 34 1 1 31 34 14 25 17 13 15 11 4 4 5 23 23 36 34 36 36 3
split_gain=7.97618 5.36872 6.48718 6.65944 6.5513 8.47926 6.36616 5.60477 8.79915 8.77333 11.3052 10.5492 10.3559 8.44025 12.2743 7.97625 7.67829 7.59062 7.06213 6.89672 6.92989 10.5222 6.48029 6.25371 11.5389 6.72018 6.18411 9.51259 7.22405 7.18187
threshold=-0.011060942823237342 -0.31793754321445672 180.50000000000003 0.040040080160320686 0.021077793371643533 0.15106792565304708 -0.38006648492438555 -0.69314717997821695 -0.62860864067236977 1.0563564963308465 -0.018163968251052705 -0.021223636515627017 16.500000000000004 0.52301491579871551 0.40190744310723353 0.064005834829167815 0.96141327914771824 0.65238308757961183 0.33388088911952934 0.93908664964828004 0.17386531482544379 0.27134522294634933 -0.22314334281104317 12.264488500000001 4.9999440000000011 0.015802534948575416 2.3335116212560192 0.64516114330277474 0.61538461859354088 0.14310085321122379
decision_type=2 2 2 2 2 2 2 2 2 2 2 2 2 2 2 2 2 2 2 2 2 2 2 2 2 2 2 2 2 2
left_child=1 2 -1 -4 5 -5 -6 13 22 10 18 17 -12 14 -3 -14 -16 -11 23 26 -21 -22 -9 24 25 -10 27 29 -28 -15
right_child=-2 7 3 4 6 -7 -8 8 9 11 12 -13 15 19 16 -17 -18 -19 -20 20 21 -23 -24 -25 -26 -27 28 -29 -30 -31
leaf_value=0.0088769666613784572 -0.050061720913108003 -0.027085069842484384 -0.047099466309872592 0.020118532131783787 0.045226198330960608 -0.034072882482840676 -0.0086047930975180712 0.010848485933113416 -0.028408971153518509 0.040272077756422359 -0.0078726207202527085 -0.029835078540103484 0.18374976892003064 0.019620085842685427 -0.012476654748415342 0.057668980036045273 0.032237397896721136 -0.0017666642859294071 0.029130885168917972 -0.023430179608908124 0.060950591792962305 -0.012276121569865232 0.060513811064338577 0.0011909175812880718 0.078550625845255573 0.029356508410451478 -0.032151302011035242 -0.002818342152070981 -0.00043034180393283859 -0.015921289046756579
leaf_weight=268.55216549523175 8.1464355532079917 88.920926336199045 9.6480958494357747 10.759708944708107 11.299587465822698 21.931355413049459 10.686623968183993 20.294250972568992 8.3228950528428012 10.816093865782021 3.1868860912509245 33.495464842766523 2.0391147858463228 100.54604517668486 22.667315397411585 3.2597117451950908 16.655718751251698 1484.4892374919727 28.15059295296669 66.209651695564389 6.7245081327855614 18.138280779123306 9.7106095887720567 331.50455183722079 7.5577705670148125 12.744353648275135 29.47953649610281 237.42596840858459 45.885971784591675 16.553921665996313
leaf_count=1624 6643 549 87 67 65 144 61 110 129 89 83 1318 55 594 129 76 91 11666 182 489 46 152 66 1893 52 72 209 1265 271 101
internal_value=-0.000655427 -0.000518418 0.00546085 -0.0088011 -0.00204315 -0.0162367 0.0190611 -0.00128254 5.38059e-05 -0.000364862 0.00626007 -0.00208421 0.0633514 -0.00530793 -0.0167985 0.106188 0.00646249 -0.00146258 0.00501236 -0.00247934 -0.0149783 0.00752912 0.0269219 0.00312706 0.0255494 0.00653549 0.00016856 0.00293354 -0.0128381 0.0145958
internal_weight=2945.8 2937.66 332.878 64.3254 54.6773 32.6911 21.9862 2604.78 1955.57 1925.57 396.766 1528.8 8.48571 649.208 128.244 5.29883 39.323 1495.31 388.28 520.964 91.0724 24.8628 30.0049 360.13 28.625 21.0672 429.891 354.526 75.3655 117.1
internal_count=28378 21735 2048 424 337 211 126 19687 15791 15615 2542 13073 214 3896 769 131 220 11755 2328 3127 687 198 176 2146 253 201 2440 1960 480 695
is_linear=0
shrinkage=0.05


Tree=99
num_leaves=31
num_cat=0
split_feature=0 14 24 26 30 19 5 18 18 12 33 12 26 15 28 29 16 6 33 23 26 15 14 14 30 33 0 24 9 35
split_gain=7.59475 5.06557 9.50559 9.0252 10.2428 9.92706 8.6688 8.87403 11.3432 12.931 6.90545 6.45333 7.96453 6.42314 8.12649 7.39714 6.30411 7.70295 6.29115 5.91246 7.35385 5.90372 5.86369 7.08838 8.86258 5.67137 11.3697 8.74826 7.75574 10.8571
threshold=0.98900000448628966 0.10052576747353932 1308.1659885000004 -0.10803146562355721 7.5000000000000009 -1.4119578739064533 -0.28768207245178096 0.2600940000000001 0.67567562842912343 1.0189156915226794 8.187754629629632 1.1821407570042368 -0.26321523827128696 0.42002408586820783 0.8377986964020897 0.73488381868234876 0.38670592877178223 -1.0986122829336582 0.8791782407407408 3161.5318280000006 -0.32152327730852909 0.25868626139059109 0.45593313426162807 0.25479452027477384 5.5000000000000009 4.0798553240740754 0.97899999993734377 40.665000000000013 0.0047656958725817008 0.46666667340172791
decision_type=2 2 2 2 2 2 2 2 2 2 2 2 2 2 2 2 2 2 2 2 2 2 2 2 2 2 2 2 2 2
left_child=1 16 -3 5 6 19 22 -8 9 -9 -7 12 -12 -6 15 18 25 -18 -15 21 -21 -4 23 24 -5 27 -27 -1 -29 -30
right_child=-2 2 3 4 13 10 7 8 -10 -11 11 -13 -14 14 -16 -17 17 -19 -20 20 -22 -23 -24 -25 -26 26 -28 28 29 -31
leaf_value=0.049141919206859321 -0.05005870754110997 -0.017728148542023054 0.004593319281789225 -0.0051037981088695198 -0.0073701037245071368 -0.026331019867428192 -0.0036656989593130268 0.088725348926606232 -0.0020416329885399008 0.022864966170963907 0.050628396986340335 -0.036157941416453211 -0.0083288117608979664 -0.021375522342197001 -0.018609827067773612 0.061715551177878136 -0.039080691706404033 0.0091233126814592932 0.026311022633924687 0.017577776246584055 -0.019736105405532167 0.046338317525682543 0.037463889062691977 -0.025224822990119522 0.046653481255471675 -9.2012268783481318e-06 -0.031029268670949448 -0.010857258971963851 0.0041295374458786864 0.02928666946424982
leaf_weight=11.027789605781434 7.7495839311741284 109.3228558190167 30.049005955457687 28.59228689968586 189.78034831397235 90.244297783821821 14.950047004967926 15.637935452163221 11.005777418613432 14.239098407328127 9.08972020447254 8.9285147562623006 15.490115575492384 9.9480055645108205 16.115487106144428 9.5957962647080404 21.382253557443619 13.532936718314884 22.695370577275753 19.247520215809345 42.05494536459446 11.793556809425352 10.63958518207073 22.402497977018356 11.637367676943539 1522.0466890744865 30.12424424989149 75.070378998294473 502.45523330778815 46.889919437468052
leaf_count=112 6643 846 140 143 966 556 117 90 58 83 53 57 100 60 88 51 130 95 119 93 204 55 52 117 52 11845 1292 844 3071 246
internal_value=-0.000625925 -0.000495446 -0.00416105 -0.00170599 0.00303356 -0.00958596 0.0144556 0.0292979 0.041352 0.0573369 -0.019134 0.000249102 0.0134738 -0.00290931 0.011598 0.0231232 0.00068126 -0.0203971 0.0117786 0.00186966 -0.00802043 0.0163594 0.00314576 -0.002684 0.0098682 0.00101768 -0.000611233 0.00499655 0.0042169 0.00627685
internal_weight=2943.74 2935.99 713.46 604.137 377.24 226.898 129.105 55.8329 40.8828 29.877 123.753 33.5084 24.5798 248.135 58.3547 42.2392 2222.53 34.9152 32.6434 103.145 61.3025 41.8426 73.2717 62.6322 40.2297 2187.61 1552.17 635.443 624.416 549.345
internal_count=28378 21735 4100 3254 1996 1258 712 348 231 173 766 210 153 1284 318 230 17635 225 179 492 297 195 364 312 195 17410 13137 4273 4161 3317
is_linear=0
shrinkage=0.05


Tree=100
num_leaves=31
num_cat=0
split_feature=0 37 34 5 2 9 21 3 5 23 29 18 27 26 33 13 6 12 18 16 33 33 4 25 0 4 6 23 37 6
split_gain=7.40617 18.0628 10.1455 10.3895 6.17705 5.49017 5.46607 7.49809 5.87236 5.20155 5.70685 4.73582 4.49001 5.41484 11.1674 7.90155 8.77489 7.29335 6.95828 6.59963 5.99027 7.96372 6.16272 8.39868 7.80156 9.07889 7.62929 6.53298 9.55109 5.68768
threshold=0.98007004595458247 0.18181818389963267 -0.73532057839590459 0.0070459059998894385 0.010406101454943901 0.97687720881382678 0.0042307362955494874 -0.026288510839963929 -0.0028370901950619996 57.493712500000008 0.72278778445515068 0.99521520046520051 0.99966829881375074 -0.2285854221703425 10.728425925925928 1.0314912080888425 -0.077326848399845369 1.0481459608345258 0.087314059881518399 0.13562514326860248 13.460520833333335 13.216996527777779 0.010582289331090905 0.044182167013314878 0.0079926901853487244 0.023838910671812995 -0.42302340933588717 32.008000000000003 0.17634654091393187 -0.077326848399845369
decision_type=2 2 2 2 2 2 2 2 2 2 2 2 2 2 2 2 2 2 2 2 2 2 2 2 2 2 2 2 2 2
left_child=5 2 3 -2 -4 11 7 -7 9 -9 -11 12 -1 14 17 16 -16 -14 -18 -19 21 22 23 -15 -24 -26 -25 -27 29 -29
right_child=1 -3 4 -5 -6 6 -8 8 -10 10 -12 -13 13 20 15 -17 18 19 -20 -21 -22 -23 24 26 25 27 -28 28 -30 -31
leaf_value=6.1889511884329117e-05 -0.055410460584420264 0.13420172740233136 -0.03427421859204155 0.35369473324050205 0.059083319838881522 0.05618514472719574 0.043116021924790353 0.018538825957153868 0.030829820068191571 -0.061364898411069548 -0.0049483553455320793 0.03129931826598429 -0.027785662116263238 0.0023680143108694273 -0.0021674492218245098 -0.032848643040375332 0.018492195703240552 0.032770112657458619 0.095319334144662426 -0.027793953134381485 -0.035694536952034346 0.05697284313292042 0.049902153568511465 0.0012510545914734439 0.050204012387265601 -0.026781241667126161 -0.026569293161123053 -0.01269623575868567 -0.011809931320161308 0.036568221821922285
leaf_weight=2331.5061610909179 0.27905127848498423 1.8035940252011631 40.850954595254734 0.34963329031597823 1.8521665189182375 6.4092077687382689 13.27922762185335 8.1223475728183967 9.6627131588757056 7.9539519194513586 10.270668461918829 11.494263514876364 85.780994565226138 128.33359149936587 13.704493626952171 7.6677249521017066 5.9312979383394122 10.537341341376306 5.8580418303608894 7.8483463656157246 12.696280196309088 5.878465977497398 10.140102691948412 38.418174859136343 9.5332666859030706 19.41269201785326 68.730423723347485 7.5882247835397711 36.015717126429081 25.706544145941734
leaf_count=15165 58 74 7923 55 46 31 90 93 104 74 61 61 731 1234 97 63 92 91 41 71 120 56 101 265 85 214 687 51 341 188
internal_value=-0.000738329 -0.0208363 -0.0272895 0.172107 -0.030225 -0.000425361 0.015121 0.00635718 -0.00251149 -0.0147394 -0.0295708 -0.000729958 -0.000859989 -0.0051606 -0.0136157 0.0116547 0.0250399 -0.0216606 0.0566671 0.00691697 -0.00195708 -0.000732405 -0.00171885 -0.00626018 0.00814678 0.00383761 -0.0165943 -0.00114444 0.00603599 0.0253403
internal_weight=2943.62 45.1354 43.3318 0.628685 42.7031 2898.48 55.6981 42.4189 36.0097 26.347 18.2246 2842.78 2831.29 499.782 137.328 33.1616 25.4938 104.167 11.7893 18.3857 362.453 349.757 343.879 235.482 108.397 98.2564 107.149 88.7232 69.3105 33.2948
internal_count=28363 8156 8082 113 7969 20207 453 363 332 228 135 19754 19693 4528 1186 293 230 893 133 162 3342 3222 3166 2186 980 879 952 794 580 239
is_linear=0
shrinkage=0.05


Tree=101
num_leaves=31
num_cat=0
split_feature=0 32 14 2 26 29 17 9 32 29 19 25 21 18 19 5 0 25 26 17 29 14 14 2 4 19 14 6 0 9
split_gain=6.93778 5.91393 4.29137 3.69291 13.6977 4.83554 8.58895 5.53287 4.04124 7.28159 6.23847 5.92404 6.12548 9.96294 8.67236 7.15214 8.23608 6.91238 9.38339 12.341 6.11289 10.5946 6.42746 5.98367 5.89453 5.88529 7.45795 7.25332 6.26304 5.95502
threshold=0.98900000448628966 0.93433209327065148 0.60203892391774949 0.32870115501152181 2.5845837784531347 0.083929843194063047 0.56666833333333344 0.0063609681644483523 0.025152392869649376 -0.63006242109349364 -3.1630459392421888 0.0034115917721808877 -0.015083379480420387 0.62251580273036156 -2.8172537992932827 -0.45671342207610893 0.015950905902980716 0.043317620515233281 -0.2285854221703425 0.31288210477692929 0.99999999926774352 0.00075238733021126619 0.24814398992106293 -0.25571133835077564 -0.91629072816214718 -0.99771286828487082 0.23094268944747101 1.1932395547973289 0.0099912683074487186 0.021676062216402493
decision_type=2 2 2 2 2 2 2 2 2 2 2 2 2 2 2 2 2 2 2 2 2 2 2 2 2 2 2 2 2 2
left_child=1 3 -3 8 5 -5 7 -7 11 10 -10 -1 13 17 -15 16 -16 18 19 -13 22 -22 23 -14 -11 26 29 -27 -28 -26
right_child=-2 2 -4 4 -6 6 -8 -9 9 24 -12 12 20 14 15 -17 -18 -19 -20 -21 21 -23 -24 -25 25 27 28 -29 -30 -31
leaf_value=0.0012028819601361635 -0.050054506688284511 0.048647802555238984 0.0062020294035722654 -0.053541695655039939 0.048129843654606444 0.0056822881472012154 0.018334614806205719 -0.049833410359754665 0.044310801102620326 -0.010464625618211326 0.0084661185092982597 -0.0032844687109153427 0.027382234922182277 0.015114816433009111 -0.034941016504084238 -0.054765967341818711 0.021207519509556971 0.014653701348231319 -0.022055530305587059 0.053977649482623957 -0.03643260031645329 0.027295394103711759 -0.022958525662034674 -0.0061655240848042473 0.021297401145721439 -0.002767666619424135 0.010855339970957549 0.038405309542504859 0.046708303749031087 -0.0022687810670041684
leaf_weight=1068.1551746206824 7.1045691164908922 10.203053150326015 14.301663126796482 10.816576881334184 7.6093715839087954 6.2923355530947473 12.259434558451174 15.651919592171906 18.357321880757809 87.857235014438629 35.832561161369085 38.523379894439131 13.513077750802038 16.452933229506016 16.084837481379513 15.460869990289209 10.995759062469004 132.49959666328505 38.279270268976688 12.450162678956984 8.3096171952784044 30.311360916122794 57.125836299732327 811.35550846974365 37.520890101790428 254.03727749362588 26.544911839067936 11.166967656463383 22.510090172290802 93.877778824418783
leaf_count=10131 6585 53 79 88 57 76 74 107 85 424 196 207 72 78 91 92 54 719 211 61 163 177 430 5805 178 1373 126 67 96 408
internal_value=-0.000704602 -0.000585118 0.0238752 -0.000791105 -0.0139154 -0.0244023 -0.0151873 -0.0339147 -0.000549358 0.00314588 0.0206088 -0.00150626 -0.00391502 0.00255022 -0.0157112 -0.0276332 -0.0121426 0.00740845 -0.00334743 0.0107017 -0.00588663 0.0135838 -0.0067392 -0.00561594 0.00137214 0.00370565 0.0106713 -0.00103399 0.0273074 0.00446054
internal_weight=2941.46 2934.36 24.5047 2909.85 52.6296 45.0203 34.2037 21.9443 2857.22 587.705 54.1899 2269.52 1201.36 280.747 58.9944 42.5415 27.0806 221.752 89.2528 50.9735 920.615 38.621 881.994 824.869 533.515 445.658 180.454 265.204 49.055 131.399
internal_count=28363 21778 132 21646 402 345 257 183 21244 2953 281 18291 8160 1513 315 237 145 1198 479 268 6647 340 6307 5877 2672 2248 808 1440 222 586
is_linear=0
shrinkage=0.05


Tree=102
num_leaves=31
num_cat=0
split_feature=0 15 33 11 11 14 8 33 5 8 15 32 35 26 21 7 29 21 25 10 18 33 31 35 33 3 26 24 35 14
split_gain=6.64565 14.031 9.21142 7.58637 11.0026 6.28052 5.5477 5.37856 7.85426 7.86895 6.1718 5.36268 5.07957 8.35439 5.0315 4.87998 13.0487 9.25337 7.04172 6.04717 7.88508 7.83328 5.68478 4.5074 4.2217 7.11816 3.98839 3.93035 4.80268 3.76825
threshold=0.98007004595458247 0.05479834341420653 1.2306250000000001 1.0008869301029146 1.001705747208353 0.018389208603736797 0.97503128272954653 5.9368807870370377 0.015190187361451576 0.9793000014190153 0.0039268990348697297 0.93433209327065148 0.014915828117219516 -0.12265555871085858 0.018163011524958448 0.96200000152308651 0.94544976888761989 0.0027549073061295501 0.17100995833368168 0.96892633737201106 0.020628278286276894 5.7915277777777785 72.500000000000014 0.013506286533315466 13.936597222222224 -1.0000000180025095e-35 -0.13608276128013444 6518.2069985000007 0.009018492894383924 0.60203892391774949
decision_type=2 2 2 2 2 2 2 2 2 2 2 2 2 2 2 2 2 2 2 2 2 2 2 2 2 2 2 2 2 2
left_child=6 2 3 -2 -5 23 11 8 9 -8 -11 15 13 27 -6 24 17 18 19 21 -21 22 -17 -4 -1 -26 -23 28 -9 -13
right_child=1 -3 5 4 14 -7 7 12 -10 10 -12 29 -14 -15 -16 16 -18 -19 -20 20 -22 26 -24 -25 25 -27 -28 -29 -30 -31
leaf_value=-0.00073937967819456688 -0.037032698141602073 0.14974020404675056 -0.043446996381718742 0.32438780834920133 0.019698924067959228 0.066288007683917141 0.078040038110450641 -0.023331200546315753 -0.014118202069232776 -0.010511759426758527 0.046413327531334585 0.045441098465365912 -0.035441607655859741 0.060482833487836653 0.1839182095376789 0.037224909841981423 -0.044218846802535988 -0.059512319772439794 0.059212700532699718 0.077849179871952168 -0.00622694192554643 -0.054629508479413169 -0.02202052404269261 0.031012527417935993 0.05228639130942269 -0.0048901832085012078 0.012052533976573552 -0.057520947027978823 0.056187328046653211 0.0058769635300918669
leaf_weight=2709.3262019888498 2.4913475282955906 1.1841102284379292 32.530568796908483 0.39662026893347535 2.8828517643269156 1.4826677100500081 8.9801757633686083 5.0982157513499278 9.0617536678910238 8.4943908154964465 10.835096701979635 10.372356712818148 8.3206650018691999 5.8930180948227671 0.55646685254760075 9.3691777549684101 23.664774917066097 5.7223234958946696 5.8392299842089406 5.0816585253924114 6.1802876219153404 10.291522424668072 7.1304470896720877 2.1679285652935496 10.040147654712202 11.889448228292165 2.8671683259308329 3.4334747884422532 3.0257956944406033 14.337140552699564
leaf_count=18551 253 26 7325 78 422 29 64 115 63 57 51 53 54 74 5 92 261 50 38 68 51 189 39 18 48 88 46 44 32 79
internal_value=-0.000671754 -0.0200263 -0.0247553 0.0309028 0.0750252 -0.0344886 -0.000379673 0.0142784 0.0263966 0.0393652 0.0213975 -0.000706478 -0.00329454 0.0120337 0.0462689 -0.000910598 -0.0133954 0.000503278 0.00784785 0.000518205 0.0317102 -0.0113261 0.0116215 -0.0387948 -0.000562525 0.0212873 -0.0401001 -0.01267 0.00628555 0.0224849
internal_weight=2938.95 43.6926 42.5085 6.32729 3.83594 36.1812 2895.25 63.1426 37.3714 28.3097 19.3295 2832.11 25.7712 17.4505 3.43932 2807.4 76.1466 52.4818 46.7595 40.9203 11.2619 29.6583 16.4996 34.6985 2731.26 21.9296 13.1587 11.5575 8.12401 24.7095
internal_count=28363 8156 8130 758 505 7372 20207 554 235 172 108 19653 319 265 427 19521 834 573 523 485 119 366 131 7343 18687 136 235 191 147 132
is_linear=0
shrinkage=0.05


Tree=103
num_leaves=31
num_cat=0
split_feature=1 32 33 9 11 28 6 18 33 39 20 39 12 13 2 10 22 23 15 27 20 23 23 16 33 17 39 28 33 2
split_gain=6.40081 4.74006 3.96348 7.65687 8.66033 4.1569 8.70793 10.7546 8.55555 6.40186 3.80585 6.99806 4.27425 3.68164 3.39064 8.7671 11.0171 9.03588 5.63332 3.75559 6.16648 10.5771 9.38654 10.6709 9.00812 8.88284 8.32961 7.27364 7.23081 6.20757
threshold=-0.011060942823237342 0.93433209327065148 13.936597222222224 0.014540093008465144 0.99980478791151683 0.082075247533285614 -0.16705408406316616 0.51919240354054541 8.2511979166666674 0.035396364491290112 7.8113346588490229 0.80259782903850885 0.90535675205637023 1.0639192771090442 0.32870115501152181 0.025172151922290237 1387.3890825000001 2123.6458325000003 0.20086615686469322 0.97997356014928572 1.0603180658351381 561.81571650000012 1485.1056705000003 0.1372378276369057 2.9704050925925931 0.083332932363978179 0.17241383136558255 0.64088788229089888 1.5536979166666669 1.6473347439223015e-08
decision_type=2 2 2 2 2 2 2 2 2 2 2 2 2 2 2 2 2 2 2 2 2 2 2 2 2 2 2 2 2 2
left_child=1 2 5 -4 -5 6 7 9 -9 -1 12 13 -8 -12 19 16 17 -16 -17 -7 27 24 23 26 25 -22 -23 -21 -29 -26
right_child=-2 -3 3 4 -6 14 10 8 -10 -11 11 -13 -14 -15 15 18 -18 -19 -20 20 21 22 -24 -25 29 -27 -28 28 -30 -31
leaf_value=0.079780098817377909 -0.050050458596928964 0.021193438964682773 0.061810705935311364 0.032681403471424279 -0.043173132499587617 0.00078166044403215262 0.0049690358391221174 -0.044526723586675629 0.022055688864352038 0.010631855678727917 -0.053960388034832191 0.064457341336175519 -0.035899485842504804 0.021513156910487895 0.015707356149026928 -0.00088614893861199316 0.041142591095490316 -0.060869725791883024 -0.052143572143425479 -0.022309022609209403 0.0023774110830837442 0.097457225346318233 0.0031493055871347625 -0.016311764344547165 -0.015088820741637719 0.072438690026012539 0.034677532497095757 -0.02747734970825795 -0.0023440682389572233 0.034318687878776927
leaf_weight=6.372853044420479 6.540155100519768 24.895959362387657 7.4090740242972997 8.7090941714122874 6.6252862131223074 2042.7073496216908 7.6400098837912074 10.765421442687513 8.7429871037602407 7.0501984283328056 4.1269396953284723 3.289800547529012 39.344014726579189 2.6555352788418531 7.7769879847764987 8.0111939385533351 12.361895158886908 7.6333023216575384 16.199447341263294 64.300550885265693 14.905794073361905 6.8464440181851414 55.840319467242807 7.8990586586296549 99.178641873644665 6.4956780076026908 23.145344120915979 30.937687144149095 381.55039211479016 6.7927607712335876
leaf_count=58 6585 132 44 55 60 13836 67 104 83 61 70 57 451 52 77 48 96 70 108 520 137 53 373 56 1211 42 184 241 3366 66
internal_value=-0.000641087 -0.000530806 -0.000716964 0.020074 -9.18811e-05 -0.000881004 -0.0114583 0.0090147 -0.0146868 0.0434613 -0.0232749 0.00461559 -0.0292539 -0.0244103 -0.000540162 -0.0131904 0.0059815 -0.0222242 -0.0351827 -0.000300215 -0.00346683 0.00343492 0.0161832 0.0353914 -0.00594628 0.0236421 0.0490087 -0.00666742 -0.00422913 -0.0119218
internal_weight=2936.75 2930.21 2905.31 22.7435 15.3344 2882.57 89.9878 32.9315 19.5084 13.4231 57.0563 10.0723 46.984 6.78247 2792.58 51.9828 27.7722 15.4103 24.2106 2740.6 697.893 221.104 93.7312 37.8908 127.373 21.4015 29.9918 476.789 412.488 105.971
internal_count=28363 21778 21646 159 115 21487 1003 306 187 119 697 179 518 122 20484 399 243 147 156 20085 6249 2122 666 293 1456 179 237 4127 3607 1277
is_linear=0
shrinkage=0.05


Tree=104
num_leaves=31
num_cat=0
split_feature=1 32 33 23 28 35 35 13 35 14 32 23 20 32 26 5 23 3 28 20 14 20 23 17 22 24 24 12 3 19
split_gain=6.09478 4.24699 3.54783 7.28944 3.80463 6.49905 8.99329 4.26182 3.81226 3.30118 3.19547 6.88168 7.3035 5.84931 8.66463 7.58219 5.33804 5.39713 3.9801 13.6826 10.2693 8.91569 8.33293 8.6335 8.31487 7.73571 7.08511 8.08262 6.10878 6.63748
threshold=-0.011060942823237342 0.93433209327065148 13.936597222222224 83.205049500000015 0.082075247533285614 0.095049881885327633 0.27065397087658533 0.69840439812266475 0.39999999983494744 0.60203892391774949 0.49815721774831118 26646.713466000005 -3.2249505863476484 0.31443223428428613 0.21177117697373551 -1.1852889769457651 23480.990097000005 -0.27193340048342596 0.4622881022637963 1.4766763574192845 0.1032059580989637 5.8079076986571865 180.68968500000003 0.023834652235660971 208.99345050000005 14378.494003500002 33868.271715000003 0.83703471452004885 -0.53586861078589754 3.746018063021904
decision_type=2 2 2 2 2 2 2 2 2 2 2 2 2 2 2 2 2 2 2 2 2 2 2 2 2 2 2 2 2 2
left_child=1 2 4 -4 5 7 -7 -1 -8 -3 13 12 -12 18 15 -15 17 -16 19 25 21 22 23 -21 -24 28 27 -27 -6 -30
right_child=-2 9 3 -5 10 6 8 -9 -10 -11 11 -13 -14 14 16 -17 -18 -19 -20 20 -22 -23 24 -25 -26 26 -28 -29 29 -31
leaf_value=0.029953656195878687 -0.050047995069928741 0.041190079670075298 0.056122889306115066 -0.0024773515287807323 -0.04581252768277657 0.052757676948359124 -0.038920900527815258 -0.022834229825821478 0.0093913552458260909 0.0044682584352046389 0.021105080374793819 -0.040898224325387617 -0.026315423700723081 0.0049272080653064727 0.012537850223693248 0.064686172328643418 0.030247158084897821 -0.034237508268884151 -0.0012996534979056104 0.04238727262600861 -0.031218738272070529 0.0047544362434172906 0.00086271682314555424 0.1254213359390175 0.068538034346606033 0.062344990704038851 -0.0060080109178760393 0.0081255739789089492 0.00022311340955659918 -0.033968113793827207
leaf_weight=4.0839664265513411 6.2214864220586596 10.594777315855028 8.3595062033273297 14.532341832295058 8.5715136379003507 8.3972897827625292 6.9629984274506596 59.961799552896991 9.8730531968176347 14.490881517529486 17.952153027057644 15.363065928220747 14.824912559241058 8.9937796294689196 11.543376132845877 12.952044703066347 10.387652464210985 13.240548159927132 2394.1115606983658 6.3890449849423039 6.4276176244020453 15.113621185999362 10.453453122638168 6.1380018815398216 8.0215952256694418 13.293659433722498 18.035704711452127 14.232672278769313 169.71610550722107 15.489803236443548
leaf_count=48 6585 53 75 84 51 61 53 767 74 79 84 88 86 45 52 73 51 78 17802 81 57 162 72 48 54 71 104 89 1181 155
internal_value=-0.000612244 -0.00050722 -0.000684209 0.0189219 -0.00084002 -0.0110005 0.0104915 -0.0194681 -0.0105895 0.0199775 -0.000515034 -0.0132855 -0.000342991 -0.00029092 0.0155423 0.0401959 0.000159297 -0.0124514 -0.000627611 0.00488468 0.0279892 0.0362417 0.0515918 0.0830723 0.0302463 -0.000187571 0.0183504 0.0343105 -0.00454633 -0.00263649
internal_weight=2934.73 2928.51 2903.42 22.8918 2880.53 89.2791 25.2333 64.0458 16.8361 25.0857 2791.25 48.1401 32.7771 2743.11 57.1174 21.9458 35.1716 24.7839 2685.99 291.883 52.5433 46.1157 31.0021 12.527 18.475 239.339 45.562 27.5263 193.777 185.206
internal_count=28363 21778 21646 159 21487 1003 188 815 127 132 20484 258 170 20226 299 118 181 130 19927 2125 474 417 255 129 126 1651 264 160 1387 1336
is_linear=0
shrinkage=0.05


Tree=105
num_leaves=31
num_cat=0
split_feature=0 21 33 13 5 33 14 17 19 32 34 11 18 31 28 13 12 16 39 34 33 18 2 35 33 8 29 33 1 28
split_gain=7.54188 12.1286 6.655 4.70162 9.56123 9.85391 7.22017 6.53906 6.23421 5.85927 5.20865 5.14774 5.07713 6.54269 7.48556 5.92766 9.70409 7.55808 8.16465 6.47902 9.24177 7.29457 6.76248 6.25572 5.85241 6.3488 5.65481 7.08 9.36201 5.55439
threshold=0.98500000731250037 -0.08701212024872447 0.4525347222222223 1.0029011938665089 -0.87546871683406291 1.1060648148148149 0.28406519527551882 0.5776988830668216 -1.5528914927073612 0.25322178033238357 -0.78411843083915922 1.0233854652545007 0.010111218508436187 8.5000000000000018 0.86466796882146746 0.99126888512884215 1.0104226153109015 0.0024886238280210165 0.95238958840699872 1.5026334535539618 5.0305266203703711 0.019185814629875193 3.3009541110370933e-08 0.0030959752516408318 6.0011979166666674 0.092494859678233912 0.99999979999779998 11.989704861111113 -0.05868901229530793 0.99457483326079688
decision_type=2 2 2 2 2 2 2 2 2 2 2 2 2 2 2 2 2 2 2 2 2 2 2 2 2 2 2 2 2 2
left_child=3 -2 -3 10 -5 7 9 8 -6 -7 -1 -10 13 14 -12 -14 17 18 26 23 -21 -22 24 -19 -23 -26 27 28 -17 -15
right_child=1 2 -4 4 5 6 -8 -9 11 -11 12 -13 15 29 -16 16 -18 19 -20 20 21 22 -24 -25 25 -27 -28 -29 -30 -31
leaf_value=-0.026959891196218888 0.57676698815816696 0.29509993013007646 -0.046163768304887179 -0.029597717934069241 -0.025019541589915539 -0.0011294369337041038 -0.02066038343879005 0.054957108279312453 0.049475910316670632 0.040395101717964552 0.0018299438181369012 0.0092238374145581781 0.0024394979371831194 -0.0027133301656382652 -0.039504473928576138 0.10161057804277773 0.031176400762229047 -0.021209159945899166 -0.019860339350430727 -0.05944950256015287 -0.035231370059196521 0.038606397814534149 0.04516562669045035 0.02143954322541165 -0.035909506708818012 0.0015000258151213614 0.08805915489569606 -0.024908519961505234 0.021497355179001441 0.043946512998885912
leaf_weight=14.544027680531142 0.079688050551338985 0.14457992359530081 12.003141396096906 29.060556821525097 9.4417368918657285 953.79316964559257 47.842895608395338 10.509280689060686 10.893877714872358 8.5715503096580488 18.971980071626604 29.322304792702198 1440.6737952195108 43.110912756994367 25.914573942311108 5.0063960477709832 46.974118821322918 10.187805216759442 7.291650688275694 7.2637251913547507 13.865542279556392 8.607290640473364 8.8628509864211065 55.104732640087605 13.613429032266138 67.954949893057346 4.9436073619872323 4.8018067702651015 13.427192244678738 7.4855303983204058
leaf_count=106 22 81 7316 167 53 6869 328 56 61 47 435 163 8978 673 963 45 264 70 87 42 138 45 45 278 97 423 43 55 140 253
internal_value=0.00111749 -0.0380688 -0.0421021 0.00128169 -0.00129958 -0.000531284 -0.00170208 0.0191264 0.0115434 -0.000759588 0.00284219 0.0201274 0.00308245 -0.00813794 -0.0220339 0.00370949 0.010539 0.00615104 0.0272975 0.00210662 -0.00478208 -0.00126503 0.00349031 0.0147849 -0.000605716 -0.00474347 0.0395002 0.0291687 0.0432554 0.0041898
internal_weight=2930.27 12.2274 12.1477 2918.04 1099.44 1070.37 1010.21 60.1672 49.6579 962.365 1818.61 40.2162 1804.06 95.483 44.8866 1708.58 267.905 220.931 35.4707 185.46 120.168 112.904 99.0385 65.2925 90.1757 81.5684 28.179 23.2354 18.4336 50.5964
internal_count=28343 7419 7397 20924 7744 7577 7244 333 277 6916 13180 224 13074 2324 1398 10750 1772 1508 370 1138 790 748 610 348 565 520 283 240 185 926
is_linear=0
shrinkage=0.05


Tree=106
num_leaves=31
num_cat=0
split_feature=0 21 33 21 36 16 16 31 16 11 33 32 22 11 38 21 23 13 14 5 32 3 20 11 39 23 4 19 31 6
split_gain=7.09108 11.5038 4.9184 4.24351 11.074 5.84319 16.4572 9.3545 7.58195 5.37302 5.23468 5.54001 5.05925 4.81337 5.00468 4.28649 6.10515 4.22751 7.49085 5.71921 7.24649 6.11758 7.78107 8.92057 10.0444 16.5419 8.02625 7.37469 8.47756 7.54461
threshold=0.98500000731250037 -0.13353135300893187 0.4525347222222223 -0.69314718007044196 0.87517918785922244 0.37496198091217475 0.36502950376849486 50.500000000000007 0.46495189068683096 0.59294856261423212 2.1334375000000003 0.16812903225806455 882.36282500000016 0.71074017429991776 0.62500001074092382 -0.5086724054020707 3612.8134315000007 1.0029011938665089 0.35967555541143931 -0.91548576384270086 0.10190720518894017 0.046519936177141778 5.0332559496829239 1.0010289652710422 0.054092580757300897 75.040000000000006 -0.16251878409468576 5.1022251899169335 22.500000000000004 0.097168128654648675
decision_type=2 2 2 2 2 2 2 2 2 2 2 2 2 2 2 2 2 2 2 2 2 2 2 2 2 2 2 2 2 2
left_child=3 -2 -3 4 9 6 15 -7 -9 -1 -11 12 -12 14 -10 16 -5 -17 19 -19 21 22 26 -24 25 -25 -21 29 -29 -26
right_child=1 2 -4 5 -6 7 -8 8 13 10 11 -13 -14 -15 -16 17 -18 18 -20 20 -22 -23 23 24 27 -27 -28 28 -30 -31
leaf_value=-0.059741025515709228 0.54712752733117886 0.20893683153833545 -0.04597751192780565 0.039871008511032632 0.030414726916237679 -0.034525116065271616 0.056718721497029556 -0.013431771860798218 0.024527943092767873 -0.040888610636074574 -0.005312099597563907 0.024784727056897687 -0.05154516125835075 0.047242129030836286 -0.023767680996371061 0.0030809880782530518 -0.01066367757448388 -0.032031821057900943 -0.025585424370261785 0.0080433625845791092 0.020511005727334886 -0.011308953255661246 -0.015030818085188611 -0.012464418230879931 0.020707337778521358 0.10989400796674456 -0.0055886853942512648 -0.0012274161858016959 0.047859825835379788 -0.0028416351311941648
leaf_weight=7.1017214283347121 0.083512741141020252 0.19238274765666474 11.52377358911326 16.797175873070959 13.91778678447008 28.326276920735836 13.667654089629648 49.459904283285141 13.280437178909784 13.63523234054446 26.600585099309683 11.29871356114745 7.6101213432848445 9.6845956407487375 8.9989308491349203 1659.520366536919 9.2777896896004659 13.96431442350149 30.071534123271704 142.66640977934003 42.011046066880226 119.01859397813678 34.566040174104273 4.7821978703141195 50.667334674857557 6.5393701903522015 444.07069507054985 14.012009139172731 23.627405520528555 103.46887600049376
leaf_count=37 9 81 7329 121 74 188 83 297 70 93 235 61 55 55 56 12180 51 85 213 864 219 767 296 75 525 48 3080 116 136 844
internal_value=0.00105891 -0.0376236 -0.0417917 0.0012153 -0.0101294 0.0015357 0.00199066 -0.00977605 -0.00116618 -0.0186474 -0.0137132 -0.00557103 -0.0155966 0.0178132 0.0050207 0.00171516 0.0218902 0.00151952 -0.000997597 -0.000257755 0.000192508 -0.000712287 0.000817552 0.00844996 0.0124463 0.0582102 -0.00227402 0.00974456 0.0295861 0.00489933
internal_weight=2930.44 11.7997 11.7162 2918.64 80.1642 2838.48 2728.73 109.75 81.4239 66.2464 59.1447 45.5094 34.2107 31.964 22.2794 2715.06 26.075 2688.99 1029.47 999.394 985.43 943.419 824.4 237.663 203.097 11.3216 586.737 191.776 37.6394 154.136
internal_count=28343 7419 7410 20924 555 20369 19703 666 478 481 444 351 290 181 126 19620 172 19448 7268 7055 6970 6751 5984 2040 1744 123 3944 1621 252 1369
is_linear=0
shrinkage=0.05


Tree=107
num_leaves=31
num_cat=0
split_feature=0 8 20 34 26 35 25 24 35 23 21 27 2 34 3 28 3 35 21 12 31 27 10 28 24 23 3 11 23 16
split_gain=6.81595 4.32908 6.38353 7.01655 8.42622 11.0945 8.40496 6.94806 8.15065 7.11304 6.6627 6.60734 6.36558 5.78994 6.95094 7.58444 5.96029 8.13683 8.51318 6.24553 5.78278 5.71705 8.55197 8.68202 8.58403 7.95569 6.68735 6.52104 6.10044 6.40986
threshold=0.98800000084085127 0.0090000000017696515 -1.8166682670959216 1.2464068309093863 0.68835166390879798 0.78071433511930166 0.28008212204241772 143.05420450000003 0.6486706000000001 2551.6251350000007 -0.18805223150293957 0.87687584097913684 0.56093333652311639 1.4259253671315337 -0.51082562576599055 0.9816139749388566 -0.18232155679395462 0.28571428785714298 0.0061037855171674092 0.98141335822789799 65.500000000000014 0.89317992457656592 0.0045516362492795791 0.89143242027143732 374.82746300000002 14501.945241000003 -0.59777196501281482 1.4003917126639072 283.27390000000008 0.16816696550476609
decision_type=2 2 2 2 2 2 2 2 2 2 2 2 2 2 2 2 2 2 2 2 2 2 2 2 2 2 2 2 2 2
left_child=1 2 3 7 5 10 -6 -1 -9 -10 20 -8 -3 -12 -15 16 -16 18 19 -18 -5 25 23 -23 -25 27 -26 -4 -24 -30
right_child=-2 12 21 4 6 -7 11 8 9 -11 13 -13 -14 14 15 -17 17 -19 -20 -21 -22 22 28 24 26 -27 -28 -29 29 -31
leaf_value=0.039962739978530198 -0.050084817375307136 0.0024035493974414591 -0.0068689812556940611 -0.053728706757064565 0.072565121093396398 0.051569998599664518 -0.0041866661743710917 -0.021019234594536109 -0.028591692193682308 0.011891585564120302 0.032908894905044041 0.047646521054403729 -0.031069626352859332 -0.041805085950901551 0.037097213838993413 -0.026434211467989646 0.018046398627318303 -0.0093119031723911533 0.065861866229708063 -0.032075779021058425 0.00033510784019605072 0.035316518334742066 -0.035009761423643468 0.065829740850034679 0.077732108520916277 -0.042989537219366547 -0.0250355723391553 -0.045008837157424569 0.023135113691010976 -0.021027093335043261
leaf_weight=7.5853325538337222 6.5141881412127978 2217.2781505545136 180.36816687136889 9.9646334983408469 8.7451411858201009 11.296045310795305 15.883818089962007 70.473439302295446 13.707061558961867 52.062196515500546 15.490508504211901 10.030989058315752 14.294698208570479 8.9981893822550756 15.373803116381167 18.410011596977711 36.584404978901148 56.45410118252039 7.9112905934453002 7.4870528243482104 9.8208405300974828 27.850650819949806 19.040315069258213 3.6566860424354699 1.7182538732886374 19.203794166445732 20.110289039555933 11.949737047776578 16.069229885935783 16.813655056059361
leaf_count=64 6805 15420 1825 70 44 58 96 519 86 291 103 68 111 48 78 153 292 349 49 75 50 275 182 42 10 146 661 150 114 109
internal_value=0.0010033 0.00111709 -0.00233476 0.00206815 0.00743887 0.00345384 0.0301799 -0.00661188 -0.00920492 0.00345441 0.000539434 0.0158767 0.00218913 0.00379521 0.000812875 0.00350928 0.00796172 0.00383099 0.0181044 0.00953142 -0.0268933 -0.00756463 0.00195728 0.0160192 -0.00506923 -0.012303 -0.0169461 -0.00923881 -0.0124872 0.000554123
internal_weight=2931.15 2924.63 693.06 376.279 232.451 197.791 34.6599 143.828 136.243 65.7693 186.495 25.9148 2231.57 166.709 151.219 142.221 123.811 108.437 51.9827 44.0715 19.7855 316.781 105.259 53.3359 25.4852 211.522 21.8285 192.318 51.9232 32.8829
internal_count=28343 21538 6007 2493 1533 1325 208 960 896 377 1267 164 15531 1147 1044 996 843 765 416 367 120 3514 1393 988 713 2121 671 1975 405 223
is_linear=0
shrinkage=0.05


Tree=108
num_leaves=31
num_cat=0
split_feature=0 13 33 27 5 18 10 31 31 3 4 6 35 5 23 36 15 27 12 36 6 5 23 23 5 5 21 16 6 19
split_gain=6.46892 3.9879 9.43128 7.84609 7.521 6.18179 5.8268 5.66754 5.63238 5.2387 5.19524 8.57312 12.4872 6.16648 5.30491 5.72477 5.75031 5.86903 5.26192 5.66139 8.58626 5.57401 4.89886 6.24884 7.51005 6.01322 7.27743 5.97842 5.85682 8.96229
threshold=0.98800000084085127 0.99874088785634341 1.1613946759259262 0.97411449458632715 -0.87546871683406291 0.017102615900860502 0.0019427221773342729 15.500000000000002 368.50000000000006 -0.9162906633026866 -0.60525452975660565 0.15276671345496273 0.55203676803232093 -0.35667494393873228 36407.644317500009 0.57142857228145005 0.11963488268515464 0.75326227953491232 0.84305645846258404 0.33482443734874939 -0.13353139063447281 -0.45671342207610893 54.236264000000013 90.590083000000007 -0.03767646839232739 0.18232155879395459 0.26398773422778637 0.1372378276369057 0.40546510810816433 -9.494666067376876e-06
decision_type=2 2 2 2 2 2 2 2 2 2 2 2 2 2 2 2 2 2 2 2 2 2 2 2 2 2 2 2 2 2
left_child=1 -1 3 7 -4 -5 -6 -3 9 -8 11 12 -11 -14 15 18 -17 -18 19 -12 -21 -20 27 24 -24 -25 -27 -23 29 -26
right_child=-2 2 4 5 6 -7 8 -9 -10 10 14 -13 13 -15 -16 16 17 -19 21 20 -22 22 23 25 28 26 -28 -29 -30 -31
leaf_value=0.0026583611596766319 -0.050080726027071969 0.061191375542283113 -0.030282479270477419 0.014630927905931644 -0.018500950810074239 -0.052572609835876784 -0.035142489556312627 0.01725834850284565 0.042088014890645342 0.063202949553900906 -0.018158015867426137 -0.023567329704435654 -0.027864890439734266 0.02234127846936617 -0.033515551736379143 -0.032286803473263168 -0.022162204982376921 0.014760988911102807 -0.048742347837446222 -0.0021224540440298481 0.05829586770466634 -0.0053437099268193802 0.07254000806403374 -0.0028838586684990833 -0.0073622675732763244 0.0097387572775371675 -0.030219164826025754 -0.042481530475254679 -0.037488634053764812 0.0484924884499328
leaf_weight=1670.6317090736702 6.1969807203277005 8.4415098954923433 23.355031039565802 6.9040144653990847 48.961865324527025 6.7847042679786682 11.231938429176806 56.306527934968472 7.5766171230934551 14.145237252116202 7.4223801791667965 11.591091770678757 9.2541049495339376 18.035208344459537 12.860569914802907 28.447175268083811 21.08864801004529 21.979252591729164 6.037848249077796 10.462564364075666 13.426864255219693 186.23203537636437 5.9311325699090949 467.0841405831743 14.46897303359583 193.22951989434659 12.109035938978193 11.506148366257547 5.161027204245328 14.260101716965437
leaf_count=10963 6805 57 136 58 1188 44 72 310 46 83 60 74 55 105 60 209 122 124 37 64 99 2527 35 3226 111 1197 81 172 62 161
internal_value=0.000950521 0.00105864 -0.00107207 0.0157149 -0.00219187 -0.018678 -0.00162262 0.0229861 -0.000873766 -0.00117077 -0.000819007 0.0144442 0.0250778 0.00531582 -0.00160348 -0.00120066 -0.0148417 -0.00331884 -0.000170886 0.0199844 0.0318352 -0.000859844 -0.000542137 0.00139086 0.0206359 0.00025116 0.0073824 -0.00750472 0.0115521 0.0203621
internal_weight=2931.12 2924.93 1254.3 78.4368 1175.86 13.6887 1152.5 64.748 1103.54 1095.96 1084.73 53.0256 41.4346 27.2893 1031.71 1018.85 71.5151 43.0679 947.332 31.3118 23.8894 916.02 909.982 712.244 39.8212 672.423 205.339 197.738 33.8901 28.7291
internal_count=28343 21538 10575 469 10106 102 9970 367 8782 8736 8664 317 243 160 8347 8287 455 246 7832 223 163 7609 7572 4873 369 4504 1278 2699 334 272
is_linear=0
shrinkage=0.05


Tree=109
num_leaves=31
num_cat=0
split_feature=0 12 33 8 2 20 19 33 33 27 11 19 32 29 33 26 5 16 27 12 20 26 11 33 17 23 11 26 25 33
split_gain=6.03932 13.0665 4.1821 3.89649 5.87005 5.60818 6.40774 8.02415 13.4349 12.3808 9.32115 7.44632 6.1485 7.30214 6.10237 8.00737 7.44844 7.04339 8.84296 6.92263 6.03813 6.01058 10.754 5.95126 7.48506 8.61811 5.54637 5.54545 5.65396 5.4153
threshold=0.98500000731250037 0.97180141684092403 0.4525347222222223 0.0090000000017696515 0.56093333652311639 -1.8166682670959216 -0.57714435500770567 2.3758738425925929 1.8497974537037039 0.98581919360769443 0.85192448473308813 -1.5065279722712048 0.19078598002879452 0.22219388927400083 3.4252951388888895 0.68835166390879798 -1.2527629390889878 0.11653442347216723 0.64743502501804107 0.86773816853533037 -4.574139418906884 -0.21336457562353131 0.891550601182031 10.22715277777778 0.42857143028571437 2498.2294175000002 0.31024589848722911 -0.073824630851065179 0.10632570501911927 6.1448726851851863
decision_type=2 2 2 2 2 2 2 2 2 2 2 2 2 2 2 2 2 2 2 2 2 2 2 2 2 2 2 2 2 2
left_child=3 -2 -3 5 -5 14 11 8 10 -10 -8 29 23 -14 19 17 -17 18 -16 26 -18 -21 -23 -9 27 -26 -1 -25 -29 -7
right_child=1 2 -4 4 -6 6 7 12 9 -11 -12 -13 13 -15 15 16 20 -19 -20 21 -22 22 -24 24 25 -27 -28 28 -30 -31
leaf_value=0.0020628965158698809 0.62954005073037633 0.17352365407629636 -0.045551466084128626 0.0022600381132625818 -0.030175837896733677 -0.02495899779396699 0.053609230251807409 -0.015902916988159849 0.023049605307411299 0.1269005487914335 -0.019325628361793468 -0.048237618589458388 0.058724940525413161 -0.0016011696755886516 0.0040091416180785319 -0.012745736827136759 0.069505196081489792 0.0095255244888574758 -0.03352018394622288 -0.020485997873069234 0.021579556764105647 0.056671980012088619 -0.017574975356736865 -0.026404863230803644 0.070370433611007671 -0.0067186978182624344 -0.020865782136481433 0.055793803988761263 -0.013305866160621106 0.0033445939836717698
leaf_weight=42.845013327896595 0.073148668045177057 0.22246703563723613 10.486352893407455 2215.1551198782399 14.036985687911509 35.358930073678493 5.6693723052740124 124.27018030406907 7.860029945150016 4.5204126816242933 19.271569141186774 17.239227123558521 7.2543650381267097 16.25909605063498 40.896793037652969 8.2901134490966779 11.213416106998919 133.89947324246168 25.4727583527565 8.4207122474908846 15.878402229398491 13.329820245504381 7.6909197568893424 18.038479080889374 7.8505030795931798 6.736503679305315 68.611160393804312 5.3382639908231813 6.6457293322309852 32.37174004688859
leaf_count=260 3 82 7334 14806 111 223 44 1689 90 50 256 107 52 122 315 47 74 825 198 63 88 76 61 359 61 46 486 91 116 208
internal_value=0.000900889 -0.0364512 -0.0410004 0.00103879 0.00205579 -0.00224099 -0.00716753 -0.00282819 0.0183892 0.0609682 -0.00274667 -0.0188988 -0.00694404 0.0170106 0.00187615 0.00679797 0.0287258 0.00292393 -0.0103947 -0.00635559 0.0414162 0.0152082 0.029507 -0.0102793 0.00538661 0.0347695 -0.0120517 -0.00888963 0.0174745 -0.0114314
internal_weight=2931.21 10.782 10.7088 2920.43 2229.19 691.233 314.684 229.715 37.3214 12.3804 24.9409 84.9699 192.393 23.5135 376.549 235.651 35.3819 200.269 66.3696 140.898 27.0918 29.4415 21.0207 168.88 44.6095 14.587 111.456 30.0225 11.984 67.7307
internal_count=28343 7419 7416 20924 14917 6007 3514 2976 440 140 300 538 2536 174 2493 1547 209 1338 513 946 162 200 137 2362 673 107 746 566 207 431
is_linear=0
shrinkage=0.05


Tree=110
num_leaves=31
num_cat=0
split_feature=7 34 31 9 8 19 11 28 4 16 34 18 37 19 9 10 15 37 17 31 16 14 12 27 19 19 8 34 34 36
split_gain=7.19536 11.1864 12.0319 19.5343 5.25537 9.12943 8.49108 6.17637 11.1407 11.9078 13.7881 24.1817 7.92101 7.45921 8.41046 12.5531 8.45297 12.0201 11.1104 8.95126 8.03905 7.56041 7.21246 7.49645 7.06384 6.98846 6.90827 6.54893 12.4067 7.39506
threshold=0.98299999416570782 -0.021975820373774258 43.500000000000007 0.98758596407161126 0.98169655216859464 -1.6037449044706267 0.99974778667571018 0.95013874628484707 1.0000000180025095e-35 0.010379675875295572 2.1949277023361229 0.0090543267683098876 0.0099889135254989016 4.8011967750313183 0.6954580471625631 0.55332595931276707 0.033596389967157088 0.24999991358899545 0.13760714147542866 51.500000000000007 0.25321085152720857 0.012900972235182539 0.96941815701585987 0.99689096091819862 4.5883146774110815 4.5883233822399063 0.67827774154611964 1.7470568594825699 1.7065866709695772 0.011105501405317488
decision_type=2 2 2 2 2 2 2 2 2 2 2 2 2 2 2 2 2 2 2 2 2 2 2 2 2 2 2 2 2 2
left_child=4 2 3 -2 7 -6 -7 -1 12 10 11 24 27 14 15 16 -11 18 -18 20 -19 26 23 -14 -10 -12 -15 28 29 -9
right_child=1 -3 -4 -5 5 6 -8 8 9 13 25 -13 22 21 -16 -17 17 19 -20 -21 -22 -23 -24 -25 -26 -27 -28 -29 -30 -31
leaf_value=0.0016800224771443177 0.67797182734782979 -0.032022508635493621 -0.0081496534395394116 0.074618777733459138 0.0055672663935578109 0.13937307371088523 0.019158254933052458 -0.034066539749555251 0.047453736470266211 -0.01926612992851507 -0.035587978109804484 0.1012018248518497 0.0032082944140634168 -0.025317499450198545 -0.015524720637052312 0.064025033480382507 0.087533608904056814 0.0015461660627504156 0.014861763591401423 -0.044053523990121302 0.061185648464490441 -0.044228532546446042 -0.036909865478948881 -0.03560566668538323 -0.025487867219982242 0.044861122061021275 0.037069603388712617 -0.010688816791178543 0.062400190127365002 0.0043861924347907517
leaf_weight=2260.5774496704689 0.20533815503586328 26.857252641348168 0.87329922954086214 0.38695926923537627 16.177479105070237 2.8927285941317669 2.9842227057088166 14.210023817606269 5.7068633105373028 24.048390317708254 9.1638296387391147 12.550472635775803 38.049480374902487 10.151457108557226 37.342535659612622 10.477342717349527 9.2782344594597834 34.19660777784884 12.142335966229437 8.8490321543067676 6.7687874175608149 17.425946110859513 41.608229850884527 18.482781205326319 7.9332264832919464 3.8267605783767058 7.8830903675407162 192.01245264708996 8.4729985632002336 104.10626990348101
leaf_count=14831 16 7282 371 130 137 44 56 429 86 225 133 80 187 83 231 63 65 319 74 57 62 119 238 118 114 48 48 2115 65 627
internal_value=0.000398084 -0.024682 0.109833 0.28379 0.000641575 0.0249567 0.0783299 0.000456357 -0.003902 0.00526465 0.0302261 0.0511154 -0.00868921 -0.000212479 0.00487459 0.0120773 0.00636511 0.015018 0.0463393 0.00154966 0.0114005 -0.0207417 -0.0211103 -0.00948163 0.0050301 -0.0118893 0.00195256 -0.00486549 0.00395349 -0.000232058
internal_weight=2945.64 28.3228 1.4656 0.592297 2917.32 22.0544 5.87695 2895.26 634.687 217.745 39.1812 26.1906 416.942 178.564 143.103 105.761 95.2834 71.235 21.4206 49.8144 40.9654 35.4605 98.1405 56.5323 13.6401 12.9906 18.0345 318.802 126.789 118.316
internal_count=28453 7799 517 146 20654 237 100 20417 5586 1807 461 280 3779 1346 1096 865 802 577 139 438 381 250 543 305 200 181 131 3236 1121 1056
is_linear=0
shrinkage=0.05


Tree=111
num_leaves=31
num_cat=0
split_feature=7 33 31 36 35 28 4 4 3 26 0 17 31 28 11 12 26 6 3 12 20 6 3 28 3 26 8 35 35 25
split_gain=6.65751 9.31152 7.97199 9.09482 4.8351 4.76081 11.171 13.0392 12.4567 11.6945 7.13458 9.34595 7.01218 5.62856 5.99129 11.237 5.73919 5.56179 7.85186 6.31892 7.29326 7.25844 7.0756 7.20198 6.22218 5.93373 5.79582 7.21735 6.32818 7.54309
threshold=0.98299999416570782 0.97693287037037047 44.500000000000007 1.0000000180025095e-35 0.012072446046378667 0.94504988556880598 1.0000000180025095e-35 0.0092414884941086611 0.0010251185796632488 -0.13918382319671876 0.0070000000011050138 0.23076922622454124 11.500000000000002 0.81603974901873655 0.47241440022217662 0.68870182494847965 -0.32152327730852909 -1.0986122887931093 0.02603416212340421 0.990907645406645 -9.2912581392072138 -0.077326848399845369 -0.25782884077225254 0.97349049033880586 -0.021352213892161454 -0.15871962016935456 0.10586559146431058 0.28200914788981396 0.39759432379492382 0.021695243488333151
decision_type=2 2 2 2 2 2 2 2 2 2 2 2 2 2 2 2 2 2 2 2 2 2 2 2 2 2 2 2 2 2
left_child=5 2 3 -2 -3 13 17 8 9 12 -9 -12 -8 14 -1 16 -16 24 19 20 -19 -21 -23 -24 -7 -26 28 -28 29 -22
right_child=1 4 -4 -5 -6 6 7 10 -10 -11 11 -13 -14 -15 15 -17 -18 18 -20 21 26 22 23 -25 25 -27 27 -29 -30 -31
leaf_value=-0.009175587978144422 0.38909125286397322 -0.043089653796630531 -0.050771783963470069 0.072677855355741214 0.0075905687825989013 -0.011633506108410139 -0.01914770463796326 0.040136087823510691 -0.026242107831235362 0.10001197826660946 0.0041972930231740308 -0.02543023000360933 0.060320668811300132 0.0055491101715391105 0.047283251643533503 -7.5936597949003164e-05 0.012648556389504038 -0.026625940770177547 -0.033773976524191139 -0.033613122237970992 0.014325376480832819 0.047758514133118407 -0.032711130254666834 -0.0050560617339053798 0.0049332859250003974 0.052163058470681839 0.0064551842002603223 0.050820774689449448 -0.026390520596155771 -0.029469043714558465
leaf_weight=157.39498151093721 0.33798029687023035 20.060765425849244 0.61706122366012994 0.69227229949319735 6.1486194767057887 22.459356095641851 5.1777994148433244 11.35586962290108 5.6638554260134688 9.0195705145597458 163.26583641918842 31.802750755101442 5.9840465914458036 670.73716301535023 14.088634915649889 1321.7443282022141 79.2031046487391 24.282133087515831 31.290180642157793 38.38813928887248 39.423371534794569 5.2708789184689513 30.399337348993868 104.36343617783859 16.673867799341682 11.062334742397068 67.851459830999374 10.598906174302099 26.976991299539804 13.099169682711361
leaf_count=895 94 7251 368 51 35 114 70 113 63 84 1300 210 65 4092 76 9211 497 168 178 280 328 31 212 1772 110 74 389 48 183 91
internal_value=0.000374528 -0.023953 0.091354 0.176479 -0.0312003 0.000606805 -0.00307676 0.00580168 0.0392819 0.0576711 0.00160981 -0.000632991 0.0234566 0.00171427 7.84779e-05 0.00110781 0.017879 -0.00774089 -0.00974775 -0.00766325 -0.00111451 -0.0143518 -0.00907164 -0.0112944 0.00792941 0.0237705 0.00280745 0.0124491 -0.00670699 0.00340301
internal_weight=2945.43 27.8567 1.64731 1.03025 26.2094 2917.58 674.409 232.27 25.8453 20.1814 206.424 195.069 11.1618 2243.17 1572.43 1415.04 93.2917 442.14 391.944 360.654 182.232 178.422 140.034 134.763 50.1956 27.7362 157.95 78.4504 79.4995 52.5225
internal_count=28453 7799 513 145 7286 20654 5883 1905 282 219 1623 1510 135 14771 10679 9784 573 3978 3680 3502 1207 2295 2015 1984 298 184 1039 437 602 419
is_linear=0
shrinkage=0.05


Tree=112
num_leaves=31
num_cat=0
split_feature=7 33 31 37 8 32 27 28 4 16 33 18 24 37 39 4 11 4 30 0 24 17 12 27 12 27 33 33 36 4
split_gain=6.18072 8.10117 6.02015 5.03602 4.69307 7.39161 6.44839 5.17145 9.11304 9.89265 11.828 15.1357 9.18208 7.07667 6.8853 7.17819 9.52936 10.3114 8.17078 7.16285 6.74213 8.54137 6.52659 6.89474 6.43792 6.43723 6.03068 10.8198 6.80878 7.06799
threshold=0.98299999416570782 0.97693287037037047 44.500000000000007 0.30189773483463861 0.98169655216859464 0.0011093142959247243 0.98673622436419806 0.95013874628484707 1.0000000180025095e-35 0.010379675875295572 5.589114583333334 0.010111218508436187 2989.5915670000009 0.0099889135254989016 0.90077096327096329 0.23780263860859638 1.0580394981649228 0.18232155635921923 3.5000000000000004 0.36936224463968198 1308.1659885000004 0.014594239074787524 0.96941815701585987 0.99689096091819862 0.9093218373535209 0.99115120880421148 5.7376909722222225 5.5101215277777795 0.011105501405317488 -0.64016976559957472
decision_type=2 2 2 2 2 2 2 2 2 2 2 2 2 2 2 2 2 2 2 2 2 2 2 2 2 2 2 2 2 2
left_child=4 2 -2 -3 7 6 -6 -1 13 10 11 -10 -12 26 15 16 18 19 25 -18 21 -17 23 24 -15 -11 27 28 -9 -30
right_child=1 3 -4 -5 5 -7 -8 8 9 14 12 -13 -14 22 -16 20 17 -19 -20 -21 -22 -23 -24 -25 -26 -27 -28 -29 29 -31
leaf_value=0.0015147549253845274 0.1451140993796104 -0.033651527760173244 -0.050736213138258768 0.12895071449564469 -0.024469014699213532 0.073942826018303626 0.037326269711943992 -0.033020634093482673 0.012237557418104991 0.013340123971286616 -0.018307009775961541 0.10735234076034453 0.047889790852122194 -0.012632076622588653 -0.02042276470645106 -0.01650269605743749 -0.0071217890987822653 0.076584659200326088 0.034694531422519083 0.041452387294048001 -0.02958005281970414 0.044784061195270203 -0.035020492147829957 -0.034160567320850092 0.029868287945874757 -0.026309638840543811 -0.0099803561940072592 0.057858368842489738 -0.016896423725724165 0.012434897724781379
leaf_weight=2263.57446365332 1.1819145779591078 24.970237771573014 0.58736794983269636 0.48544115253025566 8.2785731886979246 5.4644605083740307 8.6146551271667686 13.687443804461507 8.474477245355958 16.53166550770402 15.461379525135273 8.2587556764483434 7.9228618553606784 23.65524460747838 34.583451968384907 14.376752777025105 15.389607928693296 9.4729790948331338 12.479320608079432 14.974211517721413 24.663694102317095 9.4035172350704652 40.76926521351561 18.051475804299116 14.295166052877901 26.883023899048567 190.06729376409203 8.7180377133190614 28.164888486266136 75.852963950484991
leaf_count=14831 145 7272 368 14 100 43 94 429 120 99 217 46 78 121 236 215 132 62 62 87 178 76 238 118 66 199 2115 65 176 451
internal_value=0.000353085 -0.0233601 0.0800955 -0.0305507 0.000574323 0.0233943 0.00704332 0.000398131 -0.0036003 0.00464886 0.0270874 0.0591818 0.00412126 -0.0079693 -0.00038686 0.00441919 0.0123556 0.0310417 -0.00096225 0.016833 -0.0112642 0.00773215 -0.0198019 -0.00872277 0.00337697 -0.0112116 -0.00435134 0.00411144 0.000130579 0.00449286
internal_weight=2945.29 27.225 1.76928 25.4557 2918.07 22.3577 16.8932 2895.71 632.137 218.876 40.1175 16.7332 23.3842 413.262 178.758 144.175 95.7308 39.8368 55.894 30.3638 48.444 23.7803 96.7712 56.0019 37.9504 43.4147 316.491 126.423 117.705 104.018
internal_count=28453 7799 513 7286 20654 237 194 20417 5586 1807 461 166 295 3779 1346 1110 641 281 360 219 469 291 543 305 187 298 3236 1121 1056 627
is_linear=0
shrinkage=0.05


Tree=113
num_leaves=31
num_cat=0
split_feature=7 34 28 35 8 32 27 28 4 37 24 23 34 6 3 39 10 35 15 11 4 34 27 31 6 39 24 11 16 24
split_gain=5.70493 7.18823 5.15566 4.78682 4.19294 6.48183 5.75395 4.69167 8.24758 9.22234 10.2346 7.06623 10.7839 7.67138 6.70263 6.17854 6.39236 9.17327 8.15084 7.97379 7.44098 7.10909 6.63123 6.35558 11.1807 6.46201 7.13406 5.36817 6.69099 6.42968
threshold=0.98299999416570782 -0.021975820373774258 0.99899228497262804 0.012072446046378667 0.98169655216859464 0.0011093142959247243 0.98673622436419806 0.95013874628484707 1.0000000180025095e-35 0.0032296834618704248 243.21727250000001 5.0025000000000004 2.3911061804408589 -1.3112472733395837 -0.021352213892161454 0.93809520607453223 0.73390586638776767 0.20000000100000007 0.030139564199116616 0.99465839016496427 -0.2566965283600367 1.5597502967976136 0.98198407276946542 6.5000000000000009 -0.37371151332176455 0.51298920931538672 952.51132750000022 1.0454588224610588 0.0019260928603474592 130.33596750000001
decision_type=2 2 2 2 2 2 2 2 2 2 2 2 2 2 2 2 2 2 2 2 2 2 2 2 2 2 2 2 2 2
left_child=4 2 -2 -3 7 6 -6 -1 11 10 -10 12 27 14 -13 16 17 18 23 22 -19 -22 -18 -15 -25 26 -26 28 -9 -30
right_child=1 3 -4 -5 5 -7 -8 8 9 -11 -12 13 -14 15 -16 -17 19 20 -20 -21 21 -23 -24 24 25 -27 -28 -29 29 -31
leaf_value=0.0014380492813801018 0.020203403191133923 -0.042315016483670434 0.20575818074862215 0.0086544974570711541 -0.023578486526981305 0.068784925183181661 0.034705874250525272 -0.016188422225743786 -0.0022495975162998222 0.0013961699091868485 0.074954445857282392 -0.010366129090676168 -0.024715788849376429 -0.041561977910993038 0.035401598725914939 -0.047128747607006409 0.0222914209163287 -0.015520666286885058 -0.04545529031987583 0.030019243142306515 0.042339836535408661 -0.0064353629136344338 -0.019923194889414783 0.046962746466995622 -0.00047885518086113795 0.022112427842949773 -0.054606467871985011 -0.025560750555961131 0.038877953060286567 0.005400906188967193
leaf_weight=2265.0588363966672 1.3337122293887684 18.719562426849738 0.52042771846754465 6.1099612750113002 8.1646400039899216 5.5774520438862956 8.796937328646889 12.383748341351746 7.9468438345938948 201.60676119645359 9.3355871662497503 16.575531557202339 25.383333055302501 17.008026235736907 15.461497895419596 13.490090354345737 12.418716266751288 67.14177093654871 39.346689444035292 17.399837339296937 12.962547652423384 17.632750935852528 37.075138632208109 8.2088496722280961 10.879114842973651 7.5415482819080344 13.821377668064086 8.1936134286224824 32.888439051806927 25.435341294854879
leaf_count=14831 459 7247 58 35 100 43 94 298 95 1631 81 83 357 452 100 144 58 409 254 160 64 95 221 67 105 38 315 102 268 189
internal_value=0.000333186 -0.022681 0.0722857 -0.0297726 0.000543659 0.0220258 0.00665006 0.000376421 -0.00343966 0.00440106 0.0394543 -0.00761292 0.00363172 -0.0114331 0.011722 -0.0141313 -0.0124286 -0.0170132 -0.0279227 0.000904503 -0.00620774 0.0142296 -0.00933094 -0.0159168 -0.00513398 -0.0183978 -0.0307664 0.0127514 0.017191 0.0242784
internal_weight=2944.42 26.6837 1.85414 24.8295 2917.74 22.539 16.9616 2895.2 630.137 218.889 17.2824 411.248 104.284 306.963 32.037 274.926 261.436 194.543 96.8056 66.8937 97.7371 30.5953 49.4939 57.4589 40.4509 32.242 24.7005 78.9011 70.7075 58.3238
internal_count=28453 7799 517 7282 20654 237 194 20417 5586 1807 176 3779 1214 2565 183 2382 2238 1799 1231 439 568 159 279 977 525 458 420 857 755 457
is_linear=0
shrinkage=0.05


Tree=114
num_leaves=31
num_cat=0
split_feature=7 33 28 37 0 17 8 19 11 7 28 4 16 33 18 20 19 19 0 24 23 4 39 1 23 33 6 3 39 10
split_gain=5.28382 6.48263 4.61777 4.51834 4.57783 4.50531 3.75036 7.68051 10.7651 5.97243 4.25635 7.4864 8.60093 10.8741 18.0084 7.07097 7.01728 6.65238 6.71617 9.63672 12.4481 7.71416 8.42461 10.7416 6.43257 9.80819 6.98242 5.9352 5.83169 5.87014
threshold=0.98299999416570782 0.97693287037037047 0.94834922664153398 0.30189773483463861 0.97800000496514439 9.9999999391891003e-10 0.98169655216859464 -1.9996243265009845 0.99900136849710752 0.97700928336463411 0.95013874628484707 1.0000000180025095e-35 0.010379675875295572 8.9793518518518542 0.0020460402330064642 9.6294048502237679 4.5087205461845015 4.8011967750313183 0.85887663595399111 12112.471533500002 117.87925000000001 0.025453992298314514 0.46135672870533889 -4.3428064090208496 5.0025000000000004 10.925572916666669 -1.3112472733395837 -0.021352213892161454 0.93809520607453223 0.73390586638776767
decision_type=2 2 2 2 2 2 2 2 2 2 2 2 2 2 2 2 2 2 2 2 2 2 2 2 2 2 2 2 2 2
left_child=6 2 -2 4 -3 -4 10 9 -9 -8 -1 24 13 14 16 -15 -13 18 19 20 -14 -22 23 -23 25 -12 27 -26 29 -28
right_child=1 3 5 -5 -6 -7 7 8 -10 -11 11 12 17 15 -16 -17 -18 -19 -20 -21 21 22 -24 -25 26 -27 28 -29 -30 -31
leaf_value=0.0013652753375041151 -0.050434092964243532 0.019549258102232514 0.23429884703351764 0.11929731162973234 -0.041618334235229482 0.045155963525797226 0.037721457614782052 0.12575104914821655 0.0033602009430502874 -0.025222387796397461 0.012010545219691977 0.044463726545867013 -0.0088240405894400679 -0.035770460509663572 0.07411528155804667 0.045550129583569646 -0.040604151475858032 -0.020085787905288945 -0.023143514545299317 -0.02433093156111556 0.070879435592405116 0.053791147596716375 0.044940478774033218 -0.0092192187571387592 -0.0098765866169930848 -0.02395406204787727 -0.016336005527848318 0.033024802559497954 -0.046073003337464981 0.00085320738629515779
leaf_weight=2266.467613069166 0.58668177429354074 3.6101008653640809 0.51189287926536031 0.50209745718166132 20.031769424444064 0.81784578639781103 6.4527063742280033 3.5312048628693438 3.6575697695370764 9.0601146295666677 79.497451134026051 3.8428531290846895 37.277914751321077 9.3758763614459877 17.204544177046046 3.7391789847169994 6.5670645067002624 35.057059403508902 19.409889312228188 18.958930922672153 8.7751229405403119 8.9171876870095677 22.259686343371868 28.007805973291401 16.528490617871284 24.893645345233381 192.65248219203204 15.738131772726772 13.118763912469147 66.921018483117223
leaf_count=14831 361 17 91 14 7255 61 34 42 66 95 857 50 405 141 130 40 100 250 140 109 47 71 121 203 83 357 1799 100 144 439
internal_value=0.000314078 -0.0221001 0.0664143 -0.0291259 -0.0322781 0.117968 0.000514263 0.0207576 0.0634799 0.000959707 0.000355533 -0.00328435 0.00416822 0.0249028 0.0427072 -0.0125855 -0.00920108 -0.000558589 0.00420837 0.00848302 0.0143946 0.0271306 0.0206441 0.00599745 -0.00727858 0.00343424 -0.0109457 0.0110487 -0.0135482 -0.0119044
internal_weight=2943.97 26.0604 1.91642 24.144 23.6419 1.32974 2917.91 22.7016 7.18877 15.5128 2895.21 628.743 219.393 40.7295 27.6145 13.1151 10.4099 178.664 143.607 124.197 105.238 67.9598 59.1847 36.925 409.35 104.391 304.959 32.2666 272.692 259.574
internal_count=28453 7799 513 7286 7272 152 20654 237 108 129 20417 5586 1807 461 280 181 150 1346 1096 956 847 442 395 274 3779 1214 2565 183 2382 2238
is_linear=0
shrinkage=0.05


Tree=115
num_leaves=31
num_cat=0
split_feature=29 32 3 29 27 30 29 8 24 30 3 22 29 39 8 11 14 21 22 5 30 37 7 0 11 20 9 26 29 26
split_gain=4.87923 10.0243 11.8877 6.6993 8.22985 6.38699 6.08832 5.85036 5.65962 8.57212 5.52133 5.3422 5.32173 4.78927 7.28378 6.98656 6.48777 7.5331 6.94338 5.83957 5.26385 6.97184 6.29056 4.78257 4.77556 4.53811 4.48666 5.70704 9.90695 6.13351
threshold=-0.69693157814642792 0.0070447212582015256 -0.011428195822969502 -0.51199920348134997 0.44477770022018009 5.5000000000000009 -0.99999979939641837 0.010900000014480356 9297.5950055000012 3.5000000000000004 0.96954048663044223 7.6400000000000015 -0.47823197864074329 0.036908461751639365 0.0074656873305876947 0.87987515787418136 0.018389208603736797 -0.010471299867295355 122.36396150000002 -0.7731895835565824 1.5000000000000002 0.052659306064296939 0.89557946860875448 0.21000000014951356 0.99032151347611763 -2.8211049475738093 0.0012333333333833338 0.68835166390879798 0.94544976888761989 -0.18306302527565674
decision_type=2 2 2 2 2 2 2 2 2 2 2 2 2 2 2 2 2 2 2 2 2 2 2 2 2 2 2 2 2 2
left_child=1 6 7 4 -2 -4 11 -3 -8 -10 12 23 -5 14 -13 19 17 -15 20 -16 21 22 -19 -1 -6 -9 27 29 -29 -14
right_child=3 2 5 10 24 -7 8 25 9 -11 -12 13 26 16 15 -17 -18 18 -20 -21 -22 -23 -24 -25 -26 -27 -28 28 -30 -31
leaf_value=-0.0022171187462350409 -0.0091639347065271635 -0.0052882290724198099 0.0077461846501263257 -0.036100518144924952 0.016346934379383265 -0.039147232011466311 -0.03307603478315229 0.020859577929812995 0.0271557929416366 -0.029296245480258745 -0.027013208400378238 -0.016833190235104281 -0.0055554807848513191 0.031738885237046648 0.029434753486956407 0.053062726561712383 -0.027741351444497658 0.027190757018889174 -0.04734026203463404 -0.02386118022721595 0.034308799693457813 -0.065835905159903549 -0.031673738379990907 0.050065690717061406 0.055120859797993749 0.057890339873166136 0.00099956393831794588 0.095124756544843578 -0.038394400272223551 -0.048859976259179108
leaf_weight=10.060200619045647 16.890643915219698 10.772731132805346 15.430790562182667 9.8422810160554928 17.472892433404922 13.71524535003118 46.836064807896037 18.921201683580872 12.019141607917847 15.265702269156462 18.239598141983151 24.564181501511484 19.340991897508502 12.261375125905031 10.264203667640688 10.384211383759974 49.728421282838099 10.30890941992403 10.810280919307841 10.294386379420759 7.9401350877014911 4.8993850862607351 8.1084257782204059 7.738770692201796 14.557223679381421 14.70221844315529 2500.3770142054418 2.8844514014199367 2.6802033148705959 14.165597761515526
leaf_count=93 108 51 97 60 88 83 406 85 94 150 191 223 501 73 49 67 315 65 240 57 99 33 200 79 118 65 24025 28 118 509
internal_value=2.99981e-05 -0.00574777 0.0104899 0.000747736 0.0190768 -0.0143204 -0.0104962 0.0267779 -0.0225306 -0.00442878 0.000398501 -0.00546697 0.000594626 -0.00836517 0.00349522 0.0196331 -0.0146918 -0.00274727 -0.012799 0.00274766 -0.000852807 -0.0128265 0.00127504 0.0205148 0.0339691 0.0370517 0.000736847 -0.0160758 0.0308156 -0.0238633
internal_weight=2941.48 325.026 73.5422 2616.45 48.9208 29.146 251.484 44.3962 74.1209 27.2848 2567.53 177.363 2549.29 159.564 55.507 30.9428 104.057 54.3285 42.0671 20.5586 31.2569 23.3167 18.4173 17.799 32.0301 33.6234 2539.45 39.0712 5.56465 33.5066
internal_count=28370 2624 381 25746 314 180 2243 201 650 244 25432 1593 25241 1421 396 173 1025 710 637 106 397 298 265 172 206 150 25181 1156 146 1010
is_linear=0
shrinkage=0.05


Tree=116
num_leaves=31
num_cat=0
split_feature=29 32 3 13 29 27 30 29 3 26 12 29 3 26 22 39 8 12 0 26 39 21 21 26 20 8 31 22 9 19
split_gain=4.43619 9.09599 10.7065 9.37031 6.00551 7.32704 5.88919 5.58667 5.07858 5.00223 6.46596 4.86468 4.85536 5.32199 5.78591 5.16088 6.83491 5.95666 10.7933 5.59193 4.43478 4.41127 6.1552 6.95245 4.29547 4.26408 5.60699 4.42875 6.031 6.5142
threshold=-0.69693157814642792 0.0070447212582015256 -0.011428195822969502 1.0059292965378963 -0.51199920348134997 0.44477770022018009 5.5000000000000009 -0.99999979939641837 0.96954048663044223 -0.27293044436042707 1.0168189742491427 -0.47823197864074329 -0.45489828935423626 3.4843672131967689 7.6400000000000015 0.02189781128990664 0.012930488384460795 0.97180141684092403 0.030000000064666674 -0.26019185038199588 0.034482755725979967 -0.62414856991863832 -0.96234369440546297 -0.24669210858913745 -3.8114625595400917 0.0010000389047293517 39.500000000000007 5972.0508605000014 0.0045430034919031062 -6.1689476649129196
decision_type=2 2 2 2 2 2 2 2 2 2 2 2 2 2 2 2 2 2 2 2 2 2 2 2 2 2 2 2 2 2
left_child=1 7 3 24 5 20 -4 12 11 10 -9 -6 -1 14 -14 16 19 -17 -19 -16 -2 22 -13 -24 -3 26 -23 -27 -29 -30
right_child=4 2 6 -5 8 -7 -8 9 -10 -11 -12 21 13 -15 15 17 -18 18 -20 -21 -22 25 23 -25 -26 27 -28 28 29 -31
leaf_value=-0.030150801262851492 0.020101871983161143 0.024117680828356539 0.0073317577208207967 0.057131177410341773 -0.034742961234385465 0.031935363460823062 -0.037871729124997033 -0.022939173877835135 -0.02616120369663413 -0.028581304059391771 0.041639517229455553 0.0067268186270478987 0.0238862478744232 0.045601174497402662 -0.04755419503057675 -0.03211893180644429 0.032968213616964899 0.053869432716475207 -0.012065541349374395 0.0069036076179884408 -0.031564901372615674 -0.031989263748537597 0.0089119529926044352 -0.035857599772277968 -0.015140619930255984 0.00079130992257801585 0.0052907325043176053 0.039410052498874526 0.040899032153849574 0.0025522166257835759
leaf_weight=17.594575613737106 7.4420185266062644 17.860213618725538 15.486394584178926 15.253435626626013 9.7187145618372579 32.354911443602759 13.474521411815656 9.6734414830571058 17.900699125602841 57.194988055736758 6.4676541082444592 27.895277053117752 16.36922203033464 5.5564314663060932 6.8288947381079188 30.134809706360102 15.997933149337767 6.8965746071189633 62.049372694455087 15.220352469012143 9.3982728541013767 22.137473817914724 12.013404183089731 31.176756083965302 11.424708575010301 2287.1393801558879 18.527015584520996 15.437663240358232 12.272951487801036 113.45996855362318
leaf_count=108 40 82 97 67 60 206 83 92 191 511 47 187 159 79 53 193 84 56 713 148 68 940 84 218 52 22489 216 100 61 886
internal_value=2.66684e-05 -0.00549716 0.00996548 0.0253538 0.000709493 0.0180141 -0.0136999 -0.0100434 0.000377947 -0.0216442 0.00293718 0.000564265 -0.00522733 -0.00247028 -0.00421042 -0.00756437 0.0080888 -0.0135752 -0.00547015 -0.00996257 -0.00873245 0.000699356 -0.0115806 -0.0234049 0.00880213 0.00105292 -0.0150042 0.00132181 0.00991655 0.0062953
internal_weight=2940.36 323.484 73.4993 44.5384 2616.87 49.1952 28.9609 249.984 2567.68 73.3361 16.1411 2549.78 176.648 159.054 153.497 137.128 38.0472 99.0808 68.9459 22.0492 16.8403 2540.06 71.0854 43.1902 29.2849 2468.97 40.6645 2428.31 141.171 125.733
internal_count=28370 2624 381 201 25746 314 180 2243 25432 650 139 25241 1593 1485 1406 1247 285 962 769 201 108 25181 489 302 134 24692 1156 23536 1047 947
is_linear=0
shrinkage=0.05


Tree=117
num_leaves=31
num_cat=0
split_feature=29 32 4 29 27 5 29 24 5 38 23 12 13 12 15 20 5 13 22 19 15 15 23 25 23 22 16 18 13 39
split_gain=4.02788 8.24411 6.86701 5.38796 6.53346 5.36387 5.12764 5.20536 6.70328 5.68829 5.62701 5.47965 4.68755 5.24906 4.41085 7.52035 10.9938 8.05808 5.13556 12.8381 8.87999 8.1285 5.53225 4.46637 5.61376 7.17711 6.69966 12.9943 5.33674 4.41804
threshold=-0.69693157814642792 0.0070447212582015256 -0.026340050438989529 -0.51199920348134997 0.44477770022018009 -0.24116205681688799 -0.99999979939641837 2989.5915670000009 -0.73247118758211505 0.44444445649574255 3254.6842955000006 1.0168189742491427 1.0314912080888425 0.98275310708862984 0.01504091052544387 8.6177040348129008 0.010125161864282655 1.0146151477778076 11.408258000000002 -0.71942774174589841 0.039736062064692913 0.056048760977402738 171.49342600000003 0.0687397491195368 440.28241850000006 13.008000000000001 0.0063984193544538324 0.015223191606129982 1.0072657363406974 0.047138101199525911
decision_type=2 2 2 2 2 2 2 2 2 2 2 2 2 2 2 2 2 2 2 2 2 2 2 2 2 2 2 2 2 2
left_child=1 6 5 4 -2 -3 14 9 -9 -8 11 -10 13 -4 15 16 23 -18 19 -16 -20 -22 -23 24 25 -1 27 -26 -25 -24
right_child=3 2 12 -5 -6 -7 7 8 10 -11 -12 -13 -14 -15 18 -17 17 -19 20 -21 21 22 29 28 26 -27 -28 -29 -30 -31
leaf_value=-0.0049220676497556404 -0.0083300635059605291 0.0090670309409149521 0.0028092716429887758 0.00035837254070872349 0.030055215909132849 0.045016084386258676 -0.051057538132259196 0.037739250958381938 -0.016353265324565044 0.0046344099229310709 -0.034947820364815696 0.042898654439070177 0.018181423779882071 -0.052002737072836702 0.054560156609773515 -0.053335540634225367 0.080811875239106268 0.0026710913929539307 -0.039364506425264019 -0.023845675253104864 0.039931296991490339 -0.042292403411411224 0.0052177885416774573 -0.0398112257507411 -0.054414264699452188 0.087814677791477891 -0.059673569499019086 0.1633262168459633 0.034749423057265166 -0.022684112741205176
leaf_weight=4.0206909449188988 16.783529901469592 31.200894482433796 8.3294692486524635 2567.6163613911485 32.652044569433201 15.546566590666769 20.394401095865764 6.1908638700842848 12.11419607041171 5.9146873084828249 22.239167782652657 5.7560396340559228 9.1770345550030452 9.183694586157797 9.8108641207218188 4.5204300486366256 8.6243841906543803 5.3433598925475954 26.460926356259733 11.159369813278316 8.6068808361887914 12.119188228622077 37.71192092448473 10.90933571878122 1.5558607436250889 4.3366257400484756 3.9809276564046741 1.2244282048195598 3.0767724139150223 22.743617288768291
leaf_count=70 108 146 49 25432 206 73 191 34 127 55 211 32 55 58 56 87 87 44 159 84 50 97 227 204 160 58 28 10 29 143
internal_value=2.36714e-05 -0.00525098 0.00946952 0.00067317 0.0170233 0.0210224 -0.00959573 -0.0207773 -0.0106857 -0.0385371 -0.0181601 0.0027319 -0.0107652 -0.0259335 -0.00498811 0.00801636 0.0144552 0.0509191 -0.00980038 0.0128363 -0.0142103 -0.00601136 -0.0114599 -0.00304435 0.0157947 0.0431992 -0.018079 0.0414778 -0.0234088 -0.00527902
internal_weight=2939.3 322.253 73.4377 2617.05 49.4356 46.7475 248.815 72.6094 46.3003 26.3091 40.1094 17.8702 26.6902 17.5132 176.206 47.5928 43.0724 13.9677 128.613 20.9702 107.643 81.1816 72.5747 29.1046 15.1185 8.35732 6.76122 2.78029 13.9861 60.4555
internal_count=28370 2624 381 25746 314 219 2243 650 404 246 370 159 162 107 1593 777 690 131 816 140 676 517 467 559 326 128 198 170 233 370
is_linear=0
shrinkage=0.05


Tree=118
num_leaves=31
num_cat=0
split_feature=29 32 4 21 29 27 5 36 32 29 24 4 13 11 29 29 12 11 22 26 0 39 21 21 26 8 26 26 25 38
split_gain=3.66969 7.48423 6.18002 5.78969 4.83654 5.83133 4.78802 4.77022 4.72941 4.70302 5.15311 9.18338 5.23687 4.57723 4.39988 4.35786 4.14108 4.10257 4.10082 4.4113 4.21094 4.04388 3.97121 6.45831 4.97441 3.79621 4.82784 6.60045 7.19472 3.79954
threshold=-0.69693157814642792 0.0070447212582015256 -0.026340050438989529 -0.070916675532768744 -0.51199920348134997 0.44477770022018009 -0.24116205681688799 0.7224079370890456 0.048468322363848147 -0.99999979939641837 9297.5950055000012 -0.059703290625930001 0.97393874487476328 0.99032151347611763 -0.47823197864074329 -0.8343488857547755 1.0104226153109015 0.99032151347611763 7.6400000000000015 3.78187917117137 0.21000000014951356 0.034482755725979967 -0.69314718007044196 -0.96234369440546297 -0.24669210858913745 0.0010000389047293517 -0.32525721424422899 0.68835166390879798 0.27362415141526736 0.0070778359747132574
decision_type=2 2 2 2 2 2 2 2 2 2 2 2 2 2 2 2 2 2 2 2 2 2 2 2 2 2 2 2 2 2
left_child=1 9 6 -4 5 21 7 -3 -5 18 12 -12 -11 -14 -6 -13 -15 -7 20 -20 -1 -2 23 -16 -25 26 -24 -28 -29 -27
right_child=4 2 3 8 14 17 -8 -9 -10 10 11 15 13 16 22 -17 -18 -19 19 -21 -22 -23 25 24 -26 29 27 28 -30 -31
leaf_value=-0.0034901674896365403 0.019442049744328564 -0.014409836877650212 0.023860800491308579 -0.049744424862696097 -0.033449139041758606 0.012110164207394671 0.042470384117066183 0.025173238426069607 0.0015614936487354123 -0.053768100657569179 0.044717348677869528 -0.0046583577643982714 0.0067835329522249431 -0.059250030631348122 0.0063508034076298894 -0.055738229770046901 -0.011222814491719416 0.04753959410594244 -0.0089779737356574692 0.036179698399542867 0.045118132143474342 -0.029998203682931018 0.024780862319817479 0.002933525683871366 -0.037388734657665339 0.0039316979230310089 -0.031157352348351253 0.10464817255551702 -0.019640066604012612 -0.00030192510208672751
leaf_weight=10.193776328582318 7.4688773667439845 13.096698790788652 8.4573879507370311 9.8097295574843901 9.598197211395016 17.869518086314201 15.651684276759623 18.172485020011663 8.2855075597763044 15.552289539948104 7.4161360338330296 13.28874485479901 11.468441337347032 8.4097432201378997 27.988243155181408 6.0887297544395524 9.6252596763079037 15.05456483067246 151.81176899123238 5.6078599875909267 7.9150318232132113 9.2684675152995606 6.556882716715335 10.841177094727753 25.97469836845994 774.37557524628937 28.811157605610788 1.9985874835401762 2.7895958353765309 1679.1062003180268
leaf_count=93 40 61 49 56 60 88 73 85 57 107 38 144 71 160 187 62 68 118 1344 77 79 68 70 75 191 9920 950 14 122 13843
internal_value=2.06694e-05 -0.00502624 0.00898597 -0.0102906 0.000639269 0.0160943 0.0198946 0.00859437 -0.0262523 -0.009188 -0.0199636 -0.00259946 -0.0302896 -0.0179133 0.000340396 -0.0207085 -0.033618 0.0283103 -0.00477722 -0.00736929 0.0177556 -0.00793597 0.00046716 -0.0117525 -0.025515 0.000784722 -0.0144643 -0.022123 0.0322378 0.0010343
internal_weight=2938.55 320.851 73.4735 26.5526 2617.7 49.6614 46.9209 31.2692 18.0952 247.378 71.8493 26.7936 45.0557 29.5034 2568.04 19.3775 18.035 32.9241 175.528 157.42 18.1088 16.7373 2558.44 64.8041 36.8159 2493.64 40.1562 33.5993 4.78818 2453.48
internal_count=28370 2624 381 162 25746 314 219 146 113 2243 650 244 406 299 25432 206 228 206 1593 1421 172 108 25372 453 266 24919 1156 1086 136 23763
is_linear=0
shrinkage=0.05


Tree=119
num_leaves=31
num_cat=0
split_feature=3 16 36 18 4 11 13 6 6 32 15 33 27 27 27 33 30 21 13 32 10 10 13 13 19 30 24 13 24 31
split_gain=3.7618 4.30071 5.68826 3.78907 3.67947 7.39369 8.39303 5.99265 5.65022 12.3778 4.0714 8.11639 3.53582 8.52326 14.0963 9.89103 11.0725 6.69212 11.1079 7.42829 7.76439 10.3161 6.64382 6.07564 8.75825 5.92925 5.66706 6.67495 8.4027 10.0118
threshold=0.96954048663044223 0.36502950376849486 0.34960793196961598 0.034517802074572508 0.69314718255994534 1.1275777849214721 1.443455223282579 -0.18933584344291934 0.95551145726981113 0.01617317320621442 0.24595926697512896 8.2278240740740767 0.49795511770651696 0.34505349828700743 0.29264746210210441 5.589114583333334 2.5000000000000004 -0.032833517210860801 0.72614265788461496 0.014285890862585209 0.20126755311449643 0.039900839820793725 1.0078459197145915 0.7516079175631557 -1.6596242697128858 35.500000000000007 48804.57645700001 0.91187616450155462 12744.271500000001 73.500000000000014
decision_type=2 2 2 2 2 2 2 2 2 2 2 2 2 2 2 2 2 2 2 2 2 2 2 2 2 2 2 2 2 2
left_child=4 2 3 -2 12 -6 7 -7 10 -10 11 -9 13 14 17 16 -16 18 -1 20 21 -20 -17 -15 -25 -26 27 -19 -29 -30
right_child=1 -3 -4 -5 5 6 -8 8 9 -11 -12 -13 -14 23 15 22 -18 26 19 -21 -22 -23 -24 24 25 -27 -28 28 29 -31
leaf_value=-0.035094656283351434 0.0059915549877084147 -0.051568119355242831 0.043740788993821972 -0.058240008112943609 0.041376061176362722 0.027468750441795056 0.056050696610433354 0.020279482611310719 -0.024603352700640277 0.068798663920163719 -0.052957941583179451 -0.059242256582975321 0.00076741322614783548 -0.032670915960165331 0.10250561272027532 -0.020226395722559465 0.024442707219571844 0.0070352676240036348 0.02360282308024372 0.06966920490731994 0.050045381621673435 -0.047559068067642207 0.037765882086931407 0.0066609437578981443 -0.023113642112089012 0.029272863223766401 -0.037520318160752228 -0.012617881227318897 0.05483533103185282 -0.011862055676225593
leaf_weight=9.2984240278601629 4.5652353782206792 7.4589971154928199 4.2334123440086833 4.6191533003002405 15.931290969252585 11.566299997270105 6.5537462104111901 8.1809966899454611 9.5063521265983564 5.6583474400686091 10.059473674744366 5.2793618682771912 2274.9908242189267 32.158153425902128 7.3679586846556075 11.682396452233663 11.845566045318263 93.064571961760521 14.305679876357319 7.7079501114785662 10.742280796053818 7.9081893153488627 8.5556976207881217 55.858421173441457 72.840556483570253 5.8339389536413355 13.232320529408751 184.20210748887621 10.682207456498874 11.887963704066349
leaf_count=64 71 75 32 56 99 90 44 79 112 35 86 57 22786 182 62 83 83 613 110 34 65 53 52 328 639 35 101 1989 136 119
internal_value=1.82336e-05 -0.0211307 -0.00421037 -0.0263128 0.0001696 0.0112743 0.00283196 -0.00410886 -0.0135503 0.0102474 -0.0288941 -0.0109102 -0.000114387 -0.00363894 0.000298663 0.0286836 0.0543781 -0.00278601 0.0142073 0.0254809 0.0151459 -0.00173098 0.00428996 -0.0131465 -0.00847945 -0.019229 -0.00549796 -0.00408475 -0.00908968 0.0197051
internal_weight=2937.78 20.8768 13.4178 9.18439 2916.9 72.7359 56.8046 50.2508 38.6845 15.1647 23.5198 13.4604 2844.17 569.174 402.483 39.4516 19.2135 363.032 49.9625 40.6641 32.9561 22.2139 20.2381 166.691 134.533 78.6745 313.069 299.837 206.772 22.5702
internal_count=28370 234 159 127 28136 602 503 459 369 147 222 136 27534 4748 3564 280 145 3284 326 262 228 163 135 1184 1002 674 2958 2857 2244 255
is_linear=0
shrinkage=0.05


Tree=120
num_leaves=31
num_cat=0
split_feature=0 20 12 39 30 31 28 36 36 39 36 10 16 24 8 34 6 33 4 0 33 27 24 33 28 27 28 28 27 8
split_gain=6.11835 8.38924 7.49112 7.32001 8.43199 10.3664 6.47149 7.28839 6.13508 10.7519 9.5398 15.6595 6.73748 5.73669 5.69695 5.82927 5.57089 9.64166 5.99506 5.43533 5.42871 6.84293 5.40847 5.36736 6.8057 6.04681 6.74184 6.7073 8.05324 6.98347
threshold=0.9580000048259617 7.8113346588494492 1.0178807984686986 0.79961624430198353 14.500000000000002 74.500000000000014 0.20427250774430125 0.29473429174718585 0.0099064421860688371 0.53846047980736167 0.0058000801294384357 0.98402499988591174 0.001502243696090356 14642.611224 0.96202088287889986 -0.96770631190893486 -0.7277687330439554 5.9775405092592599 -0.13815033848081706 0.97999999657000003 1.6755729166666669 0.99689096091819862 499.87673999999998 12.050040509259262 0.48129143675024927 0.49999774355172805 0.82407764627444724 0.95013874628484707 0.58512494768179824 0.90852785553242887
decision_type=2 2 2 2 2 2 2 2 2 2 2 2 2 2 2 2 2 2 2 2 2 2 2 2 2 2 2 2 2 2
left_child=3 2 8 6 5 23 7 -1 9 10 11 -2 -10 -7 15 -8 18 -18 -9 -3 21 -21 -11 24 -5 26 -26 28 29 -27
right_child=1 19 -4 4 -6 13 14 16 12 22 -12 -13 -14 -15 -16 -17 17 -19 -20 20 -22 -23 -24 -25 25 27 -28 -29 -30 -31
leaf_value=-0.02302844529082694 0.45863019145286982 -0.043161034871327726 0.026579593207036539 0.030308806292286074 0.026185529796303338 -0.045019310788575843 -0.045289591192424733 0.0025662069309640694 0.050078681793818219 -0.039690487995308582 -0.053329900479596265 -0.053365803119785393 -0.0030376406622922374 -0.0066389347645512027 0.044963191485008366 0.0001420292417960466 0.063251013633423905 -0.00035142635571981223 -0.043710572073187154 0.019951597343160266 -0.018607487414312902 0.2421677736102287 -0.0098868303439500205 -0.01078949946756559 -0.027603873183858776 0.020542080537260542 0.022727384304540039 -0.0018350400641381206 0.012675947843057759 0.089212634747564315
leaf_weight=65.765727763064206 0.38811397552490123 24.500114398077134 17.775062503817026 36.12464939057827 49.565221829339862 13.45073990896344 7.0832705171778789 18.83687545359135 6.4460940309800199 25.806859556032578 0.38850360311334953 0.24275183904683217 80.849315641447902 35.253969192504883 7.0661568269133559 2199.8039876208641 7.9141496904194346 24.114548780024052 11.135910928249357 1.1492971334955644 4.6956437480112072 0.49593628296861414 37.113316586939618 34.578251529484987 23.024941109120846 8.0716052502393705 9.3573129251599294 70.30664936080575 101.01687092706561 6.8393833935260764
leaf_count=699 4 268 310 254 235 66 55 117 84 2781 19 140 625 166 36 14982 60 197 93 197 1160 49 4223 297 134 65 59 466 551 54
internal_value=-5.66085e-05 -0.00850139 -0.00412531 0.000561752 0.0069265 0.00410251 -0.000491708 -0.0114333 -0.00773414 -0.0195011 0.141585 0.261618 0.000884591 -0.0172384 0.00013973 -3.78902e-06 0.000865879 0.0153645 -0.0146272 -0.0324826 0.00877733 0.0869361 -0.0221109 0.00769508 0.0102042 0.00688202 -0.0130599 0.0103495 0.0177391 0.0520399
internal_weight=2929.16 199.851 169.01 2729.31 387.59 338.024 2341.72 127.767 151.235 63.9395 1.01937 0.630866 87.2954 48.7047 2213.95 2206.89 62.0015 32.0287 29.9728 30.841 6.34088 1.64523 62.9202 289.32 254.741 218.617 32.3823 186.235 115.928 14.911
internal_count=28446 9860 8186 18586 2347 2112 16239 1166 7876 7167 163 144 709 232 15073 15037 467 257 210 1674 1406 246 7004 1880 1583 1329 193 1136 670 119
is_linear=0
shrinkage=0.05


Tree=121
num_leaves=31
num_cat=0
split_feature=1 20 13 36 17 31 11 32 23 10 5 11 26 23 4 1 19 20 13 33 5 29 26 21 4 9 27 1 35 3
split_gain=5.58141 7.75675 8.25395 8.37759 7.65134 5.36797 7.60619 5.234 6.53653 6.2263 11.5718 5.09043 6.80361 6.47332 5.26501 5.0711 4.85667 7.58379 4.75354 6.37982 7.01738 6.92431 7.68085 8.71248 5.7927 5.41485 4.98477 5.51767 4.77594 4.5602
threshold=-0.04290749597373833 7.8113346588494492 1.028554575926216 0.0051706424446637022 0.0058484028901981061 46.500000000000007 1.0233854652545007 0.0028321998867398266 8865.5160225000018 0.97045337858222069 0.0031550489450066694 0.99579075121837124 -0.27091870186658867 57.493712500000008 -0.0093996388882175413 -0.02020271081751954 4.402178374339079 12.862223236593836 1.1149120991149508 1.4517303240740744 3.0750041012406309e-07 0.99999999818491048 0.33647772568242545 -2.8857325299398284e-09 1.3637563821377647 0.04633264286568526 0.97771543219457324 -5.2962864965707004 0.20000000100000007 0.28768207245178096
decision_type=2 2 2 2 2 2 2 2 2 2 2 2 2 2 2 2 2 2 2 2 2 2 2 2 2 2 2 2 2 2
left_child=18 2 3 -2 -5 -4 -7 9 -9 -6 11 13 -13 14 -11 -3 -17 -18 24 20 -20 22 25 -24 29 26 -21 -28 -22 -1
right_child=1 15 5 4 7 6 -8 8 -10 10 -12 12 -14 -15 -16 16 17 -19 19 21 28 -23 23 -25 -26 -27 27 -29 -30 -31
leaf_value=0.00090936304636477633 -0.024516245698417132 -0.041979180423551282 0.085987657684356539 0.058557526297121909 -0.029268246339905359 -0.034313050241579816 0.052711279427307814 0.050902834979588529 -0.0090861626032709263 0.0037537190146445885 0.062858926320736988 0.049437382633421158 -0.039500214701282184 -0.011287850431036243 0.07192925539110015 -0.036829093410500863 -0.018686899789188745 0.13391729711821088 -0.022064980613911336 -0.0029565196695927453 0.010260338946681671 -0.042479048842914022 0.0075306077813095222 -0.041397158410450302 -0.035720363297405106 0.0072838180969973356 0.015071872380654786 -0.036428459736982631 0.054414083536520913 0.010583473660750374
leaf_weight=2292.3482602308504 48.334922879002988 23.944689596071843 3.5619868257199405 5.4038656607735893 24.065578720998019 4.4584442580235173 5.7480077669024467 9.3520051728701237 8.8268531388603133 6.121673870831728 6.6846411480219095 2.4762250257772385 16.339673679205593 21.605325634707697 5.2697488479316217 3.0855504510400342 1.7949818299675828 1.4898752045119179 9.445881359279154 88.120018409565091 14.871708232909443 13.87010853551328 13.384133625775574 28.415112052112818 10.542304769158362 86.803485155105591 6.5270877070724955 25.596491813659668 10.41238599270582 128.6518807830289
leaf_count=15309 6574 268 87 134 248 50 102 55 59 47 111 75 367 202 75 826 394 186 52 714 91 75 66 212 120 546 55 260 53 1033
internal_value=-5.63567e-05 -0.00814993 -0.00395511 -0.00726132 0.000595959 0.0331402 0.0146968 -0.00251315 0.0217748 -0.00786092 0.000945981 -0.00704176 -0.0277958 0.00479291 0.0352922 -0.0314312 0.00821602 0.050528 0.00053254 -0.00543389 0.0147062 -0.00809632 -0.00617991 -0.0257305 0.0012624 -0.00223299 -0.00910314 -0.0259643 0.0284435 0.00142345
internal_weight=2927.55 198.564 168.249 154.481 106.146 13.7684 10.2065 100.742 18.1789 82.5629 58.4973 51.8126 18.8159 32.9967 11.3914 30.3151 6.37041 3.28486 2728.99 297.446 34.73 262.716 248.846 41.7992 2431.54 207.047 120.244 32.1236 25.2841 2421
internal_count=28446 9860 8186 7947 1373 239 152 1239 114 1125 877 766 442 324 122 1674 1406 580 18586 2124 196 1928 1853 278 16462 1575 1029 315 144 16342
is_linear=0
shrinkage=0.05


Tree=122
num_leaves=31
num_cat=0
split_feature=0 20 13 18 11 3 25 20 27 2 2 27 20 19 0 28 19 14 29 13 10 9 17 19 20 28 13 33 29 9
split_gain=5.09742 7.17488 7.39879 5.76001 5.90572 5.3816 15.2423 7.27616 5.1253 5.65606 4.78712 8.585 6.27297 8.53769 4.71807 4.42702 4.5567 4.70146 4.73091 4.70413 5.27227 14.3438 4.80118 4.34053 6.23232 4.89522 4.31 5.76732 6.36897 6.57604
threshold=0.9580000048259617 7.8113346588494492 1.028554575926216 0.0060912933604564791 1.025130162632262 -0.0010157439541492186 0.00075403780674896715 6.2324799327655933 0.59003126703073094 1.0639913389102348e-09 2.1904777989048829e-10 0.90781835821517964 1.1108409192325264 4.5883146774112777 0.97999999657000003 0.71958638026492505 -4.6730968576596998 0.013275592907843348 0.99999999583384036 1.0009828440542121 0.98173651805716522 0.97373395238624927 0.017180398033779298 4.402178374339079 12.862223236593836 0.99457483326079688 1.1149120991149508 1.4517303240740744 0.99999999818491048 0.039020689198459073
decision_type=2 2 2 2 2 2 2 2 2 2 2 2 2 2 2 2 2 2 2 2 2 2 2 2 2 2 2 2 2 2
left_child=26 2 3 5 15 6 -2 -8 -4 -10 -7 -12 -13 -14 -3 -5 -17 18 19 20 21 -18 -22 -16 -25 -26 -1 -28 29 -29
right_child=1 14 8 4 -6 10 7 -9 9 -11 11 12 13 -15 23 16 17 -19 -20 -21 22 -23 -24 24 25 -27 27 28 -30 -31
leaf_value=0.0011983858209785321 0.2736229536351017 -0.040812099069291306 -0.0082891770655707953 -0.019871716170238134 0.051087445303024351 -0.038750191240323417 -0.037665650603362737 0.14068815044281954 0.086580932196106089 0.0040556809477567462 -0.040352616735768509 -0.056045721490623424 0.20485407841209977 0.022132106034594576 -0.036191542128757574 0.033719952398406597 -0.00077600738393919467 0.046882192439894138 -0.044532579347885307 -0.019445245937779188 -0.027362980594466846 0.095495300259267113 0.032306663016152953 -0.017940706990465908 0.039095317654578916 0.21477602196762924 0.013928149532432967 -0.013466407762753341 -0.040957962334392577 0.0028696162495561736
leaf_weight=2432.9724103840999 0.55662473713164118 23.411688437685374 5.1809550654143086 30.127204715565313 5.1709372776094815 28.767813208629377 3.2208585541811776 0.6952885620703454 5.3375860208179784 3.3980540605843998 4.4631111407943527 0.81360873882658813 1.148031739285216 1.442633929866133 2.985468994913389 10.281425504072102 12.391099665313961 4.5747091517550862 6.9447358020115635 20.906031618709676 11.553554564656226 5.6257517770864061 4.7601081579923621 1.7766356391366573 0.8823164182831531 0.72016627108678222 34.815391063690186 133.03510543331504 13.671089412644504 114.73434038087726
leaf_count=16462 33 268 86 438 37 5670 349 23 101 52 255 101 84 43 826 99 145 30 83 219 248 56 34 394 100 86 196 1144 75 709
internal_value=-5.58132e-05 -0.00782038 -0.00379689 -0.00696293 -0.00110274 -0.022977 0.0287983 -0.006 0.0311117 0.0544796 -0.0292983 0.0052635 0.0650677 0.103104 -0.0304348 -0.00362103 0.00273416 -0.00203812 -0.00563721 -0.000747008 0.0106395 0.0292847 -0.00995218 0.00773751 0.0465491 0.118047 0.000505034 -0.00518905 -0.00773484 -0.0059017
internal_weight=2926.36 197.136 167.36 153.444 112.336 41.108 4.47277 3.91615 13.9166 8.73564 36.6352 7.86739 3.40427 2.59067 29.7763 107.165 77.0374 66.756 62.1813 55.2365 34.3305 18.0169 16.3137 6.36459 3.37912 1.60248 2729.23 296.256 261.441 247.769
internal_count=28446 9860 8186 7947 1389 6558 405 372 239 153 6153 483 228 127 1674 1352 914 815 785 702 483 201 282 1406 580 186 18586 2124 1928 1853
is_linear=0
shrinkage=0.05


Tree=123
num_leaves=31
num_cat=0
split_feature=0 2 34 28 13 26 39 0 13 24 22 12 17 22 13 33 5 29 26 21 25 18 12 4 20 37 6 24 22 14
split_gain=4.69344 4.88284 4.29392 4.0212 4.49727 10.2717 4.7288 10.0002 5.78843 4.73563 5.44066 4.30321 4.95508 4.16415 4.0951 5.87246 6.34308 5.93645 6.25295 8.32527 5.4341 9.05451 6.83423 5.26823 4.75635 6.16507 6.93417 5.56425 6.60413 4.4352
threshold=0.98405142914451915 0.038714501180681718 -0.73532057839590459 0.20427250774430125 1.0268846604864437 -0.16029181021562813 0.9194691086713459 0.9580000048259617 1.0037530943640449 20.000500000000002 278.64700000000011 0.9422543646672884 0.022050112583096339 117.87707100000002 1.1149120991149508 1.4517303240740744 3.0750041012406309e-07 0.99999999818491048 0.33647772568242545 -2.8857325299398284e-09 0.051547466039150218 0.37931015691872044 0.73639970453656578 1.3637563821377647 8.4347379033970373 0.41392917909733956 0.62274444437871457 14378.494003500002 114.80353950000001 0.07077196042459219
decision_type=2 2 2 2 2 2 2 2 2 2 2 2 2 2 2 2 2 2 2 2 2 2 2 2 2 2 2 2 2 2
left_child=3 2 -2 4 6 -6 8 -8 9 -1 13 -7 -13 -11 23 16 -16 18 20 -20 22 -22 -17 -5 27 26 -26 -24 -29 -18
right_child=1 -3 -4 14 5 11 7 -9 -10 10 -12 12 -14 -15 15 17 29 -19 19 -21 21 -23 24 -25 25 -27 -28 28 -30 -31
leaf_value=0.030744576555488429 0.084515059755462571 0.1222300465910211 -0.043555659216308891 0.0013326287533764244 0.055142778895310829 -0.048882035015197334 0.067776527055810706 -0.033011548153384668 -0.040092835619320734 -0.013469624682971013 0.017590823192803105 -0.022931677157855337 0.04599020545293335 -0.051569218225987618 -0.02174083574269519 0.020753408215478379 0.0058961003209874012 -0.039838616701966402 0.0085747627302707029 -0.039830437601416087 0.035017490722489428 -0.0091749605326279828 -0.021657647809633834 -0.034678208830252022 0.021342393043706206 0.05265733955884358 -0.037743250899468388 0.03969785622560159 -0.013610471760646774 0.046269329129290271
leaf_weight=6.8140419200062743 0.69330582418478925 0.50500866316724646 11.686107757006535 2453.8940355614759 8.8120926171541232 5.3083037436008444 5.3922682106494886 4.5275575434789062 18.241301877424121 75.332638971507549 13.080255156382917 6.1712816506624204 4.516257893294096 7.9263513404875985 9.4102847352623922 19.592852473258972 13.741938699036838 13.655113361775873 13.225508850067852 27.052993588149548 22.912191666662693 23.456922024488449 83.723390428349376 10.198569020256398 11.145911455154424 6.0314533896744242 8.9551847688853723 8.9233384840190428 16.651269655674696 13.470615699887274
leaf_count=75 116 8 7576 17110 74 53 54 83 170 681 74 117 39 49 52 137 79 76 65 203 132 136 718 119 95 59 75 52 95 74
internal_value=-5.52611e-05 -0.0301662 -0.0363831 7.79601e-05 -0.00772843 0.0117958 -0.0114169 0.0217753 -0.0141293 -0.00953795 -0.0123871 -0.0120841 0.0061928 -0.0170967 0.000520171 -0.00507914 0.0136448 -0.00776482 -0.00595256 -0.0239365 -0.00235576 0.0126617 -0.00684764 0.00118358 -0.0108407 0.0083223 -0.00498069 -0.0154225 0.00498955 0.0258814
internal_weight=2925.05 12.8844 12.3794 2912.16 156.122 24.8079 131.314 9.91983 121.395 103.153 96.3392 15.9958 10.6875 83.259 2756.04 291.949 36.6228 255.326 241.671 40.2785 201.393 46.3691 155.023 2464.09 135.431 26.1325 20.1011 109.298 25.5746 27.2126
internal_count=28446 7700 7692 20746 1469 283 1186 137 1049 879 804 209 156 730 19277 2048 205 1843 1767 268 1499 268 1231 17229 1094 229 170 865 147 153
is_linear=0
shrinkage=0.05


Tree=124
num_leaves=31
num_cat=0
split_feature=0 20 13 39 6 13 18 11 23 32 8 15 2 39 31 24 3 25 20 27 4 4 0 0 13 8 34 13 13 18
split_gain=4.56571 6.6393 6.68759 6.2688 5.85066 7.2089 5.27488 6.12942 5.03947 7.51778 5.82856 7.17733 7.7414 7.06074 5.26337 5.2515 4.97302 12.0936 6.28192 4.85718 4.82327 6.48685 4.71957 9.77608 7.77001 5.90684 5.49929 5.73421 6.70467 8.38181
threshold=0.9580000048259617 7.8113346588494492 1.028554575926216 0.79961624430198353 0.07481228883134923 1.028554575926216 0.0060912933604564791 1.035167117032928 2551.6251350000007 0.0088171005496309671 0.38218699650659665 0.033317919536254591 0.0010320638762910431 0.89429732868757272 18.500000000000004 6518.2069985000007 -0.0010157439541492186 0.00075403780674896715 6.2324799327655933 0.84461476171789351 -0.0027926538677945068 0.011133721100057102 0.89396863860620612 0.92999989425347118 0.99859926471427729 0.8810000026929683 -0.96770631190893486 0.9976736351694161 0.99048839132429867 0.082440260003948648
decision_type=2 2 2 2 2 2 2 2 2 2 2 2 2 2 2 2 2 2 2 2 2 2 2 2 2 2 2 2 2 2
left_child=3 2 6 22 5 -5 16 -8 9 10 -6 12 13 14 -12 -10 17 -2 -19 -13 -4 -22 25 -24 -25 26 -1 28 29 -28
right_child=1 -3 20 4 8 -7 7 -9 15 -11 11 19 -14 -15 -16 -17 -18 18 -20 -21 21 -23 23 24 -26 -27 27 -29 -30 -31
leaf_value=-0.044516612245402577 0.23213330177271826 -0.02943632291580725 -0.033321781105227592 0.010412207228997562 0.033226854908986823 0.052891876416797261 -0.0032914929780384471 0.060076969352321978 0.043092158547101515 -0.040085229170806577 0.010059317546932699 -0.0075827051172975279 -0.045829388236858462 -0.0033499240139622391 0.065457828198817888 0.0050589676410702708 -0.028433710287952982 -0.036923525933822712 0.12506964510657134 -0.061534046791700464 0.099861270821117287 0.018311543557398599 -0.029874099594104676 -0.015730658068056218 0.037044520028752595 0.023115466528544671 -0.019968630100607673 -0.0037192018715720742 0.016086773111375789 0.0015281301735102499
leaf_weight=7.0409166337922207 0.62183554447255929 29.183347410900751 2.5108397244475791 171.60051984339952 10.744668703526257 10.60445064306259 107.91786253842292 3.9559244764968744 10.198649622499941 14.505418866872786 9.9504062719643134 8.1217992305755633 7.8285800851881495 46.427531193941832 7.5337545201182357 82.455945517867804 35.585499699256616 3.0925030509824869 0.74207238684175525 8.5776913873851282 3.5074695903458606 8.0015145433135313 38.749871328473091 14.947932217270138 13.074592124670742 27.031932361423969 46.937684889882803 780.08973138453439 75.637205893173814 1336.5713710049167
leaf_count=57 33 1674 20 1126 88 56 1361 28 47 70 73 44 45 315 36 391 6153 349 23 56 96 123 257 116 102 138 423 6440 456 8250
internal_value=-5.45129e-05 -0.00744337 -0.00357543 0.000473849 0.00635527 0.0128846 -0.00662476 -0.00105075 0.000589823 -0.00646423 -0.00154726 -0.00577201 0.00110022 0.00684865 0.03393 0.00924535 -0.0221981 0.0275947 -0.00557438 -0.0352948 0.0294665 0.0431646 -0.000502708 -0.0136047 0.00889289 -0.000117873 -0.000397465 -0.00025874 0.0015913 0.000798819
internal_weight=2923.75 195.119 165.936 2728.63 388.549 182.205 151.916 111.874 206.344 113.69 99.1844 88.4398 71.7403 63.9117 17.4842 92.6546 40.0419 4.45641 3.83458 16.6995 14.0198 11.509 2340.08 66.7724 28.0225 2273.31 2246.28 2239.24 1459.15 1383.51
internal_count=28446 9860 8186 18586 2347 1182 7947 1389 1165 727 657 569 469 424 109 438 6558 405 372 100 239 219 16239 475 218 15764 15626 15569 9129 8673
is_linear=0
shrinkage=0.05


Tree=125
num_leaves=31
num_cat=0
split_feature=12 20 35 16 4 3 22 19 4 36 35 36 36 22 22 18 9 32 26 22 33 14 35 4 31 3 31 23 19 19
split_gain=4.58505 4.82083 5.53108 6.64908 5.17973 4.91082 4.0671 6.22473 12.2499 5.0713 6.20642 5.51552 6.48992 4.23567 5.9244 5.61669 8.33705 5.4753 9.38216 4.66699 6.65599 4.03735 4.37187 6.28643 4.96413 6.88457 4.33026 4.02609 5.50568 10.1026
threshold=0.35272977282998924 -4.3233956477872102 0.70322938292887027 0.30576684080585093 -0.39529403392990436 -0.28768207245178096 5972.0508605000014 -0.92348359353433584 -0.059703290625930001 0.71428571514285732 0.39759432379492382 0.38379936611662419 0.20000000747581395 4913.4368670000013 4041.5191665000007 0.47619022270909817 0.01769232648782083 0.0088171005496309671 1.2353799974523565 3488.627 8.2511979166666674 0.57140231798116115 0.80000000181818198 -1.4663370671367595 78.500000000000014 -0.72123875978620078 73.500000000000014 28424.048851500003 3.2504405860841881 1.9750185568562377
decision_type=2 2 2 2 2 2 2 2 2 2 2 2 2 2 2 2 2 2 2 2 2 2 2 2 2 2 2 2 2 2
left_child=1 2 4 -4 -1 -5 13 -8 -9 10 11 12 27 14 19 17 -17 18 -16 21 -21 22 23 -2 25 -24 -23 -10 29 -29
right_child=6 -3 3 5 -6 -7 7 8 9 -11 -12 -13 -14 -15 15 16 -18 -19 -20 20 -22 26 24 -25 -26 -27 -28 28 -30 -31
leaf_value=0.039623072280138533 -0.040988563007623761 -0.047410315109159308 -0.044402342991062382 -0.025275196528853884 -0.0080786058126135242 0.020301414298150414 0.018943672360109264 -0.069406936649417716 -0.0098084807809389902 -0.04195875438224398 0.04232758885484527 -0.037258021123747848 0.050501654725604563 -0.016486866256941127 -0.075816433263507607 0.030526337478090311 -0.030305882213893548 0.063086270466700872 0.054797812119336022 -0.036464545582416817 0.021991933362722454 -0.030092888199883046 -0.0020081520780599396 -0.00021922369438598721 -0.005183053119715164 0.045098068572628297 0.0068777743312031462 0.0038222556399975156 -0.0092482774491113359 0.10192000095854994
leaf_weight=9.5450698174536246 9.4915326684713346 8.820787560194729 15.890712972730396 11.868703268468378 14.09375264495611 11.772931031882765 69.848871967289597 6.0831450894474974 33.922721330454806 5.6145636141300193 10.87404929101467 8.0320839975029212 7.4650644529610863 40.668431754456833 2.2998504227143739 12.494453854858877 10.255144298076628 10.486219716258345 3.4184458690579049 19.260928988951495 6.5172080702905069 22.714237757027149 12.888465233147143 2479.2935355243972 20.333642683923244 19.479095250368118 12.160526187508365 6.675096195831431 9.723645640013272 4.3251217918295879
leaf_count=57 56 62 89 67 92 67 351 32 385 37 60 53 47 285 59 69 49 55 64 172 47 156 60 25309 98 101 71 104 144 54
internal_value=-0.000323349 -0.0127849 -0.00795006 -0.0193907 0.0111828 -0.00257921 -7.93829e-06 0.00767133 -0.000820885 0.00399509 0.00717971 0.0017309 0.00677282 -0.000473444 -0.000226864 0.0191279 0.00310417 0.0416238 0.00226587 -0.000516606 -0.0216856 -0.000304797 -7.29364e-05 -0.000374707 0.014178 0.0263408 -0.0172015 0.00079919 0.0181628 0.0423928
internal_weight=2916.32 71.992 63.1712 39.5323 23.6388 23.6416 2844.33 162.564 92.7155 86.6323 81.0178 70.1437 62.1116 2681.76 2641.09 38.9541 22.7496 16.2045 5.7183 2602.14 25.7781 2576.36 2541.49 2488.79 52.7012 32.3676 34.8748 54.6466 20.7239 11.0002
internal_count=28352 434 372 223 149 134 27918 1267 916 884 847 787 734 26651 26366 296 118 178 123 26070 219 25851 25624 25365 259 161 227 687 302 158
is_linear=0
shrinkage=0.05


end of trees

feature_importances:
days_to_resolution=289
price=170
ma60_over_ma120=136
vol_zscore_60=132
vol_total_60=121
log_days_to_resolution=121
ma_120=113
vol_total_20=111
lifetime_pct=111
ma_60=109
pct_from_peak_24h=106
ret_6h=105
dd_120=105
buy_ratio_60=105
ma_20=100
momentum_z_20=100
n_trades_60=100
ma5_over_ma60=96
buy_sell_imbalance_5=94
momentum_z_60=91
buy_ratio_20=91
ma20_over_ma60=89
vol_60=89
ret_24h=82
pct_from_trough_24h=81
ret_120h=80
ret_72h=75
vol_ratio_5_60=75
ma_5=74
high_low_range_5=72
pct_from_trough_72h=61
dd_60=60
ret_1h=59
accel=59
vol_20=58
pct_from_peak_72h=58
log_price=53
vol_5=52
vol_total_5=52
n_trades_5=45

parameters:
[boosting: gbdt]
[objective: binary]
[metric: binary_logloss]
[tree_learner: serial]
[device_type: cpu]
[data_sample_strategy: bagging]
[data: ]
[valid: ]
[num_iterations: 500]
[learning_rate: 0.05]
[num_leaves: 31]
[num_threads: 0]
[seed: 0]
[deterministic: 0]
[force_col_wise: 0]
[force_row_wise: 0]
[histogram_pool_size: -1]
[max_depth: -1]
[min_data_in_leaf: 50]
[min_sum_hessian_in_leaf: 0.001]
[bagging_fraction: 0.8]
[pos_bagging_fraction: 1]
[neg_bagging_fraction: 1]
[bagging_freq: 5]
[bagging_seed: 3]
[bagging_by_query: 0]
[feature_fraction: 0.8]
[feature_fraction_bynode: 1]
[feature_fraction_seed: 2]
[extra_trees: 0]
[extra_seed: 6]
[early_stopping_round: 0]
[early_stopping_min_delta: 0]
[first_metric_only: 0]
[max_delta_step: 0]
[lambda_l1: 0]
[lambda_l2: 0]
[linear_lambda: 0]
[min_gain_to_split: 0]
[drop_rate: 0.1]
[max_drop: 50]
[skip_drop: 0.5]
[xgboost_dart_mode: 0]
[uniform_drop: 0]
[drop_seed: 4]
[top_rate: 0.2]
[other_rate: 0.1]
[min_data_per_group: 100]
[max_cat_threshold: 32]
[cat_l2: 10]
[cat_smooth: 10]
[max_cat_to_onehot: 4]
[top_k: 20]
[monotone_constraints: ]
[monotone_constraints_method: basic]
[monotone_penalty: 0]
[feature_contri: ]
[forcedsplits_filename: ]
[refit_decay_rate: 0.9]
[cegb_tradeoff: 1]
[cegb_penalty_split: 0]
[cegb_penalty_feature_lazy: ]
[cegb_penalty_feature_coupled: ]
[path_smooth: 0]
[interaction_constraints: ]
[verbosity: -1]
[saved_feature_importance_type: 0]
[use_quantized_grad: 0]
[num_grad_quant_bins: 4]
[quant_train_renew_leaf: 0]
[stochastic_rounding: 1]
[linear_tree: 0]
[max_bin: 255]
[max_bin_by_feature: ]
[min_data_in_bin: 3]
[bin_construct_sample_cnt: 200000]
[data_random_seed: 1]
[is_enable_sparse: 1]
[enable_bundle: 1]
[use_missing: 1]
[zero_as_missing: 0]
[feature_pre_filter: 1]
[pre_partition: 0]
[two_round: 0]
[header: 0]
[label_column: ]
[weight_column: ]
[group_column: ]
[ignore_column: ]
[categorical_feature: ]
[forcedbins_filename: ]
[precise_float_parser: 0]
[parser_config_file: ]
[objective_seed: 5]
[num_class: 1]
[is_unbalance: 0]
[scale_pos_weight: 1]
[sigmoid: 1]
[boost_from_average: 1]
[reg_sqrt: 0]
[alpha: 0.9]
[fair_c: 1]
[poisson_max_delta_step: 0.7]
[tweedie_variance_power: 1.5]
[lambdarank_truncation_level: 30]
[lambdarank_norm: 1]
[label_gain: ]
[lambdarank_position_bias_regularization: 0]
[eval_at: ]
[multi_error_top_k: 1]
[auc_mu_weights: ]
[num_machines: 1]
[local_listen_port: 12400]
[time_out: 120]
[machine_list_filename: ]
[machines: ]
[gpu_platform_id: -1]
[gpu_device_id: -1]
[gpu_use_dp: 0]
[num_gpu: 1]

end of parameters

pandas_categorical:null
