tree
version=v4
num_class=1
num_tree_per_iteration=1
label_index=0
max_feature_idx=32
objective=binary sigmoid:1
feature_names=price log_price ret_1h ret_6h ret_24h ret_72h ret_120h ma_5 ma_20 ma_60 ma_120 ma5_over_ma60 ma20_over_ma60 ma60_over_ma120 vol_5 vol_20 vol_60 dd_60 dd_120 momentum_z_20 momentum_z_60 accel vol_total_5 vol_total_20 vol_total_60 vol_ratio_5_60 vol_zscore_60 buy_ratio_20 buy_ratio_60 buy_sell_imbalance_5 n_trades_5 n_trades_60 high_low_range_5
feature_infos=[0.001:0.999] [-6.9077552789821368:-0.0010005003335835344] [-1.3862945848816723:4.9767337424205742] [-2.0383478699780961:3.1780531765013769] [-2.6741486494265287:3.2188758248682006] [-3.2188758248682006:3.2288261557213689] [-3.9989031303352922:4.4697455737823857] [0.001:0.999] [0.0010000000000000002:0.99899999999999989] [0.0010333333333333334:0.99900000000000011] [0.0020000000000000009:0.99781666666666669] [0.069241688112356176:7.2725055967790482] [0.089821670036629581:2.7478643897231279] [0.087811849249881724:1.8645504770729751] [0:3.1582931676080914] [0:1.5792658038533047] [0:0.91186375797382968] [0:0.95999999999999996] [0:0.98166426022056574] [-678.28389118300367:524.24051588792952] [-873.16617234605951:2937.7997685469936] [-3.1780531765013769:2.0383478699780961] [0:191912.159873] [0:328773.94430699997] [0:564788.91723199992] [0:0.99999999947368412] [-1.2514657373146514:380000000] [0:1] [0:1] [-0.99999999998663058:0.99999999997859368] [0:324] [0:1068] [0:9.204761904761904]
tree_sizes=3361 3441 3453 3465 3455 3436 3462 3453 3455 3459 3453 3453 3456 3456 3462 3462 3460 3455 3468 3477 3455 3460 3463 3484 3463 3468 3473 3468 3495 3470 3488 3460 3463 3464 3487 3471 3478 3444 3452 3462 3481 3474 3469 3461 3466 3472 3488 3480 3465 3474 3477 3492 3468 3484 3473 3472 3483 3452 3472 3456 3460

Tree=0
num_leaves=31
num_cat=0
split_feature=17 0 4 31 9 17 9 0 0 23 17 31 5 6 0 11 0 13 19 10 0 15 4 2 20 5 23 0 4 22
split_gain=1267.57 200.8 118.926 62.5279 39.4975 65.5239 38.9406 33.0574 31.1702 30.6231 26.0642 26.4234 24.2298 21.9127 21.2483 20.2608 20.2074 23.4453 18.4213 17.7928 29.3368 17.2139 29.6753 16.9987 16.5602 15.5125 23.0582 26.7655 14.682 24.1165
threshold=0.010638296234042489 0.9460000025452503 -0.010695234869174506 4.5000000000000009 0.3363333276429738 0.29411781104073847 0.10655310626712347 0.93800000031000008 0.9432695569532763 343.86579250000005 0.1739129633477903 9.5000000000000018 -1.0000000180025095e-35 -0.0064846668212293649 0.81999999179999694 1.009337836399385 0.32999999968692312 0.93126983821928755 0.91240777327945255 0.026112715803714586 0.22000000305589426 0.010633569752665674 0.011299541344841754 -0.020619175535997455 7.0017079287961232 -0.24116205502814944 249.16320250000001 0.040184544880928187 0.027779564307275909 66.591912500000021
decision_type=2 2 2 2 2 2 2 2 2 2 2 2 2 2 2 2 2 2 2 2 2 2 2 2 2 2 2 2 2 2
left_child=1 9 3 14 5 -5 10 28 16 21 -4 -12 18 -3 -2 -11 -6 -18 -13 -17 -21 22 -1 -19 -24 -7 -27 -28 -8 -30
right_child=2 13 6 4 8 25 7 -9 -10 15 11 12 -14 -15 -16 19 17 23 -20 20 -22 -23 24 -25 -26 26 27 -29 29 -31
leaf_value=-0.91472370795281777 -0.89082547949734625 -0.91167953296325321 -0.90218399143572514 -0.86867628615916648 -0.7783476012398246 -0.81827948373730663 -0.85655829340165757 -0.9018098414482576 -0.89898157016431612 -0.91337599325466912 -0.895761286439132 -0.80147935581533469 -0.8844772666658316 -0.94964146556786333 -0.83859260178597661 -0.82488360011370987 -0.89790877760833832 -0.79159756377824297 -0.86874832540494207 -0.91886221899093479 -0.87486058907833131 -0.92877291076729418 -0.90206036848384874 -0.83216465267936446 -0.85699095244296319 -0.81883631594290951 -0.81039245863354648 -0.90376037336821713 -0.88732017575712896 -0.85507138134713001
leaf_weight=389.67864990234375 99.84869384765625 41.34521484375 146.56878662109375 268.95062255859375 18.81207275390625 111.83880615234375 407.04364013671875 57.67657470703125 16.5380859375 88.27203369140625 63.46490478515625 26.4609375 32.6627197265625 471.7489013671875 24.18695068359375 11.783386230468748 12.817016601562498 27.90802001953125 16.5380859375 54.57568359375 123.82891845703125 142.84771728515625 45.0662841796875 345.64599609375 37.210693359375 34.52325439453125 10.956481933593748 25.634033203125 124.4490966796875 108.53118896484375
leaf_count=1885 483 200 709 1301 91 541 1969 279 80 427 307 128 158 2282 117 57 62 135 80 264 599 691 218 1672 180 167 53 124 602 525
internal_value=-0.885353 -0.921654 -0.859582 -0.84742 -0.842703 -0.852973 -0.871922 -0.865555 -0.831698 -0.907335 -0.88747 -0.871969 -0.852013 -0.946582 -0.88064 -0.893579 -0.828952 -0.831415 -0.827352 -0.884391 -0.888321 -0.913566 -0.908963 -0.829134 -0.881677 -0.829889 -0.848148 -0.875803 -0.862288 -0.872297
internal_weight=3387.41 1406.36 1981.06 997.66 873.624 451.903 983.396 697.701 421.721 893.263 285.695 139.127 75.6617 513.094 124.036 278.46 405.183 386.371 42.999 190.188 178.405 614.803 471.956 373.554 82.277 182.953 71.1138 36.5905 640.024 232.98
internal_count=16386 6803 9583 4826 4226 2186 4757 3375 2040 4321 1382 673 366 2482 600 1347 1960 1869 208 920 863 2974 2283 1807 398 885 344 177 3096 1127
is_linear=0
shrinkage=1


Tree=1
num_leaves=31
num_cat=0
split_feature=17 9 3 4 2 31 28 16 11 17 8 4 9 18 20 31 18 5 1 18 31 14 1 4 17 21 1 11 1 23
split_gain=1151 204.791 115.597 57.5475 29.6646 29.0679 28.0196 44.9595 33.16 27.1619 49.5878 24.0981 41.4022 27.3051 23.4147 22.1811 21.1601 20.1875 25.7334 23.6737 17.311 16.6767 15.5484 15.1126 14.9617 14.2761 14.2337 14.0016 13.8681 13.2552
threshold=0.0093246993623718917 0.91090351018150717 -0.010582108663225537 -0.010695234869174506 -0.0059259864014188793 4.5000000000000009 0.60779439012372161 0.014562912102094145 1.0110075647949721 0.033333343000012741 0.3745010684848184 -0.28768207199685542 0.29811164357970238 0.34796304347826096 13.252383447408532 4.5000000000000009 0.29522501322949951 -0.57781108265810055 -0.63487827075106373 0.10526315789473682 109.50000000000001 3.7249715212350774e-08 -0.19845094872384214 0.027779564307275909 0.23869534444793958 0.015037804718060212 -1.8971199856396499 0.84935588505294268 -3.4737680276096801 407.69635900000009
decision_type=2 2 2 2 2 2 2 2 2 2 2 2 2 2 2 2 2 2 2 2 2 2 2 2 2 2 2 2 2 2
left_child=1 6 5 15 -5 -2 -1 8 -8 -6 -11 -7 13 -13 -10 22 29 -17 27 20 21 -20 24 -12 -4 -23 -15 -19 -26 -9
right_child=2 -3 3 4 9 11 7 16 14 10 23 12 -14 26 -16 17 -18 18 19 -21 -22 25 -24 -25 28 -27 -28 -29 -30 -31
leaf_value=-0.029683635217921035 0.00035532463820051432 -0.059009006471949246 -0.022477977760809766 0.04636092366214823 -0.0063749185631416906 0.073630670811482418 -0.01628523580654679 -0.038225155015235129 0.016686419108891928 0.0026069196730582355 0.047157622764740947 0.011658790395825003 0.053202441529980951 0.063132022323944645 0.087541362383131441 0.073287956334620041 0.043980251020438649 0.041225630906534826 0.045412860682821111 0.082316139897417179 0.095006680069341695 -0.010046160570903764 0.045802809810923328 0.011486191051728736 -0.016655206139288819 0.046634738082819913 0.0018192518420093136 0.015412047445486302 0.057595529841570174 -0.013195613537038032
leaf_weight=353.67630963027477 38.7066490650177 552.64439952373505 45.797205179929733 47.28361664712429 297.40708334743977 65.62535434961319 85.480225518345833 138.63808250427246 96.321355000138283 356.35445086658001 105.60560400784016 139.81232152879238 299.45578299462795 50.162561997771263 13.265515908598898 28.219300165772438 10.490135580301283 67.298285931348801 76.477753028273582 34.408133909106255 11.396950066089628 34.11803337931633 18.741873502731323 41.305275216698647 11.139860719442369 16.472582131624222 11.667412698268889 239.40921057760715 14.440560191869734 85.528100252151489
leaf_count=1729 187 2738 222 227 1435 310 418 680 467 1719 505 672 1424 239 64 133 51 319 363 163 54 162 89 199 54 78 56 1144 70 415
internal_value=0.0004124 -0.0357021 0.0239343 0.0162537 0.00787742 0.0422769 -0.0192604 -0.0106818 0.00705641 0.00560478 0.0126842 0.0451401 0.0414089 0.0238945 0.0252634 0.0281328 -0.0254274 0.0321898 0.0297715 0.0451986 0.0359751 0.0306804 0.00527274 0.0371283 -0.00536938 0.00840945 0.0515622 0.0210761 0.0252605 -0.0286754
internal_weight=3387.35 1336.04 2051.31 1445.88 847.956 605.43 783.4 429.723 195.067 800.672 503.265 566.723 501.098 201.642 109.587 597.92 234.656 507.8 479.581 172.873 138.465 127.068 90.1195 146.911 71.3776 50.5906 61.83 306.707 25.5804 224.166
internal_count=16386 6562 9824 6936 4085 2888 3824 2095 949 3858 2423 2701 2391 967 531 2851 1146 2416 2283 820 657 603 435 704 346 240 295 1463 124 1095
is_linear=0
shrinkage=0.05


Tree=2
num_leaves=31
num_cat=0
split_feature=18 4 7 3 31 2 11 23 9 18 8 0 20 10 10 8 0 18 28 8 28 0 28 20 32 3 24 18 7 18
split_gain=944.168 182.029 138.947 53.6484 48.999 34.1142 35.8404 31.1389 30.6997 51.0957 30.0915 25.7269 24.9705 24.7351 20.0134 22.974 19.9997 19.5977 19.2889 19.2694 17.0444 15.4719 15.101 14.8349 14.7495 14.4114 15.801 13.0265 12.6992 18.9764
threshold=0.010416668308897994 -0.010695234869174506 0.94400001620000162 -0.0089943987057679118 4.5000000000000009 -0.0059259864014188793 0.99255014579516754 72.049504500000026 0.31204124154937568 0.38095249770269962 0.099647958292797892 0.9432695569532763 3.3059711783420203 0.19243892974819052 0.85788218075170497 0.36849999332404887 0.92999999963751601 0.19696969696969702 0.20872974571822386 0.024571780040476141 0.58307727419048672 0.81999999179999694 0.20872974571822386 -2.196687648827611 0.075038525329770692 -0.016260511707845576 7363.1547735000013 0.0081674515174824831 0.016657246516098033 0.71494092004407561
decision_type=2 2 2 2 2 2 2 2 2 2 2 2 2 2 2 2 2 2 2 2 2 2 2 2 2 2 2 2 2 2
left_child=2 4 12 -3 21 -5 10 -8 9 -6 17 23 -1 -14 15 19 20 -7 -11 -9 -15 -2 -12 25 28 -10 -27 -4 -20 -30
right_child=1 3 27 5 8 6 7 14 11 18 22 -13 13 16 -16 -17 -18 -19 24 -21 -22 -23 -24 -25 -26 26 -28 -29 29 -31
leaf_value=-0.03450166198439087 -0.0046071874422629741 0.029566143594394918 -0.06290683357356347 0.043922930064789145 0.014881998563739313 -0.034406089480466764 -0.018020692602894028 0.053502210024844704 0.074373387042907621 0.11284366921406663 0.067618991509411017 -0.014135537037534644 -0.03204033156272814 -0.027039066732455319 -0.019181643278061676 0.021506986761674729 -0.043957491567559223 0.007396457546200959 -0.0043168980037967845 -0.0091182275592223434 0.011562401860105964 0.038976123182802427 0.021459918833451889 0.040190952048084531 0.089416418753500801 0.058364965761331836 0.0183976883938121 -0.034627339016508885 0.038520136961751522 0.10121845749254649
leaf_weight=262.90390712022781 99.474776789546013 198.72676707804203 411.5920218527317 45.256121724843979 272.62920133769512 39.012953266501427 326.66624660789967 13.27053166925907 86.078193813562393 11.278862208127974 19.764138117432594 16.68308025598526 114.56666302680969 36.305790662765503 85.216678306460381 162.575499355793 25.679400473833084 99.661106273531914 14.508895844221113 165.42642931640148 134.67295783758163 25.604345753788948 171.20903684198856 226.22244703769684 16.900269150733948 94.622439786791801 33.479258671402931 45.192692279815674 116.82626877725124 13.458435192704199
leaf_count=1303 483 940 2101 213 1297 190 1600 64 398 52 94 80 567 179 416 780 128 480 67 803 654 120 816 1053 78 441 156 227 544 62
internal_value=0.000375539 0.0178475 -0.0395296 0.00561172 0.0336432 0.00139174 -0.000385862 -0.00640403 0.0377071 0.0283683 0.013364 0.0468113 -0.0231563 -0.0135725 0.00249366 0.00790605 -0.00281368 -0.00436379 0.0496245 -0.00446786 0.00336573 0.00431454 0.026237 0.0491201 0.0452147 0.0585513 0.0479196 -0.060109 0.0400554 0.0449969
internal_weight=3385.47 2354.55 1030.91 1326.79 1027.77 1128.06 1082.8 753.155 902.687 445.602 329.647 457.085 574.129 311.225 426.489 341.272 196.658 138.674 172.973 178.697 170.979 125.079 190.973 440.402 161.694 214.18 128.102 456.785 144.794 130.285
internal_count=16386 11227 5159 6396 4831 5456 5243 3663 4228 2100 1580 2128 2831 1528 2063 1647 961 670 803 867 833 603 910 2048 751 995 597 2328 673 606
is_linear=0
shrinkage=0.05


Tree=3
num_leaves=31
num_cat=0
split_feature=17 9 3 4 0 16 9 31 16 9 9 17 4 4 9 18 0 16 12 31 15 5 0 16 18 23 31 23 20 15
split_gain=953.936 186.151 89.7019 43.5027 25.1068 34.3229 25.7655 22.8019 22.492 25.9652 21.5134 35.9648 24.2504 18.6748 32.2006 22.3752 18.4369 18.4151 33.4283 16.8601 15.9677 15.944 20.647 19.7512 16.6883 15.7139 15.3654 20.5524 21.1978 15.0548
threshold=0.0093246993623718917 0.91090351018150717 -0.010582108663225537 -0.010695234869174506 0.21000000052666681 0.0013858078781549443 0.042833333333333341 4.5000000000000009 0.014562912102094145 0.82596520554050989 0.10153184763711082 0.033333343000012741 0.027779564307275909 -0.28768207199685542 0.29811164357970238 0.34796304347826096 0.059999959199996754 0.0059068173158134439 1.0126408328436527 4.5000000000000009 0.014006116469672564 -0.57781108265810055 0.53000000089300014 0.01062012410831162 0.042934987071885908 87.13618750000002 10.500000000000002 858.27049750000003 -3.1622776601683769 0.0032277433146432736
decision_type=2 2 2 2 2 2 2 2 2 2 2 2 2 2 2 2 2 2 2 2 2 2 2 2 2 2 2 2 2 2
left_child=1 4 7 19 6 -6 25 -2 9 17 16 29 -13 -9 15 -15 26 18 -7 -4 -18 -21 -23 -24 -25 -1 -5 28 -28 -12
right_child=2 -3 3 10 5 8 -8 13 -10 -11 11 12 -14 14 -16 -17 20 -19 -20 21 -22 22 23 24 -26 -27 27 -29 -30 -31
leaf_value=-0.021321456154688598 2.3825679323610751e-05 -0.056350457788766864 0.0047465220083381327 -0.0078380056713536449 -0.039773182427496521 0.019072833468153895 -0.039272752225254427 0.064089405376697134 -0.019291276729247128 -0.01682289968468649 -0.016029053486310462 0.034612925981719098 0.0064033410155233525 0.0099089496273016189 0.046501637681249111 0.045545820868837898 -0.058302692666236444 0.0068212463477089896 0.11329320195916251 0.063816540895355253 -0.0095963982742340252 0.018243821224020074 0.023592952713335835 0.0075059642740856209 0.066758746547284406 0.016522231172012434 0.10512813955493741 -0.012979444575192102 0.022492259803961585 0.0077838757050958263
leaf_weight=106.01471847295761 38.805582657456398 524.29736435413361 90.424161419272423 103.2677303403616 77.238890126347542 34.171931222081184 201.73602241277695 68.713156342506409 131.17054088413715 75.306263491511345 102.12479823827744 196.92345108091831 124.25534704327583 141.6371913254261 310.6184798926115 63.925695076584816 25.367714121937752 95.170798629522324 12.993221580982206 29.534349590539932 49.981148183345795 312.58630810678005 92.888102233409882 14.258730337023733 71.328634709119797 37.005584210157394 11.012033000588415 23.282255157828331 26.283466532826424 189.59105966985226
leaf_count=532 187 2738 435 503 388 167 1011 310 649 370 497 924 594 672 1424 295 124 463 62 133 242 1463 429 66 325 182 52 112 127 910
internal_value=0.000342338 -0.033366 0.0212622 0.0144939 -0.0177321 -0.00961473 -0.0277637 0.0371396 -0.00293663 0.00692013 0.00719307 0.0121563 0.0236994 0.0396021 0.0363424 0.0209913 -0.00552438 0.019482 0.045029 0.0246753 -0.0259944 0.0281368 0.0259908 0.0395592 0.0568873 -0.0115296 0.00388931 0.023881 0.0468917 -0.000552629
internal_weight=3381.91 1295.11 2086.81 1463.11 770.808 426.052 344.756 623.7 348.813 217.642 852.089 612.895 321.179 584.895 516.181 205.563 239.194 142.336 47.1652 611.02 75.3489 520.596 491.062 178.475 85.5874 143.02 163.845 60.5778 37.2955 291.716
internal_count=16386 6562 9824 6936 3824 2099 1725 2888 1711 1062 4085 2925 1518 2701 2391 967 1160 692 229 2851 366 2416 2283 820 391 714 794 291 179 1407
is_linear=0
shrinkage=0.05


Tree=4
num_leaves=31
num_cat=0
split_feature=17 9 3 4 10 28 10 2 17 8 31 20 13 5 0 15 15 10 15 13 22 20 0 13 22 0 28 2 11 9
split_gain=867.272 177.514 78.8916 38.6073 25.6457 36.4755 26.1423 22.7783 21.4446 37.9059 20.0223 17.0792 16.659 15.6298 28.2387 15.062 14.7222 19.1669 20.2024 17.9329 16.4577 15.4381 14.7182 14.7117 13.7614 12.954 12.4263 12.3255 12.3722 20.9916
threshold=0.0093246993623718917 0.91090351018150717 -0.010582108663225537 -0.010695234869174506 0.1815829405021496 0.60779439012372161 0.049902364756976049 -0.0059259864014188793 0.033333343000012741 0.3745010684848184 4.5000000000000009 -2.1480198319527064 0.95896135010607109 -0.35667494393873228 0.21000000052666681 0.07504565511070449 0.010338292975222806 0.82017561520496551 8.9712028307239214e-09 1.0638450081676216 373.47111000000007 5.1703840543743302 0.95600000021392784 1.0045656693753509 95.465000000000018 0.95600000021392784 0.86711347237576575 0.018018221986943077 0.84935588505294268 0.29811164357970238
decision_type=2 2 2 2 2 2 2 2 2 2 2 2 2 2 2 2 2 2 2 2 2 2 2 2 2 2 2 2 2 2
left_child=1 4 10 13 6 12 24 -5 26 -10 -2 -12 -6 -4 15 -15 17 19 -19 21 -18 23 -16 -7 -1 -3 -9 28 -13 -30
right_child=2 25 3 7 5 16 -8 8 9 -11 11 27 -14 14 22 -17 20 18 -20 -21 -22 -23 -24 -25 -26 -27 -28 -29 29 -31
leaf_value=-0.018634434748647757 2.2630272207204929e-05 -0.044128312088101765 0.044362882199189921 0.039876715395087831 0.024577012865235257 0.030201201181447604 -0.041463598504889676 0.0014654248683648064 0.002132981156235344 0.031969706064874877 0.046380145761550494 0.073202471720676218 -0.031497877244691767 -0.0015400600770483991 0.031489054282339231 0.029468631801913694 -0.025283418971359741 0.048658769073901056 -0.0273361784794829 -0.036463508562862935 0.018160463843983548 0.049978504588055445 -0.025320818533137109 -0.035202553882557032 0.026333973705996168 -0.060881349656419642 -0.020139900009972719 -0.015556528618937415 0.011590051730385806 0.03935779482669384
leaf_weight=150.80074816942215 38.805962920188904 176.44002261757851 76.609266564249992 49.088511690497398 14.466444119811056 25.856365293264389 165.85597985982895 195.07290150225163 357.50687092542648 151.58513994514942 269.84183648228645 16.78832995891571 156.87581771612167 160.50608018040657 315.65489810705185 51.799743518233299 70.118330419063568 11.02501906454563 42.293349638581276 10.524609073996542 31.635250762104988 53.009197801351547 11.828369826078413 12.881450131535528 19.176779508590698 333.45859415829182 101.01474298536777 14.596503704786299 108.1706687361002 183.55939944088459
leaf_count=762 187 938 349 227 73 126 846 946 1719 704 1221 75 791 758 1447 241 348 55 208 52 154 252 56 63 94 1800 489 67 506 832
internal_value=0.000311452 -0.0322345 0.0200396 0.0136915 -0.0169947 -0.0088893 -0.0273411 0.00681006 0.00479412 0.011017 0.0348173 0.0370944 -0.0267635 0.0232286 0.0202291 0.00602564 0.00301152 0.0126828 -0.0116222 0.025354 -0.0117767 0.0324452 0.0294371 0.00845255 -0.0135611 -0.0550843 -0.00590556 0.0293396 0.0314637 0.0290618
internal_weight=3376.85 1274.42 2102.43 1470.67 764.519 428.686 335.834 854.268 805.18 509.092 631.763 592.957 171.342 616.398 539.789 212.306 257.344 155.59 53.3184 102.272 101.754 91.747 327.483 38.7378 169.978 509.899 296.088 323.115 308.518 291.73
internal_count=16386 6562 9824 6936 3824 2122 1702 4085 3858 2423 2888 2701 864 2851 2502 999 1258 756 263 493 502 441 1503 189 856 2738 1435 1480 1413 1338
is_linear=0
shrinkage=0.05


Tree=5
num_leaves=31
num_cat=0
split_feature=17 8 3 11 31 8 0 31 18 18 0 18 28 16 18 12 15 12 31 28 27 31 8 7 17 11 17 13 22 4
split_gain=766.26 168.491 74.9952 34.6388 36.6944 25.2942 31.7014 24.5152 23.8027 22.6347 32.9019 21.6829 21.3076 29.2193 20.281 18.6892 20.1184 18.1218 16.4191 16.3708 14.8108 13.5754 13.2115 19.62 15.373 12.6345 13.6528 12.5189 12.5446 15.0448
threshold=0.010416668308897994 0.92949999801282734 -0.010174767199597411 0.99255014579516754 3.5000000000000004 0.7210000054717095 0.9432695569532763 12.500000000000002 0.4522935813913696 0.37725370898721033 0.44287167201441308 0.0081674515174824831 0.76190328652377193 0.014749989764303561 0.1224306028775186 1.0169345015180393 0.0095856643541201089 0.97014661213550968 184.50000000000003 0.77330815929457841 0.15510783127378261 192.50000000000003 0.92392174242424263 0.45000000110552774 0.10000001928571629 0.93921935444557614 0.14623743643241807 1.0355597465690483 167.65200950000002 0.032435275753153851
decision_type=2 2 2 2 2 2 2 2 2 2 2 2 2 2 2 2 2 2 2 2 2 2 2 2 2 2 2 2 2 2
left_child=1 8 9 4 -4 14 -7 -5 12 10 18 -3 -1 15 17 -14 -17 -6 -2 -19 25 -22 23 -9 27 -16 -27 28 29 -25
right_child=2 11 3 7 5 6 -8 22 -10 -11 -12 -13 13 -15 20 16 -18 19 -20 -21 21 -23 -24 24 -26 26 -28 -29 -30 -31
leaf_value=-0.024370427050529851 0.01885510521620172 -0.057350262275815939 -0.0036193666188041439 -0.010849963309574794 -0.028045216980773752 0.055402000605006899 -0.020572035093898551 0.0014460504818616248 0.044284186627103136 0.052745881720091675 0.041180372709687683 -0.028923214207078964 -0.0033442941234956476 -0.021834759292938915 0.060432663024098013 0.05779388195520764 -0.0089096756077823684 -0.0024406145198868526 -0.039091482091423831 0.038052546796357507 0.022993154494128309 -0.031322661145233431 -0.015295591994391698 0.014432390850299024 0.08064676864786248 0.054860897078157778 -0.023345378761246399 0.055888441512586498 0.032312114434280573 -0.03394142454813711
leaf_weight=424.25056935846806 237.44876378774643 415.36780765652657 141.36336463689804 192.56286706030369 34.553030401468277 103.27849951386452 15.835913240909575 179.23968580365181 16.265863731503487 122.82701151072979 263.68355794250965 79.999896809458733 122.96522448956966 179.21463887393475 48.772008314728737 30.750508666038513 17.875052884221077 62.432192102074623 12.888062551617621 41.585829645395279 346.88786420226097 11.898388907313345 44.179007574915886 82.539999976754189 11.33363166451454 10.954989507794382 11.375233471393583 22.457797512412071 71.388422712683678 19.960204690694809
leaf_count=2166 1094 2307 674 926 161 467 76 852 81 546 1179 423 605 913 224 145 87 287 59 191 1610 55 214 385 52 51 54 104 333 95
internal_value=0.000463663 -0.0298911 0.0191562 0.0128841 0.0195813 0.0243513 0.0453015 0.00398258 -0.0155755 0.0334625 0.0288547 -0.0527594 -0.0168318 -0.00771485 0.0199614 0.00703242 0.0332732 0.003327 0.0158718 0.0137483 0.0253234 0.0211919 0.010608 0.0135657 0.0240256 0.046171 0.0150219 0.0207573 0.0162201 0.0050124
internal_weight=3376.14 1286.69 2089.45 1452.6 828.937 687.574 119.114 623.662 791.322 636.847 514.02 495.368 775.056 350.805 568.46 171.591 48.6256 138.571 250.337 104.018 429.888 358.786 431.099 386.92 207.68 71.1022 22.3302 196.346 173.889 102.5
internal_count=16416 6727 9689 6811 3850 3176 543 2961 3997 2878 2332 2730 3916 1750 2633 837 232 639 1153 478 1994 1665 2035 1821 969 329 105 917 813 480
is_linear=0
shrinkage=0.05


Tree=6
num_leaves=31
num_cat=0
split_feature=0 19 24 5 5 31 10 3 7 11 5 27 10 28 10 3 14 9 20 20 19 28 19 11 0 8 14 15 30 31
split_gain=546.74 203.28 71.1151 43.6837 39.8289 33.6921 31.9919 27.9545 26.5656 26.4643 25.8337 24.8305 24.0905 22.6372 26.8236 21.5145 17.7586 15.9955 20.2529 16.3577 15.7302 15.6399 15.1214 13.7701 16.986 14.6344 12.6931 12.126 12.123 11.9931
threshold=0.9460000025452503 -0.015977280286702356 119.43299000000002 -0.0072743392766748466 -0.01044401235741166 4.5000000000000009 0.1815829405021496 -0.15415067982725841 0.53000000089300014 0.99916557869863554 -0.010810916062548947 0.34765049853444585 0.85788218075170497 0.97899613462925128 0.62215286690604643 -0.0061255898047966441 0.0042328437322149528 0.1100000116221259 -3.2693911685507246 -3.4495108048146057 2.1014295585049796 0.48060195509083309 -4.6578704283760546 0.99377138654255759 0.72000000329135194 0.8879538314532317 0.072928601735762669 0.0044228175923291457 7.5000000000000009 186.50000000000003
decision_type=2 2 2 2 2 2 2 2 2 2 2 2 2 2 2 2 2 2 2 2 2 2 2 2 2 2 2 2 2 2
left_child=1 5 10 -2 9 22 -6 26 11 20 17 21 15 14 -10 -8 23 18 -3 -19 -4 -9 -1 24 -16 -25 -7 -18 -29 -13
right_child=3 2 4 -5 6 7 12 8 13 -11 -12 29 -14 -15 16 -17 27 19 -20 -21 -22 -23 -24 25 -26 -27 -28 28 -30 -31
leaf_value=0.049069395003784842 -0.0071307191814241281 -0.034383746140634559 0.034333246307641084 -0.053085929188833217 -0.014050013648293204 0.026340697557794109 0.036557919953468743 0.053581298438065354 0.075952464523449559 0.0018516553978664202 -0.02489867913969504 0.014867064560513472 -0.013299438260236711 0.073414137946447647 -0.0048976858652133625 0.0065187828556991156 0.08580469105274223 0.029655410057631483 0.023488522471657232 -0.021497949850906459 0.0019487195298337986 0.018527328463853143 -0.0072024106009209946 0.022530401445588863 0.044869939583273261 -0.031799530178825378 0.06641592741595867 0.025629446406703095 0.059973376887245002 -0.025212677626732967
leaf_weight=13.671049460768698 58.542908653616905 50.539207518100739 198.64632338285446 443.17671465873718 308.35122302174568 27.711175724864006 69.650262206792831 72.405421867966652 32.0417101085186 155.63133338093758 346.22170940041542 356.76396031677723 131.34765031933784 38.582576304674149 26.495698928833008 413.36828009784222 12.917467787861822 56.737687975168228 21.569932907819748 21.569755628705025 46.222379043698311 56.767486914992332 94.203747615218163 23.121007859706879 48.581063538789749 26.717205852270126 68.850400805473328 94.155795365571976 35.339227721095085 19.695043817162514
leaf_count=65 293 248 919 2506 1532 123 312 328 141 742 1784 1621 657 170 117 1987 57 266 108 106 216 257 450 105 215 130 300 415 155 91
internal_value=0.000429106 0.00885318 -0.00124873 -0.0477237 0.00480659 0.0263948 -0.000908471 0.0294316 0.0265146 0.0179736 -0.0173822 0.0192606 0.00568729 0.0373678 0.0327221 0.0108504 0.0275406 -8.11583e-05 -0.0170725 0.0155652 0.0282202 0.0381762 -7.10448e-05 0.0137805 0.0273062 -0.00659472 0.0549152 0.03961 0.0350019 0.0127702
internal_weight=3369.6 2867.88 1819.86 501.72 1323.22 1048.02 922.717 940.145 843.584 400.5 496.638 505.632 614.366 337.952 299.369 483.019 267.327 150.417 72.1091 78.3074 244.869 129.173 107.875 124.915 75.0768 49.8382 96.5616 142.412 129.495 376.459
internal_count=16416 13617 8877 2799 6365 4740 4488 4225 3802 1877 2512 2297 2956 1505 1335 2299 1194 728 356 372 1135 585 515 567 332 235 423 627 570 1712
is_linear=0
shrinkage=0.05


Tree=7
num_leaves=31
num_cat=0
split_feature=17 7 4 31 3 15 19 2 20 20 13 4 7 7 15 7 9 28 7 3 9 11 31 22 20 24 10 3 21 13
split_gain=642.392 155.367 62.2985 34.4064 23.2191 20.5311 30.2307 20.922 17.5125 20.1362 23.493 22.1841 26.669 28.3291 36.9951 17.2887 25.5544 34.4392 22.979 17.0765 20.3244 20.2625 16.6591 14.8888 14.3254 14.1899 18.0602 16.314 14.0872 14.0643
threshold=0.0084096740573807345 0.94400001620000162 -0.010695234869174506 5.5000000000000009 0.019418081857101397 0.0034925222249155715 3.4435625914528556 0.018018221986943077 -9.3485030480267959 4.0368815212846503 1.097748315031376 0.19520541892967477 0.25050000000000006 0.83800000000000008 0.0095856643541201089 0.92000002078471987 0.10655310626712347 0.18429481063934391 0.058000000433320202 -0.15415067982725841 0.51333699063362148 0.84935588505294268 12.500000000000002 737.49855100000013 7.0017079287961232 1905.2087650000001 0.38354291002479074 0.048790199134468255 -0.028987542267219429 0.99441463094676963
decision_type=2 2 2 2 2 2 2 2 2 2 2 2 2 2 2 2 2 2 2 2 2 2 2 2 2 2 2 2 2 2
left_child=1 8 3 -2 19 15 7 25 -1 -10 11 12 -11 14 -14 16 18 -18 -4 -5 21 -21 -8 -16 -13 -7 27 -27 -28 -17
right_child=2 -3 5 4 -6 6 22 -9 9 10 -12 24 13 -15 23 29 17 -19 -20 20 -22 -23 -24 -25 -26 26 28 -29 -30 -31
leaf_value=0.049280252666311627 0.0040104198404666159 -0.054297409514954056 -0.0015638446678201434 0.051911657210265041 0.005347547747865309 0.032634227175323043 -0.02648179830188346 -0.014391483024913138 -0.023558365698607791 -0.036542937727566692 -0.039381668081984768 -0.0013490164147721272 0.041408761198031101 -0.024368007801394406 -0.02998534906406777 0.027615774469251904 0.094080877790338122 0.01013631202355016 -0.056728523245265498 0.041877315420499564 0.038902641556097357 0.015907187733772307 0.0056023905888331485 0.032406749277942945 0.060816039153937934 0.010708468238378061 0.061957819918211358 -0.029787970587130255 0.020548277951681945 -0.033229739018863065
leaf_weight=10.088337779045103 160.50530141592026 397.08874061703682 84.195424824953079 93.398904621601105 92.398804128170013 178.84875747561455 60.138041868805885 44.867387980222702 478.84173485636711 59.557780757546425 49.218668565154076 16.411437198519707 66.128516316413879 65.727771490812302 39.56277123093605 11.233092203736303 13.637676537036894 117.38698598742485 24.333601966500282 98.162843093276024 310.006556853652 319.7901364415884 123.63489235937595 12.609302118420599 21.288942247629166 126.0760186612606 23.328124642372131 30.980727881193161 171.73588348925114 61.462023332715034
leaf_count=50 753 2338 410 403 416 833 292 211 2494 310 255 84 314 337 198 55 62 547 122 431 1356 1454 581 61 109 587 105 147 791 310
internal_value=0.000397778 -0.0286288 0.0168514 0.0253608 0.029111 0.00832303 0.0127598 0.0183947 -0.0161901 -0.0170062 -0.00751332 -0.00193709 -0.00746121 0.00195061 0.0165732 -0.00247021 0.00401095 0.0188737 -0.0139325 0.0317843 0.0292019 0.0220067 -0.00489687 -0.014906 0.0337548 0.0211652 0.0153398 0.00272021 0.0255005 -0.0238277
internal_weight=3362.65 1216.52 2146.12 1074.26 913.757 1071.86 759.61 575.837 819.435 809.347 330.505 281.287 243.586 184.028 118.301 312.249 239.554 131.025 108.529 821.358 727.96 417.953 183.773 52.1721 37.7004 530.97 352.121 157.057 195.064 72.6951
internal_count=16416 6550 9866 4813 4060 5053 3547 2674 4212 4162 1668 1413 1220 910 573 1506 1141 609 532 3644 3241 1885 873 259 193 2463 1630 734 896 365
is_linear=0
shrinkage=0.05


Tree=8
num_leaves=31
num_cat=0
split_feature=17 8 3 0 4 10 17 17 31 7 23 28 10 15 10 5 10 6 17 12 26 26 0 19 15 6 28 31 16 16
split_gain=584.728 149.399 55.7543 27.1156 27.4935 23.8073 26.7695 24.3822 19.682 19.0235 18.1449 17.8141 20.8079 20.197 24.2752 17.7761 21.9901 17.308 17.2142 15.9405 14.2965 13.6413 17.156 13.335 13.1101 12.9763 12.9529 12.4539 12.3907 15.7912
threshold=0.0084096740573807345 0.92949999801282734 -0.010582108663225537 0.94972512657883412 0.028987536873252302 0.15371664667968174 0.2999999447494886 0.033333343000012741 3.5000000000000004 0.80909996073809098 53.745000000000012 0.76190328652377193 0.30917049826816972 0.0095856643541201089 0.81427411587749321 -0.28744831676446286 0.30071118438503724 -0.33647222537121269 0.3924359828358141 0.98534015242190176 -0.061404987501904894 -0.27687595533468412 0.86000000027705537 4.588314677411236 2.4882064428532673e-08 -0.010695277268663756 0.86711347237576575 123.50000000000001 0.02276653919647496 0.028143928840433829
decision_type=2 2 2 2 2 2 2 2 2 2 2 2 2 2 2 2 2 2 2 2 2 2 2 2 2 2 2 2 2 2
left_child=1 11 15 4 5 6 28 19 -8 -9 -6 -1 17 14 23 -2 18 -13 27 -7 -19 -11 26 -14 -16 -3 -23 -17 -4 -30
right_child=2 25 3 -5 10 7 8 9 -10 21 -12 12 13 -15 24 16 -18 20 -20 -21 -22 22 -24 -25 -26 -27 -28 -29 29 -31
leaf_value=-0.021374780674461594 0.047336791051681856 -0.0036319631482057365 -0.020582919908406508 -0.019179888465629281 -0.027415717499528681 -0.050362781054005268 -0.012078213142912613 0.023305690801959027 0.033078558262908335 0.096912930567655875 0.0044442086753456013 0.039457127939769583 0.022018177379904889 -0.016210361912823584 0.039257438949065332 0.010437194012961337 0.032494208790497407 -0.031583271061549303 0.04723055870813643 0.01153536141906991 0.0037808269711013033 0.10557133299956026 0.013324233729829289 0.069197195845411438 -0.024329203461883806 -0.052833830964576438 0.041614919124623506 -0.033712480204244048 0.042865370621129738 -0.0020945237547815927
leaf_weight=419.42071288824081 101.90431907773018 13.846728622913359 76.946070581674576 72.553052306175232 56.062044441699982 10.815710961818693 30.841554820537567 394.20223535597324 110.89036653935909 13.120316833257673 220.29839338362217 11.89471599459648 45.667081937193871 66.121674716472626 10.538964986801146 162.9888321608305 338.02268433570862 119.17741845548153 29.624505266547203 271.44451686739922 37.593752682209015 12.556409046053885 29.911820113658905 22.28665067255497 35.115259617567062 415.99336901307106 21.424145877361298 17.708567157387733 22.183771148324013 163.26424735784531
leaf_count=2199 439 78 374 368 274 50 150 1770 496 57 1045 59 216 332 52 744 1469 627 128 1264 194 55 132 102 179 2512 94 82 105 770
internal_value=0.000367261 -0.0276466 0.0159234 0.0106419 0.0121508 0.0155336 0.00574267 0.0207849 0.0232522 0.0277461 -0.00201885 -0.0144336 -0.00607733 0.00575993 0.018547 0.0281599 0.024596 -0.0186911 0.0119024 0.00916353 -0.023103 0.0504753 0.0409394 0.0374914 -0.00965066 -0.0512489 0.0652479 0.00611047 -0.0037151 0.00328369
internal_weight=3354.42 1197.66 2156.76 1506.51 1433.96 1157.6 404.126 753.475 141.732 471.215 276.36 767.816 348.396 179.73 113.608 650.249 548.345 168.666 210.322 282.26 156.771 77.0127 63.8924 67.9537 45.6542 429.84 33.9806 180.697 262.394 185.448
internal_count=16416 6550 9866 7004 6636 5317 1895 3422 646 2108 1319 3960 1761 881 549 2862 2423 880 954 1314 821 338 281 318 231 2590 149 826 1249 875
is_linear=0
shrinkage=0.05


Tree=9
num_leaves=31
num_cat=0
split_feature=18 8 4 23 31 6 9 3 11 8 9 2 1 3 9 18 1 31 17 31 6 13 9 6 7 5 24 3 31 18
split_gain=535.772 103.709 81.5508 28.7372 23.3713 22.2943 25.7271 19.6526 17.5911 17.7141 17.5741 16.1943 14.375 14.2941 15.4106 19.0535 15.4975 18.1177 14.8005 12.9683 12.2642 13.8551 15.263 13.2479 12.9547 12.6844 18.2782 13.2584 13.3588 12.3678
threshold=0.010416668308897994 0.92649998666625077 -0.0082473888299913756 70.06944350000002 5.5000000000000009 1.0000000180025095e-35 0.5026891546506117 4.1465220374847216e-07 0.99214448210601891 0.099647958292797892 0.96157867451005197 0.018018221986943077 -0.19845094872384214 -0.15415067982725841 0.29811164357970238 0.19101120837309263 -1.966112855144261 31.500000000000004 0.07142854940475675 21.500000000000004 -0.43936715491144313 1.0039127225806193 0.14026368823471985 0.0091743978023520415 0.029999999279999995 -0.01044401235741166 247.96275100000005 -0.0045518549141492356 143.50000000000003 0.12499999999999996
decision_type=2 2 2 2 2 2 2 2 2 2 2 2 2 2 2 2 2 2 2 2 2 2 2 2 2 2 2 2 2 2
left_child=1 5 4 8 12 -1 -7 13 9 -4 11 20 -2 -6 15 18 -17 -18 19 -15 -5 24 29 -24 -22 26 -26 -27 -29 -23
right_child=2 -3 3 10 7 6 -8 -9 -10 -11 -12 -13 -14 14 -16 16 17 -19 -20 -21 21 22 23 -25 25 27 -28 28 -30 -31
leaf_value=-0.036437310855901038 -0.0027808642396656281 -0.050912483718817098 -0.0084745309729416587 0.042243538682982855 0.046731486261597191 -0.022476996303582082 0.0037418968549761456 0.0080883590551582996 -0.011773428488009042 0.023203340443431534 -0.048592889485856501 -0.012684060882103852 0.032493286051592775 0.066709144505155443 0.032362370257139873 0.032393792192772032 0.03298384197027409 -0.029800975124534286 -0.015972242756910799 -0.0085644506739088258 0.058845285241475712 -0.026562033558349879 0.055980120898488819 0.02179961001127011 0.073886245864437081 0.020293772314136881 0.010137568349141637 -0.014092932787124521 0.032954249622753104 0.018240338571415795
leaf_weight=113.61419442296028 127.58860751986504 413.43447236716747 86.366466909646988 34.395454257726669 95.578226789832115 217.66901145875454 164.09869132936001 136.90139043331146 336.53270880877972 90.244223684072495 12.583086758852003 66.430466502904892 37.333976626396179 12.140328571200373 414.65603742003441 167.60569629073143 21.654156446456909 24.48045302927494 59.980169668793678 10.822814419865606 11.440622329711912 26.333420023322105 34.524252787232399 158.47407311201096 11.919644102454184 46.795391783118248 198.45276965200901 159.60772533714771 16.66349633038044 37.113643288612366
leaf_count=613 600 2562 422 158 404 1148 822 610 1708 409 65 319 170 56 1795 740 97 111 276 50 54 129 158 724 56 210 913 782 79 176
internal_value=0.000339631 -0.0324238 0.0125598 0.00420135 0.0225703 -0.0169936 -0.0112071 0.0256048 -0.00506699 0.00771217 0.0100388 0.0109586 0.00520424 0.0285766 0.0261373 0.0174369 0.0253302 -0.000331727 -0.00290365 0.0312318 0.0130933 0.0116637 0.02092 0.0279139 0.006328 0.00494181 0.0137496 -0.0033647 -0.00964541 -0.000354686
internal_weight=3345.44 908.816 2436.62 1327.88 1108.74 495.382 381.768 943.819 513.143 176.611 814.734 802.151 164.923 806.918 711.34 296.684 213.74 46.1346 82.9433 22.9631 735.72 701.325 256.445 192.998 444.88 433.439 210.372 223.067 176.271 63.4471
internal_count=16416 5145 11271 6362 4909 2583 1970 4139 2539 831 3823 3758 770 3529 3125 1330 948 208 382 106 3439 3281 1187 882 2094 2040 969 1071 861 305
is_linear=0
shrinkage=0.05


Tree=10
num_leaves=31
num_cat=0
split_feature=17 7 24 1 7 17 17 19 18 25 24 5 28 12 5 24 3 6 10 28 29 28 13 15 32 18 10 15 7 12
split_gain=487.314 127.894 36.344 35.8267 27.25 62.0153 32.8634 22.4352 19.928 20.3384 19.6245 18.4153 14.6304 18.0538 13.6046 16.0233 13.3666 15.2612 13.3013 15.8255 13.174 12.9561 16.3686 16.0376 12.6715 12.3872 12.3368 21.4888 12.4972 12.3301
threshold=0.010638296234042489 0.94400001620000162 119.43299000000002 -0.051582718408621935 0.47999998086799051 0.16666670555555818 0.0202122350287216 -4.6578704283760546 0.4522935813913696 0.026592970967049066 31908.779203000002 -0.01044401235741166 0.86444190907127127 0.82776360018225603 -0.3364722166212093 1192.9474295000002 0.044393524907588529 0.40546510810816455 0.27847905080399571 0.61891324543499071 0.99999995976656841 0.72428914231207331 0.97580994676563992 0.035982631814425625 0.055747120427736982 0.41839046434764726 0.82017561520496551 0.010810152029269241 0.74000000792380993 1.0018298940189938
decision_type=2 2 2 2 2 2 2 2 2 2 2 2 2 2 2 2 2 2 2 2 2 2 2 2 2 2 2 2 2 2
left_child=1 8 7 4 5 16 -6 -2 9 18 12 -3 14 -14 -7 -16 17 -4 -1 -20 -15 22 23 -9 -17 -12 27 28 -11 -24
right_child=2 11 3 -5 6 10 -8 21 -10 26 25 -13 13 20 15 24 -18 -19 19 -21 -22 -23 29 -25 -26 -27 -28 -29 -30 -31
leaf_value=-0.029072518358776361 0.049768749477801827 0.016723951004875646 0.006211041881720376 -0.028468803720622715 0.0062696867222319791 0.047434034426611878 0.031479836447797692 -0.031561758077874771 0.037977240898347794 0.013031860865167855 -0.021157644306509283 -0.05121953909015458 -0.023927939695450443 0.013567598069652421 0.042774407781718912 0.010931109750757159 -0.01852144361966462 -0.033224256522537181 -0.025706708250855997 -0.0030529533236498554 0.057397143493516628 -0.01641590307814424 0.028223327021737629 0.035755160395296928 0.057883950270495012 0.037175272887178139 -0.022791552227150597 -0.0086864380136588409 0.064238651351173223 -0.022260611551647897
leaf_weight=268.14140142500401 19.355240494012833 10.244162678718565 437.57472863793373 42.967192322015762 170.59956616163254 113.6422041207552 533.61832621693611 40.313899144530296 17.594076454639435 39.621029376983643 34.774595335125923 376.6727956533432 25.780590608716011 80.657766610383987 91.815535515546799 129.99248352646828 76.796297088265419 25.990563452243805 147.34199957549572 161.6994189620018 21.772421404719353 142.3387184292078 67.267769366502762 11.335530027747152 16.155481398105621 12.327025562524794 62.987354710698128 125.06020185351372 17.039219573140144 14.746201038360594
leaf_count=1455 86 56 2009 211 776 490 2328 195 87 196 159 2413 113 364 410 582 364 124 797 815 96 672 317 52 71 53 335 649 79 69
internal_value=-0.000572931 -0.0256371 0.0139964 0.0166441 0.0177383 0.012701 0.0253726 -0.00226893 -0.0146753 -0.0158024 0.0249064 -0.0494206 0.0279296 0.013471 0.0332019 0.0264051 0.000799279 0.00400004 -0.0209238 -0.0138536 0.0228839 -0.00591819 0.00526088 -0.0167877 0.0161214 -0.00589126 -0.00372279 0.00288677 0.0284311 0.0191463
internal_weight=3336.22 1226.4 2109.82 1814.46 1771.5 1067.28 704.218 295.357 839.485 821.891 526.918 386.917 479.816 128.211 351.606 237.964 540.362 463.565 577.183 309.041 102.43 276.002 133.663 51.6494 146.148 47.1016 244.708 181.72 56.6602 82.014
internal_count=16423 6882 9541 8150 7939 4835 3104 1391 4413 4326 2338 2469 2126 573 1553 1063 2497 2133 3067 1612 460 1305 633 247 653 212 1259 924 275 386
is_linear=0
shrinkage=0.05


Tree=11
num_leaves=31
num_cat=0
split_feature=17 7 2 24 5 10 17 17 3 18 25 5 31 24 16 8 19 28 9 28 13 4 28 31 13 16 8 7 32 4
split_gain=443.911 122.405 37.8915 27.2782 27.5639 28.7608 30.149 24.8004 20.196 17.9401 18.7304 17.5149 17.2013 17.1799 16.3548 15.8895 14.154 14.0419 15.329 14.0074 13.8584 13.5034 13.2839 17.2136 14.7883 13.251 14.1588 12.5702 13.1094 11.8381
threshold=0.010638296234042489 0.94400001620000162 -0.010246306010933057 119.43299000000002 -0.12921163354879342 0.17716665550035912 0.1739129633477903 0.0202122350287216 0.019418081857101397 0.4522935813913696 0.026592970967049066 -0.01044401235741166 97.500000000000014 2000.6050000000002 0.054882607530163822 0.8879538314532317 -4.6578704283760546 0.72428914231207331 0.17143109574719193 0.61891324543499071 0.99978554142948306 0.044572124036520777 0.96264043457468917 19.500000000000004 0.96826053786252864 0.021041166491167235 0.92649998666625077 0.74976019184652298 0.010212691925946633 0.19520541892967477
decision_type=2 2 2 2 2 2 2 2 2 2 2 2 2 2 2 2 2 2 2 2 2 2 2 2 2 2 2 2 2 2
left_child=1 9 27 16 12 6 -6 15 13 10 14 -3 29 21 19 -7 -4 18 -18 -1 -15 -9 23 24 -8 26 -22 28 -2 -5
right_child=2 11 3 4 5 7 22 8 -10 -11 -12 -13 -14 20 -16 -17 17 -19 -20 -21 25 -23 -24 -25 -26 -27 -28 -29 -30 -31
leaf_value=-0.024618879416395456 0.01442102739931474 0.015749673361579369 0.039335309474724391 0.030505341480002914 -0.014723031450543872 0.010506132064633286 0.09113088956803253 0.034772462995806629 -0.0029355041095789122 0.035488325052281576 -0.003550554443515333 -0.050266626426888089 -0.0038778142216214237 0.0037580497638289253 -0.042804822484679539 -0.019002382611110157 -0.010142836031586911 -0.017335016399527989 0.024186647547238409 -0.007843912097888232 0.041203770059392124 -0.0068118802647231073 -0.027858846346425083 0.0055277453405776413 0.028124630362600867 0.0057468817225868364 -0.015977134080080536 0.05535652350593713 0.043021182829917452 -0.012787509933045629
leaf_weight=272.0437576174736 94.322596818208694 10.331651732325552 18.285096004605293 342.44244594871998 204.12491725385189 111.5065880715847 12.670188039541243 250.46392624080181 91.894108057022095 17.878960400819778 244.08943301439285 364.92241005599499 46.283624291419983 156.23592619597912 69.633925601840019 77.207580715417862 71.056222975254059 136.82239302992821 59.955253630876541 229.3645384311676 96.954249441623688 21.172205343842506 15.179860740900038 66.837126985192299 35.148201033473015 61.160095125436783 12.186700537800787 49.331719934940338 69.655495271086693 16.553519368171692
leaf_count=1498 412 56 80 1500 975 505 58 1097 418 87 1259 2413 205 688 383 369 347 651 273 1186 420 99 70 303 156 269 54 211 304 77
internal_value=-0.000555515 -0.024738 0.0132436 0.0110049 0.0135215 0.00974885 -0.00274163 0.0144956 0.0188881 -0.0140567 -0.0151434 -0.048449 0.0248104 0.0222408 -0.0200987 -0.00156652 -0.0032265 -0.00613221 0.00556749 -0.0169453 0.0145123 0.0315312 0.0160953 0.0219146 0.0448191 0.0243783 0.0348189 0.0332274 0.02657 0.0285091
internal_weight=3325.71 1208.26 2117.45 1904.14 1618.02 1212.74 333.96 878.781 690.067 833.011 815.132 375.254 405.28 598.173 571.042 188.714 286.119 267.834 131.011 501.408 326.537 271.636 129.835 114.656 47.8184 170.301 109.141 213.31 163.978 358.996
internal_count=16423 6882 9541 8614 7263 5481 1562 3919 3045 4413 4326 2469 1782 2627 3067 874 1351 1271 620 2684 1431 1196 587 517 214 743 474 927 716 1577
is_linear=0
shrinkage=0.05


Tree=12
num_leaves=31
num_cat=0
split_feature=18 9 31 1 11 7 19 3 7 16 1 1 2 9 16 19 13 16 11 13 18 28 18 16 19 22 18 9 28 23
split_gain=407.463 94.8178 49.0939 36.3425 35.9689 23.1201 22.4642 20.8789 21.4702 23.7513 20.8749 18.9995 17.9235 18.6093 24.2948 16.15 15.8796 15.122 16.1058 14.6996 17.322 14.4491 14.8007 14.3405 13.3773 12.9903 11.8492 14.3988 14.7668 12.4929
threshold=0.010377033410386377 0.91365654398169716 4.5000000000000009 -0.058403227600364885 0.99831048923977594 0.46305144301408241 6.7552288530682203 0.0071611552561570571 0.77000000924600076 0.010174933180376015 -3.5404594155127715 -0.15082294973462165 0.019138530819536106 0.29811164357970238 0.020637410687177529 -4.6578704283760546 1.0066203485452401 0.008985222575142832 1.0110075647949721 1.0028047425088957 0.13778564381775324 0.37910939637878965 0.021276595744680816 0.0064014892062816764 2.2629175863387183 943.15954900000008 0.19101120837309263 0.16119698041173272 0.91306027261888179 308.98544350000003
decision_type=2 2 2 2 2 2 2 2 2 2 2 2 2 2 2 2 2 2 2 2 2 2 2 2 2 2 2 2 2 2
left_child=1 6 15 4 7 10 16 8 9 -4 -6 19 13 14 -11 -2 -1 18 -18 20 24 -13 -23 -20 -7 -19 -16 28 -28 -30
right_child=2 -3 3 -5 5 11 -8 -9 -10 12 -12 21 -14 -15 26 -17 17 25 23 -21 -22 22 -24 -25 -26 -27 27 -29 29 -31
leaf_value=-0.029338157517483528 0.043524683599536679 -0.04913777172051223 -0.008879485924710993 -0.021713507340680206 0.036851123709040451 0.018026736600992247 0.0226938323698497 0.004291629842417692 0.038585524866005624 -0.016449699804551295 -0.0054815101465596448 -0.040837065333880089 -0.014004347738038792 0.034997142963384589 0.002919662847169702 -0.0075816696608681199 -0.013279399786519767 -0.022641906086120073 0.067099295535925224 0.034533425860680665 0.066876257629785954 0.024247029243312943 -0.012267228189188633 0.0035560635596549903 -0.0161851095313203 0.024639446210100367 0.036457527770727784 0.0059256594401828786 -0.013732179111822243 0.036175545773922721
leaf_weight=195.97799031436443 16.067064046859741 373.05667494237423 68.120791047811508 72.464812070131302 31.57866083085537 76.044441699981689 35.458893522620201 179.44117330014706 177.38034601509571 46.515687525272369 374.2665214240551 19.22277794778347 33.04202564060688 239.26866538822651 70.158213049173355 407.99385605752468 40.862795278429985 161.96639008820057 16.386010721325874 129.64606295526028 12.545164480805395 55.889056190848351 55.125100493431091 19.380804896354675 45.770843639969826 15.958503708243368 219.5686604231596 74.112654983997345 30.510769471526146 21.287926495075226
leaf_count=1073 73 2529 297 376 147 344 177 810 762 216 1783 93 147 1020 325 2040 218 878 77 569 56 264 258 94 215 80 950 324 135 93
internal_value=-0.000538201 -0.030178 0.00982898 0.0130584 0.0143443 0.00618956 -0.0156241 0.0199718 0.022843 0.0193637 -0.00218762 0.0148133 0.0219832 0.0236785 0.0178185 -0.00564532 -0.0186399 -0.0104034 0.00816624 0.0225226 0.0109333 -0.000814596 0.00611554 0.0326674 0.00517199 -0.0184011 0.0216536 0.025458 0.0307924 0.00677861
internal_weight=3315.07 859.048 2456.02 2031.96 1959.5 800.089 485.991 1159.41 979.966 802.585 405.845 394.243 734.465 701.423 462.154 424.061 450.532 254.555 76.6296 264.007 134.36 130.237 111.014 35.7668 121.815 177.925 415.638 345.48 271.367 51.7987
internal_count=16423 5126 11297 9184 8808 3729 2597 5079 4269 3507 1930 1799 3210 3063 2043 2113 2420 1347 389 1184 615 615 522 171 559 958 1827 1502 1178 228
is_linear=0
shrinkage=0.05


Tree=13
num_leaves=31
num_cat=0
split_feature=18 8 17 7 17 31 31 19 24 18 6 11 2 28 0 24 3 18 17 11 11 6 31 15 15 0 20 20 6 19
split_gain=373.209 93.9703 55.4419 35.9961 39.0239 23.8236 20.9389 20.842 18.3683 15.0955 14.1756 14.8625 13.4922 13.2399 13.8908 14.5493 13.2545 14.7587 15.0327 12.2095 11.9441 12.0355 11.9306 11.8428 12.2234 11.64 11.2836 11.9085 19.6703 11.1523
threshold=0.010377033410386377 0.92949999801282734 0.0202122350287216 0.47999998086799051 0.16666670555555818 4.5000000000000009 135.50000000000003 6.7552288530682203 165.39196800000005 0.36802485732595952 1.0000000180025095e-35 1.0373218355177631 -0.010246306010933057 0.98159349893871528 0.93800000031000008 280.12500000000006 -0.016260511707845576 0.027027029537925153 0.06250003279501018 1.0012495276228377 0.99916557869863554 -0.17435320866728174 35.500000000000007 0.010514658923727093 0.0052900354461582833 0.82000000500023829 -10.106712644379021 1.8711111509050486 -0.21735418549953076 -3.6482112603769408
decision_type=2 2 2 2 2 2 2 2 2 2 2 2 2 2 2 2 2 2 2 2 2 2 2 2 2 2 2 2 2 2
left_child=1 7 12 4 -4 -6 -7 10 20 -8 -1 19 -2 14 15 -10 25 22 -19 -12 21 -5 -18 24 -20 -17 -14 -28 -29 -25
right_child=2 -3 3 8 5 6 9 -9 13 -11 11 -13 26 -15 -16 16 17 18 23 -21 -22 -23 -24 29 -26 -27 27 28 -30 -31
leaf_value=-0.033992412667056764 0.034219959752109855 -0.048940826862538776 -0.00069294212634984833 -0.02860605786145326 -0.0057969909132073857 0.024062686350559991 -0.042904453771357647 0.021726501283553693 0.061749496527010721 0.015383340857862596 -0.025940996459631594 -0.023801551937310268 0.030193632363178926 0.05060404891419145 -0.011264819783755322 0.0471558309041454 0.081576264384033953 0.0055844405009161961 0.035360994075534551 0.0042411056208228421 -0.032220287630865811 0.019274082176911546 0.026273717979454665 0.0014375376098985043 -0.035136980521933689 0.0082080934405550834 -0.012653662851978279 0.065983197761030052 -0.001173079314770131 0.050964664526371384
leaf_weight=106.00605441629887 21.835147827863693 352.11860209703445 601.04326516389847 15.496068477630613 96.838740095496178 498.36408025026321 20.731948465108871 35.640908226370811 27.326436996459961 23.928504288196564 44.405684038996696 168.55256369709969 20.881694361567497 53.373310938477516 25.900578126311302 88.761698141694069 15.229895591735838 172.06569577753544 12.450627267360689 136.52415233850479 18.032365009188652 85.772570222616196 27.11585995554924 14.27502705156803 12.147711455821989 24.472692504525185 349.61322624981403 11.661535039544104 167.80454322695732 55.78118309378624
leaf_count=607 96 2475 2791 69 465 2169 95 176 117 103 248 916 104 228 119 369 66 745 53 704 84 383 118 60 52 102 1779 57 835 238
internal_value=-0.000521502 -0.0292284 0.00931512 0.013444 0.00845569 0.0170493 0.0211235 -0.0150954 0.0229936 -0.0116746 -0.0179766 -0.0131186 -0.00432598 0.0269911 0.0243407 0.0263918 0.0241038 0.0187421 0.0143885 -0.0031665 0.00527152 0.0119475 0.0461636 0.0303929 0.00054608 0.0387383 -0.00585637 -0.00727919 0.00319067 0.0408728
internal_weight=3304.15 843.248 2460.9 1889.11 1240.91 639.863 543.025 491.129 648.202 44.6605 455.488 349.482 571.796 528.901 475.527 449.627 422.3 309.066 266.72 180.93 119.301 101.269 42.3458 94.6545 24.5983 113.234 549.961 529.079 179.466 70.0562
internal_count=16423 5126 11297 8426 5623 2832 2367 2651 2803 198 2475 1868 2871 2267 2039 1920 1803 1332 1148 952 536 452 184 403 105 471 2775 2671 892 298
is_linear=0
shrinkage=0.05


Tree=14
num_leaves=31
num_cat=0
split_feature=18 8 17 8 17 24 19 31 2 15 24 13 5 18 13 0 24 23 20 4 10 3 11 24 18 16 5 5 13 20
split_gain=341.791 90.5519 49.8047 32.1967 35.8303 22.1439 18.9365 18.5632 17.0961 15.8766 14.7841 14.4669 16.6492 13.5319 13.4449 18.8046 13.053 12.2344 13.7194 14.0149 12.1526 13.5261 12.0622 12.0571 18.1468 14.657 12.2041 16.9222 11.9383 15.1002
threshold=0.010377033410386377 0.92949999801282734 0.0202122350287216 0.45449994876536398 0.16666670555555818 119.43299000000002 6.7552288530682203 135.50000000000003 -0.020619175535997455 0.035982631814425625 165.39196800000005 1.0066203485452401 0.089637949685196602 0.36802485732595952 0.93414740461518841 0.043491225678882438 2000.6050000000002 160.18548700000002 7.8113346588483399 0.049596944666888416 0.054277692183673606 -0.040821992103298135 0.99895516913775384 263.53341150000006 0.68946022326266032 0.18415096920339946 0.45198435132838993 0.23638874656422834 1.0380818474227218 3.3059711783420203
decision_type=2 2 2 2 2 2 2 2 2 2 2 2 2 2 2 2 2 2 2 2 2 2 2 2 2 2 2 2 2 2
left_child=1 6 17 4 14 9 11 23 -5 -6 22 -1 28 -9 15 -4 -12 18 19 -2 -16 -22 -10 -7 25 26 27 -25 29 -13
right_child=2 -3 3 8 5 7 -8 13 10 -11 16 12 -14 -15 20 -17 -18 -19 -20 -21 21 -23 -24 24 -26 -27 -28 -29 -30 -31
leaf_value=-0.027318906037917274 -0.011361687895085064 -0.048064533016552377 0.022873580650766178 0.053704899290465763 -0.021794299585368191 0.04418306520900539 0.020450712245730109 -0.040980780511823162 0.0099795744696499298 0.017680348945327436 0.0328018448483983 -0.030829152972618623 -0.020913963552444938 0.014558441670544773 -0.01214069581217779 -0.031020575196338891 0.01660322818881358 0.0033136295372712386 0.019449723483154678 -0.050829912783955128 0.026346035202933233 0.0020459096480976158 -0.036234937362784173 0.020584424248241123 0.050196084146935042 -0.010409373097001282 0.069834325725726148 -0.038765318159559359 0.039198228775045932 0.011764240940370395
leaf_weight=199.21064415574074 232.56366689503193 340.89757262170315 21.018306031823158 38.910056993365288 59.782138869166374 59.221613615751266 35.962540984153748 20.183933943510056 99.294222116470337 44.382006108760834 209.39796578884125 31.573733061552048 138.5640669465065 24.017738506197929 113.28300952911377 70.38808286190033 306.25023937225342 280.88720428943634 32.177291259169579 24.900687620043755 70.138559892773628 312.0188769698143 16.459620773792267 316.40543356537819 44.914043843746185 44.398594632744789 11.919105872511862 12.484322637319563 20.754306048154831 61.029424801468849
leaf_count=1124 1215 2475 100 162 290 259 176 94 442 204 894 175 758 103 549 330 1308 1358 165 133 313 1438 78 1371 187 194 53 57 113 305
internal_value=-0.000504858 -0.0282994 0.0088298 0.0127293 0.00790723 0.0161118 -0.0144665 0.0202286 0.0215385 -0.00497504 0.0195563 -0.01725 -0.00928789 -0.0108026 -0.00100846 -0.018628 0.0231813 -0.00412147 -0.0113319 -0.0151789 0.00224225 0.00650579 0.0034081 0.0230316 0.0201194 0.0166125 0.0201328 0.0183316 0.00492341 -0.00275829
internal_weight=3293.39 827.992 2465.4 1894.87 1224.56 637.709 487.095 533.545 670.312 104.164 631.402 451.132 251.922 44.2017 586.847 91.4064 515.648 570.529 289.642 257.464 495.44 382.157 115.754 489.343 430.122 385.207 340.809 328.89 113.357 92.6032
internal_count=16423 5126 11297 8426 5542 2812 2651 2318 2884 494 2722 2475 1351 197 2730 430 2202 2871 1513 1348 2300 1751 520 2121 1862 1675 1481 1428 593 480
is_linear=0
shrinkage=0.05


Tree=15
num_leaves=31
num_cat=0
split_feature=18 7 4 31 0 2 4 4 0 7 17 30 20 0 5 0 4 16 18 10 0 23 17 29 24 12 16 10 26 8
split_gain=330.662 80.8516 49.5634 27.6601 22.5975 21.7757 18.187 28.9529 17.1832 21.3557 16.0643 15.2597 15.2293 14.2688 17.9058 14.3863 16.2573 14.2649 13.5512 26.0907 15.6887 13.493 12.2439 12.1993 12.0989 12.0416 10.7107 13.1193 13.3481 12.2884
threshold=0.010377033410386377 0.94400001620000162 -0.0082473888299913756 11.500000000000002 0.055999997446399989 -0.020619175535997455 0.011976194299806524 0.061870418789738292 0.9432695569532763 0.45000000110552774 0.10526368131600022 14.500000000000002 9.3321266621074823 0.0070400000000000011 -0.26826404159469452 0.22000000305589426 -0.20908872355901317 0.053884021613129628 0.039525760311067949 0.12329967417889821 0.045857449782366409 858.27049750000003 0.23333336911111349 0.09330152627487219 72056.95938450002 1.053989892541028 0.01531104403521634 0.30071118438503724 -0.13608251135516078 0.77662768904699397
decision_type=2 2 2 2 2 2 2 2 2 2 2 2 2 2 2 2 2 2 2 2 2 2 2 2 2 2 2 2 2 2
left_child=1 6 5 18 21 -2 -1 -8 9 -6 17 -9 13 -7 -15 24 -17 25 -4 20 -20 -5 -18 -23 -16 -11 27 -21 29 -29
right_child=2 -3 3 4 8 12 7 11 -10 10 -12 -13 -14 14 15 16 22 -19 19 26 -22 23 -24 -25 -26 -27 -28 28 -30 -31
leaf_value=-0.025637905231082378 0.037973331909376296 -0.048928728848243612 -0.020078293484612111 0.051125193759528759 -0.0023675038887337367 -0.035601978091310486 0.013338640771972594 -0.025342227661499819 -0.030150138644742981 0.012238551140957848 0.05344916401999053 0.036096992176779009 -0.037232810406197241 0.030574419314226588 0.005971904498949342 -0.028749675413500993 0.017824617157809676 -0.043638840584368684 -0.0015509300064496315 0.072929356629951189 -0.028603239520035358 -0.024930475799102278 0.067428768329238789 0.035380910972988643 -0.042006689707557505 0.058811217871384817 0.00034486631247887956 0.012598360756407932 -0.012867796299057072 0.06394182858176814
leaf_weight=245.55613946914673 106.90426726639271 294.94259832799435 137.15105228126049 45.810444191098213 321.02613490819931 13.751925572752951 106.38955014944077 137.65032240748405 32.500729337334633 316.33746962249279 25.648269146680832 10.907170444726942 14.153578057885168 168.20750276744366 276.63580766320229 18.437625646591187 526.12071476876736 10.983059570193289 122.5570902377367 12.282184079289435 95.244964465498924 14.625012144446371 12.741417244076727 19.649418964982033 13.795109108090399 14.515946239233015 88.86347858607769 30.624273523688316 24.711938560009003 18.812577292323112
leaf_count=1423 451 2240 714 209 1509 59 545 759 176 1433 109 55 64 713 1244 80 2259 50 611 62 498 69 54 91 63 63 414 143 123 85
internal_value=-0.000109368 -0.0281632 0.00888114 0.00231233 0.00817573 0.0164808 -0.0159262 -0.00657218 0.00537699 0.00705402 0.0152845 -0.0208313 0.0142797 0.0149878 0.0156726 0.0127157 0.0174178 0.0124209 -0.00654607 -0.00182468 -0.0133809 0.033373 0.0189975 0.00964584 0.00369298 0.0142819 0.0125339 0.0250659 0.0171377 0.0321365
internal_weight=3277.54 795.446 2482.09 1331.34 801.096 1150.75 500.503 254.947 721.012 688.511 367.485 148.557 1043.84 1029.69 1015.94 847.731 557.3 341.836 530.248 393.097 217.802 80.0849 538.862 34.2744 290.431 330.853 175.294 86.431 74.1488 49.4369
internal_count=16368 5022 11346 6359 3709 4987 2782 1359 3340 3164 1655 814 4536 4472 4413 3700 2393 1546 2650 1936 1109 369 2313 160 1307 1496 827 413 351 228
is_linear=0
shrinkage=0.05


Tree=16
num_leaves=31
num_cat=0
split_feature=0 4 31 4 2 2 20 11 8 0 4 22 20 31 11 28 26 10 13 0 0 9 13 11 27 16 21 10 19 20
split_gain=264.165 85.0882 42.6373 31.0845 18.8781 17.1093 15.7938 14.5105 14.5243 13.5749 14.6453 14.5571 13.4556 13.3095 13.2869 13.2685 14.8156 13.1823 12.3474 12.0765 11.8744 15.4625 10.9692 13.6352 10.9374 10.7654 10.6057 10.3934 10.2284 10.0413
threshold=0.9460000025452503 -0.0031828351431532572 8.5000000000000018 -0.0082473888299913756 -0.020619175535997455 -0.007986720346533532 9.3321266621074823 0.99459914233498414 0.099647958292797892 0.02700000800315713 0.085612500788856807 10.854781000000001 -10.728246467234014 4.5000000000000009 1.0417693915968009 0.17694940964803138 -0.19110125511274398 0.074241285240589774 0.99300563042892931 0.93199999922457433 0.81999999179999694 0.91968753623747423 1.1218475068603559 1.3957418638908889 0.51494462684137099 0.087907967392462663 0.021367573200402168 0.94687223319439096 -2.1200328090054676 -1.7606333404068113
decision_type=2 2 2 2 2 2 2 2 2 2 2 2 2 2 2 2 2 2 2 2 2 2 2 2 2 2 2 2 2 2
left_child=1 4 7 -2 26 24 13 8 17 14 19 -12 -9 20 -7 -10 -17 25 -5 -11 -6 -22 23 -14 -4 -3 29 -15 -28 -1
right_child=3 2 5 18 6 9 -8 12 15 10 11 -13 22 27 -16 16 -18 -19 -20 -21 21 -23 -24 -25 -26 -27 28 -29 -30 -31
leaf_value=0.032772452927263544 0.0064749294098764027 -0.014628926743231647 -0.0079180038030174024 0.00020121871840259967 -0.009063880984423912 0.0115770419531456 -0.039151791018442308 0.04623647704899931 0.067751675850197257 0.0062714687216306802 -0.027005664231262577 -0.0007905109138527461 -0.016776265044642986 0.015493913030795529 0.079273353353656706 0.045868855852086249 -0.0073667609108086481 -0.063270800835324076 -0.045740927371052169 -0.023877244529866927 0.074243479771691254 -0.0066193754823506874 -0.045209444912409184 0.033619378089249675 0.036018987011879909 0.034171712640287198 0.034847698705692064 0.049396212069859849 -0.022564591793519412 0.071355214069103085
leaf_weight=49.772562861442566 33.860074743628502 58.271123543381691 18.246484383940697 15.299499243497847 97.067815870046616 21.806137204170227 14.018464162945746 8.4899874627590162 11.127396464347838 694.91336040198803 78.888059303164482 161.09210704267025 442.90128779411316 881.59036760032177 10.85705481469631 18.613954991102219 43.875550597906113 11.284433141350744 331.67162279784679 34.882969945669174 10.886125490069391 12.937786966562269 32.74058723449707 13.841406956315039 63.310882687568665 14.020116463303564 19.114513903856277 23.201713681221008 13.057233259081839 25.504314005374908
leaf_count=207 170 291 79 89 461 97 65 41 48 3279 402 790 2445 3770 52 82 201 59 2494 196 48 59 187 75 274 66 80 98 55 108
internal_value=-0.000111946 0.00505243 -0.00191982 -0.0392527 0.0156229 0.00416652 0.0135609 -0.0119899 0.00125421 0.00237478 0.00130695 -0.00940815 -0.0161706 0.0142813 0.0340789 0.0174482 0.00849071 -0.0130101 -0.0437151 0.00483041 -0.00130056 0.0303302 -0.017253 -0.015249 0.0261892 -0.00516456 0.0355751 0.0163633 0.0115463 0.0458446
internal_weight=3267.14 2886.31 1739.16 380.831 1147.15 1084 1039.7 655.166 157.193 1002.44 969.776 239.98 497.973 1025.68 32.6632 73.6169 62.4895 83.5757 346.971 729.796 120.892 23.8239 489.483 456.743 81.5574 72.2912 107.449 904.792 32.1717 75.2769
internal_count=16368 13615 8664 2753 4951 5169 4501 3495 747 4816 4667 1192 2748 4436 149 331 283 416 2583 3475 568 107 2707 2520 353 357 450 3868 135 315
is_linear=0
shrinkage=0.05


Tree=17
num_leaves=31
num_cat=0
split_feature=18 7 3 24 0 6 16 12 22 0 7 18 12 28 18 24 28 9 28 9 9 11 28 16 13 12 20 14 28 28
split_gain=282.209 74.7872 38.0731 23.6026 19.077 18.2825 18.5521 43.5708 16.2031 16.0042 19.4206 18.0001 15.3907 12.2848 22.1372 14.098 12.3917 12.0664 11.1202 12.2717 18.3855 17.769 22.9105 14.9041 13.3714 13.0713 12.6887 15.5235 11.8134 21.5395
threshold=0.010377033410386377 0.94400001620000162 -0.0089943987057679118 127.32548600000001 0.93800000031000008 0.010929070581597341 0.0061495907881966103 1.0108804871605221 341.50523750000008 0.52000001161112519 0.58795663919047003 0.36802485732595952 1.0655663086639473 0.75972424533290461 0.1224306028775186 2895.5589070000005 0.84156182313702932 0.052858333345758339 0.08678288755004214 0.69642499860539908 0.71888720649996352 0.99377138654255759 0.35772069251024396 0.011486537904732688 1.0002178195543872 0.99406504886264735 1.8249185166770736 6.515133965656617e-09 0.72428914231207331 0.86711347237576575
decision_type=2 2 2 2 2 2 2 2 2 2 2 2 2 2 2 2 2 2 2 2 2 2 2 2 2 2 2 2 2 2
left_child=1 5 -2 -4 9 -1 7 -7 -8 11 -11 13 -10 14 -5 -16 -15 -17 -12 23 -21 22 -22 25 -23 -20 27 -26 -28 -30
right_child=2 -3 3 4 -6 6 8 -9 12 10 18 -13 -14 16 15 17 -18 -19 19 20 21 24 -24 -25 26 -27 28 -29 29 -31
leaf_value=-0.030498949624448254 0.018052523919651807 -0.047402689955104868 -0.0067774708891517824 -0.021576756230828633 -0.016124926272806778 -0.0097058041829160349 -0.021710614638550028 0.07425077777151011 -0.0037189853743962303 0.048084952634143405 -0.03882664119559058 0.017651747203589942 0.063200199583529279 0.025720152088965775 0.01602474891345243 -0.04515472681615041 0.0020495088179309918 -0.0010162629639002543 -0.055678870195972202 0.058822138614641799 0.094762956643870633 -0.010093010786242734 0.023007145123780642 0.014563603904064013 0.007190060396856603 -0.0017313687136514271 -0.030839189589572481 0.07323775739702755 0.074233968165687961 -0.006155482799382799
leaf_weight=136.18640550971031 690.47244882583618 276.2265804335475 382.67359019815922 137.05397695302963 82.417492747306824 59.138379275798798 213.28545023500919 20.920086532831192 53.728846400976181 42.68380643427372 10.199444144964216 198.68738779425621 10.227609440684317 73.545303165912628 115.18828386068344 19.38087572157383 222.75496800243855 77.00986310839653 17.238114610314369 26.963899686932564 12.514022171497343 76.648310616612434 100.14520297944546 77.846876814961433 17.109890580177307 32.207011446356773 17.399160385131836 18.53252449631691 12.062804728746412 26.945321828126907
leaf_count=835 2936 2240 1935 660 436 329 1190 100 276 186 46 866 52 341 525 90 1040 355 75 119 52 362 419 340 79 148 78 82 55 121
internal_value=-0.000113253 -0.026571 0.00807305 0.00423901 0.0072193 -0.0149106 -0.00896904 0.0122329 -0.0150915 0.0086636 0.0158657 0.00449325 0.00698241 0.000439452 -0.00592232 0.00421811 0.00792485 -0.009891 0.0127809 0.0139892 0.0193815 0.0156017 0.0309777 0.000928339 0.00533333 -0.0205392 0.0181786 0.041532 0.00342212 0.018704
internal_weight=3257.39 769.713 2487.68 1797.21 1414.53 493.487 357.3 80.0585 277.242 1332.12 488.496 843.621 63.9565 644.933 348.633 211.579 296.3 96.3907 445.813 435.613 308.321 281.357 112.659 127.292 168.698 49.4451 92.0497 35.6424 56.4073 39.0081
internal_count=16368 5022 11346 8410 6475 2782 1947 429 1518 6039 2162 3877 328 3011 1630 970 1381 445 1976 1930 1367 1248 471 563 777 223 415 161 254 176
is_linear=0
shrinkage=0.05


Tree=18
num_leaves=31
num_cat=0
split_feature=17 0 3 31 0 9 20 5 7 10 11 7 0 17 17 23 8 23 26 5 28 5 19 27 8 31 28 5 0 28
split_gain=258.417 93.8605 24.8895 15.1945 16.4303 16.4945 14.432 16.4111 14.1576 13.6339 13.3982 11.5078 26.021 21.8641 15.2631 16.2078 14.2677 12.6154 14.8811 12.9089 12.5301 12.1459 12.7225 13.0727 12.1163 19.0128 13.4937 11.825 11.6791 14.3727
threshold=0.0084096740573807345 0.9460000025452503 -0.022989336829205103 4.5000000000000009 0.93800000031000008 0.93566666700917123 -9.8540125633518194 0.0020779253863720654 0.93999999999306671 0.1815829405021496 1.0035050203232996 0.53000000089300014 0.58000000032069809 0.11538461839230769 0.10000001928571629 72.049504500000026 0.64177069153711319 785.70376199999998 -0.31507986331220089 0.41985375206025416 0.52225647692360011 -0.3364722166212093 1.0000000180025095e-35 0.65420673879165958 0.080049996626699524 9.5000000000000018 0.94923269942841737 -0.3364722166212093 0.91400002380698619 0.35772069251024396
decision_type=2 2 2 2 2 2 2 2 2 2 2 2 2 2 2 2 2 2 2 2 2 2 2 2 2 2 2 2 2 2
left_child=1 6 -2 10 5 11 -1 -8 -6 -9 -4 13 -13 -5 16 -16 -14 18 27 24 28 -19 -23 -24 26 -26 -20 -15 29 -18
right_child=2 -3 3 4 8 -7 7 9 -10 -11 -12 12 14 17 15 -17 20 21 19 -21 -22 22 23 -25 25 -27 -28 -29 -30 -31
leaf_value=0.048053983784943716 0.019124626863150092 -0.045579988782972286 -0.0014766809305082817 -0.0046192980498506757 -0.063441787017081197 0.047815752110028566 -0.022385215603218548 -0.017986484358422219 -0.0044373882123618829 -0.00037292439204399043 -0.044181815993401284 0.057031867059830571 -0.011451308766300142 0.086997170288548767 -0.001031559228050073 0.060543817622230947 0.023143912201944894 0.027961710068931292 0.0080894558665753208 0.056770354993478003 0.017737843460635838 -0.014856677496808022 -0.028401698863863435 0.034411231215183517 0.056011474321344394 0.010086957413739253 -0.034547517755972895 0.028515324886987738 -0.047768850219027131 -0.022820322144151476
leaf_weight=9.9987868964672071 513.97417239844799 279.37549110502005 223.90756346285343 327.76004007458687 11.594195351004599 28.081776201725006 264.90564934909344 173.61308065056801 82.542666852474213 299.21876542270184 20.007627487182617 34.144736841320992 71.223773717880249 12.472206175327299 16.428640738129616 30.577877089381218 40.505092397332191 34.784483373165131 116.23746283352375 16.50316795706749 296.65992246568203 98.901917085051537 11.256255045533178 31.363297358155251 31.93453560769558 76.585973173379898 22.081828325986862 28.158252775669098 13.001336380839346 29.31740565598011
leaf_count=48 2178 2314 1083 1522 56 117 1540 998 428 1573 101 144 309 52 68 126 173 147 514 74 1278 441 53 145 140 334 101 124 61 126
internal_value=-0.00011516 -0.0208524 0.00947914 0.00657326 0.00850056 0.00989096 -0.0116134 -0.0124221 -0.0117046 -0.00684022 -0.00497965 0.00909613 0.0148076 0.00533679 0.0119109 0.0390234 0.00908318 0.0121312 0.0183027 0.0139572 0.0129372 0.00149078 -0.0050155 0.0178217 0.0110948 0.0236013 0.00128272 0.0464673 -0.00425777 0.00384423
internal_weight=3247.12 1027.11 2220.01 1706.03 1462.12 1367.98 747.736 737.737 94.1369 472.832 243.915 1339.9 531.859 808.039 497.714 47.0065 450.708 480.279 303.973 263.343 379.484 176.306 141.521 42.6196 246.84 108.521 138.319 40.6305 82.8238 69.8225
internal_count=16368 6473 9895 7717 6533 6049 4159 4111 484 2571 1184 5932 2285 3647 2141 194 1947 2125 1339 1163 1638 786 639 198 1089 474 615 176 360 299
is_linear=0
shrinkage=0.05


Tree=19
num_leaves=31
num_cat=0
split_feature=18 9 4 23 2 1 9 4 16 12 5 10 7 16 22 6 2 10 13 28 9 28 16 6 27 28 13 2 26 16
split_gain=239.112 69.774 33.759 18.311 16.2905 15.7593 14.6893 14.3334 21.4284 19.932 12.7724 15.9184 11.9834 11.3091 11.0927 11.1062 10.7527 11.0467 10.8134 15.9665 14.7421 10.6366 10.5549 12.6065 11.6014 10.4276 10.3123 10.293 10.1743 9.95258
threshold=0.010377033410386377 0.9455850957626265 -0.0082473888299913756 57.862788000000002 -0.020619175535997455 -0.06678226410256706 0.90957175992117334 0.011976194299806524 0.0059068173158134439 1.0152456724719714 -0.26826404159469452 0.30917049826816972 0.032000000070952779 0.03308168799536846 330.02000000000004 0.13895992295347445 0.015810854462214755 0.85788218075170497 1.0037274779161323 0.67718902849613094 0.046766667239067215 0.70589001287566344 0.053025890318899198 0.0558112207013459 0.49074199004842983 0.98159349893871528 0.5358504535122055 -0.054067216840731069 -0.27274087791180368 0.14145566858016781
decision_type=2 2 2 2 2 2 2 2 2 2 2 2 2 2 2 2 2 2 2 2 2 2 2 2 2 2 2 2 2 2
left_child=1 7 4 26 -2 6 16 22 9 -9 12 -12 -6 -14 -10 -16 17 18 20 -20 28 -15 23 -1 -25 -21 -4 -22 -5 -28
right_child=2 -3 3 5 10 -7 -8 8 14 -11 11 -13 13 21 15 -17 -18 -19 19 25 27 -23 -24 24 -26 -27 29 -29 -30 -31
leaf_value=-0.027727939724316364 0.031949909367310757 -0.047106151791321854 -0.054252046784238964 0.072210063650801515 0.0028534142026497996 -0.020492672708099964 0.041993760131120439 0.0032478357343368523 -0.018568716735747001 0.082550012078952961 0.0007736460495671347 0.014581847147626637 -0.015509433730758988 0.051637348281360407 -0.011692215511183027 0.032312359806049934 -0.011687845996432952 -0.015185141221879873 -5.5178170694652253e-05 0.031311622532065271 0.046188992507397657 0.021721619584513487 -0.057760757120199013 0.052872522005924107 -0.0097304133193487317 -0.011129780678588698 -0.0062641755268325666 -0.00016135915117590339 0.018494043354810169 0.033255315215552562
leaf_weight=156.65567078441381 108.84953890740871 240.9805476590991 10.814030602574347 11.086165130138395 49.670264318585396 51.732913881540298 30.533531621098518 23.634931311011314 165.7045159637928 11.919556692242621 344.77248775959015 528.92583236098289 11.556810557842253 57.952591061592102 34.334550365805626 24.620840415358543 72.547524929046631 45.854922235012054 78.880850523710251 150.93297402560711 12.414863377809523 60.975389406085014 20.161613762378693 8.4823236316442472 58.026326417922974 16.007377684116364 449.01144739985466 340.20170395076275 43.034682840108871 16.517427816987038
leaf_count=987 451 2092 52 50 211 279 140 130 947 57 1541 2240 50 239 180 125 346 209 356 674 54 255 125 49 330 72 2287 1564 197 79
internal_value=-0.000115964 -0.0249801 0.00731173 0.00186989 0.0135346 0.00625417 0.00798056 -0.0143911 -0.00623366 0.0298337 0.0116325 0.00913296 0.0237545 0.0317107 -0.0119416 0.00668489 0.00663349 0.00853661 0.0102035 0.0184827 0.0051998 0.0362993 -0.0231148 -0.0199847 -0.00174621 0.0272421 -0.00598325 0.00147054 0.0294973 -0.00486198
internal_weight=3236.79 744.521 2492.27 1329.57 1162.7 853.228 801.495 503.54 260.214 35.5545 1053.85 873.698 180.155 130.485 224.66 58.9554 770.961 698.414 652.559 245.821 406.737 118.928 243.326 223.164 66.5087 166.94 476.343 352.617 54.1208 465.529
internal_count=16368 5022 11346 6359 4987 3941 3662 2930 1439 187 4536 3781 755 544 1252 305 3522 3176 2967 1102 1865 494 1491 1366 379 746 2418 1618 247 2366
is_linear=0
shrinkage=0.05


Tree=20
num_leaves=31
num_cat=0
split_feature=17 9 2 22 9 6 0 20 18 16 3 0 18 2 17 20 22 24 24 2 19 9 24 28 9 20 8 5 16 4
split_gain=196.383 84.1417 20.9701 18.0251 19.5377 17.9166 17.4649 16.624 15.4628 16.7551 14.0302 12.9881 22.4678 12.4249 12.1904 12.1323 11.5852 14.8437 11.5195 11.5174 10.9998 10.697 10.6167 10.5853 12.2101 14.8701 10.9665 13.2973 10.2866 10.194
threshold=0.0084096740573807345 0.94696666177677036 -0.0059259864014188793 330.02000000000004 0.8204166677642305 -0.010465805406097683 0.9204986104299494 -10.106712644379021 0.4673758865248227 0.038244709148770033 0.019418081857101397 0.013045440636474909 0.71494092004407561 -2.2516206337516014e-07 0.035714263342854907 -8.9950777883120221 51.598733000000003 770.3231585000002 114.23444300000001 0.015267547130820335 5.3370939730532099 0.702145300996043 287.08195800000004 0.65812514733114003 0.1100000116221259 -4.3657487071027647 0.044500003567733863 -0.055880473394468208 0.043526837881658335 0.020432605456662842
decision_type=2 2 2 2 2 2 2 2 2 2 2 2 2 2 2 2 2 2 2 2 2 2 2 2 2 2 2 2 2 2
left_child=1 3 -2 7 20 -3 10 -1 9 -9 11 22 13 -13 15 -8 -12 -18 23 -20 -5 -19 -4 24 26 -26 27 -15 -21 -7
right_child=2 5 6 4 -6 29 14 8 -10 -11 16 12 -14 18 -16 -17 17 21 19 28 -22 -23 -24 -25 25 -27 -28 -29 -30 -31
leaf_value=0.049552151636065786 0.022588193653819935 0.02681060239236642 -0.039472112110461921 0.0097913146803057308 -0.02493068033388509 -0.049115683666286582 0.034074642151676764 -0.011925195223080675 0.034726282016373004 -0.032880063090247692 -0.016365144757494843 -0.033408054381188657 0.061995960755677176 -0.012302422098569106 0.041662361333700298 -0.016326076330749412 0.05345064804502872 -0.0034916185143952804 0.013580634063992392 -0.032680686794753243 0.051142619205864361 0.045963706611418229 0.005075579634487553 -0.0095107275221109726 0.05770959697938649 0.0038426214466864617 -0.034122654490470965 0.060470880696519361 0.010186792154230163 0.016385514881501057
leaf_weight=10.241936400532721 233.31450313329697 8.4551524072885496 23.353793650865555 66.397017657756805 33.825274862349033 218.20548366010189 13.009503394365309 504.7353729903698 15.466167792677878 117.62371644377708 96.445581942796707 16.213354125618935 21.173575460910797 16.842407137155536 11.259053468704222 145.26437504589558 14.727624654769896 129.07035887241364 1165.8454413115978 25.957169726490974 21.222671657800674 11.945942476391791 31.299321815371513 124.75347980856895 24.253602832555771 27.157455712556839 19.950180262327194 10.006456077098845 30.365757644176483 6.1062356308102599
leaf_count=49 979 55 113 343 201 1959 63 2935 75 701 441 71 89 82 48 729 67 589 5067 114 100 52 135 591 107 122 102 50 135 55
internal_value=3.58642e-05 -0.0182986 0.00841839 -0.0103309 0.00734662 -0.0446394 0.0067307 -0.0136436 -0.0146583 -0.0158856 0.0081839 0.0099772 0.0108597 0.0101187 -0.00860732 -0.0121833 -0.00274686 0.00568636 0.0106071 0.0125138 0.0198072 0.0006979 -0.0139601 0.000155491 0.0124342 0.0292548 -0.00604406 0.0148199 -0.00956926 -0.0473326
internal_weight=3194.49 1002.28 2192.21 769.512 121.445 232.767 1958.89 648.067 637.825 622.359 1789.36 1537.17 1482.52 1461.35 169.533 158.274 252.19 155.744 1445.13 1222.17 87.6197 141.016 54.6531 222.964 98.2101 51.4111 46.799 26.8489 56.3229 224.312
internal_count=16219 6473 9746 4404 644 2069 8767 3760 3711 3636 7927 6778 6530 6441 840 792 1149 708 6370 5316 443 641 248 1054 463 229 234 132 249 2014
is_linear=0
shrinkage=0.05


Tree=21
num_leaves=31
num_cat=0
split_feature=0 11 22 6 31 3 3 21 0 31 12 9 28 31 0 16 31 26 16 9 3 29 28 19 15 14 0 10 9 28
split_gain=177.073 46.028 34.8917 27 16.0177 18.8261 15.5154 13.2647 12.8998 11.9536 21.6193 13.1151 10.9539 10.7715 10.099 9.89134 9.84954 12.3221 10.8902 13.7629 14.1799 10.6233 10.3648 10.4195 10.2593 9.39471 9.3883 11.8544 15.9186 13.6154
threshold=0.95005158596861661 0.99950332671785569 145.95641950000004 -0.0051072728894148087 6.5000000000000009 0.002085498446756609 -0.0089943987057679118 0.010902172290436248 0.029000000971003886 148.50000000000003 1.0108804871605221 0.23332457407908694 0.65812514733114003 59.500000000000007 0.14000000017200004 0.13644939199400188 24.500000000000004 -0.29877161253980472 0.0037596633835068152 0.65001606864018036 -0.11000088321432568 -0.71268421451965003 0.35003540107750253 -1.3618774190876637 0.0069493817842421471 0.0060822287283925722 0.9204986104299494 0.1815829405021496 0.047657701163661262 0.61481669269558947
decision_type=2 2 2 2 2 2 2 2 2 2 2 2 2 2 2 2 2 2 2 2 2 2 2 2 2 2 2 2 2 2
left_child=1 4 6 -2 -1 16 -3 -7 -4 10 -10 -11 13 14 -12 -14 17 -6 -18 20 21 -20 -21 25 -25 -24 27 28 -8 -29
right_child=3 2 8 -5 5 7 26 -9 9 11 12 -13 15 -15 -16 -17 18 -19 19 22 -22 -23 23 24 -26 -27 -28 29 -30 -31
leaf_value=0.00055127905930977975 -0.0079394987503172698 0.0086672217596710319 0.059254082428926637 -0.046149652765427013 0.046341148475856422 -0.01425047712963882 -0.0041926828080478774 0.011130864700381582 -0.010131012802611824 -0.018203021893097294 -0.029323784723961074 0.037900935815242565 0.019093960541319149 -0.038543185717689749 0.032282074307655201 0.068136453588614518 -0.032722711547414449 0.018414370618646921 0.062735157543021211 0.062805949763343707 0.0024754545716687698 0.016337443258911004 -0.01156543375305885 0.071272614541480067 0.02006380117853775 0.026622127407792736 -0.025729868020830937 -0.014027796157785597 -0.025759240354732739 0.0036395066315671343
leaf_weight=355.10753467679024 58.575846821069717 126.7921272367239 12.718960195779799 219.39405360072851 43.913193851709366 98.117660701274872 164.75387941300869 108.28852796554565 146.21394992619753 12.869072407484053 9.8266491144895571 54.658299848437309 118.05672934651375 15.765707060694693 20.593238830566406 11.262146681547163 13.904283553361891 392.91715487092733 16.73711559176445 17.038645371794701 289.88735969364643 46.926434829831123 31.006230235099792 16.312182679772377 24.427029326558113 33.514065429568291 85.99500323086977 176.61160954833031 178.00761362910271 285.07564762234688
leaf_count=1678 370 541 57 1956 186 450 916 481 715 61 50 250 548 72 96 53 70 1672 69 71 1252 193 129 72 103 136 593 972 1020 1387
internal_value=2.80588e-05 0.00367331 -0.00276884 -0.0380977 0.00981719 0.0127214 -0.00769708 -0.000934461 0.00970287 0.00808374 0.00406944 0.0272089 0.0158999 -0.00500205 0.0123813 0.023365 0.0157633 0.0212218 0.0108947 0.0121692 0.00716804 0.0285354 0.0266272 0.0207708 0.0405681 0.0082705 -0.0100272 -0.00834862 -0.0153929 -0.00311886
internal_weight=3185.27 2907.3 1419.2 277.97 1488.1 1132.99 1017.24 206.406 401.965 389.246 321.718 67.5274 175.504 46.1856 30.4199 129.319 926.584 436.83 489.753 475.849 353.551 63.6636 122.298 105.26 40.7392 64.5203 890.444 804.449 342.761 461.687
internal_count=16219 13893 7331 2326 6562 4884 5429 931 1902 1845 1534 311 819 218 146 601 3953 1858 2095 2025 1514 262 511 440 175 265 4888 4295 1936 2359
is_linear=0
shrinkage=0.05


Tree=22
num_leaves=31
num_cat=0
split_feature=17 0 2 22 7 7 27 0 17 31 17 24 28 28 2 12 24 31 5 24 5 24 13 9 9 24 27 19 14 19
split_gain=165.872 76.799 18.1515 17.5108 15.7412 14.4272 11.5929 11.7483 21.8754 16.5469 16.0629 14.9453 13.1648 12.0257 11.1622 11.0043 10.9909 13.8075 15.3676 16.4256 10.8457 10.7876 11.453 12.8096 15.6976 9.83233 9.75801 14.1913 10.7425 8.59685
threshold=0.0084096740573807345 0.95500001719512284 -0.0059259864014188793 330.02000000000004 0.84199998963638067 0.95600005662800658 0.99858492931220821 0.46024544545330853 0.13661006346216545 137.50000000000003 0.042395250342775546 114.23444300000001 0.04494971575942041 0.86133842372746916 0.01467102716096763 0.99686040835461465 1794.8713300000002 5.5000000000000009 -0.031748678684225935 297.06493200000006 0.02767492901596762 8703.3214010000011 1.1218475068603559 0.91090351018150717 0.89133335016571491 3435.8709040000003 0.92192430864374408 4.588314677411236 0.014874691250507456 1.1565469156052328
decision_type=2 2 2 2 2 2 2 2 2 2 2 2 2 2 2 2 2 2 2 2 2 2 2 2 2 2 2 2 2 2
left_child=1 3 29 21 26 6 7 8 15 11 12 -10 -9 14 -14 -4 17 -8 19 -19 -15 22 23 24 -1 -18 27 -5 -28 -2
right_child=2 -3 5 4 -6 -7 16 10 9 -11 -12 -13 13 20 -16 -17 25 18 -20 -21 -22 -23 -24 -25 -26 -27 28 -29 -30 -31
leaf_value=-0.0091758460921500078 0.025723298487371885 -0.045763531973464354 -0.012653210298674234 -0.011495778698352537 -0.021967923854886235 -0.022665904226970551 -0.013439183218776189 -0.048363483217633535 -0.0063320714986324468 -0.022197394655077616 0.022948731636015712 0.01685198289408665 0.016742744704419877 -0.013266549147390609 -0.034784577703790974 0.004505429787237396 -0.042675631735201169 0.059153455909671131 -0.0029878763756829249 0.010857756560887314 0.022840446355733426 -0.041349276505868872 -0.039871734806370761 -0.027391136409015505 0.032783051820264801 -0.0030871688752286512 0.066224935374177354 0.049667526154028314 0.012930804587527919 0.0021868965322954094
leaf_weight=484.18908703327179 185.42670826613903 188.56058230251074 196.4541382342577 37.939496606588364 33.672020569443703 42.699089467525482 87.938223600387573 10.427025005221365 82.217775344848633 35.052423223853111 270.19315193593502 449.85111859440804 248.86032512784004 88.716521769762039 10.973730161786078 178.19827312231064 28.070143535733223 26.566359713673592 91.389662384986877 52.193961754441261 27.166200891137123 32.90990624576807 34.817284002900124 93.417160749435425 23.366438910365105 35.54437467455864 17.420342460274696 12.644553691148756 20.680816203355789 49.062507390975952
leaf_count=2756 769 1793 914 198 202 237 412 51 396 157 1126 1933 1113 399 50 831 123 113 413 222 120 195 218 732 132 157 82 60 105 210
internal_value=2.15194e-05 -0.0170889 0.00765086 -0.0102539 0.00713694 0.0060799 0.00671924 0.00846249 0.00488364 0.0110774 0.0135978 0.0132695 0.0070547 0.00859268 0.0145666 -0.00449194 -0.00194067 0.00264763 0.0109617 0.0271482 -0.00480204 -0.013436 -0.0119911 -0.0103759 -0.00724418 -0.0205557 0.0181875 0.00379328 0.0372976 0.0207987
internal_weight=3176.62 979.618 2197 791.057 122.357 1962.51 1919.81 1598.11 941.774 567.121 656.337 532.069 386.144 375.717 259.834 374.652 321.703 258.088 170.15 78.7603 115.883 668.7 635.79 600.973 507.556 63.6145 88.6852 50.5841 38.1012 234.489
internal_count=16219 6473 9746 4680 647 8767 8530 7090 4231 2486 2859 2329 1733 1682 1163 1745 1440 1160 748 335 519 4033 3838 3620 2888 280 445 258 187 979
is_linear=0
shrinkage=0.05


Tree=23
num_leaves=31
num_cat=0
split_feature=0 17 6 17 20 22 10 31 11 9 2 31 5 2 6 31 12 16 16 6 16 24 16 11 12 20 16 9 12 24
split_gain=152.051 68.1451 26.4017 17.7891 16.6673 15.7483 16.7553 15.3607 17.0958 15.0194 14.0288 12.1767 11.633 11.2595 11.2485 11.0016 10.5462 10.0819 9.87978 9.82767 9.78448 10.3033 9.86308 9.96119 10.179 10.4899 16.6869 13.9238 14.6979 13.1545
threshold=0.95005158596861661 0.0082092603452426118 -0.0051072728894148087 8.0951967017838817e-09 -10.106712644379021 330.02000000000004 0.005004166666666668 4.5000000000000009 1.0037574701961669 0.79954808417478074 -0.054067216840731069 136.50000000000003 -0.0094340278248362473 0.015267547130820335 -0.12516314295400607 40.500000000000007 0.95701182632035087 0.0029730328117473876 0.0048121544230698551 -0.08223806423696646 0.038244709148770033 8703.3214010000011 0.033620611993170617 0.999895073284914 0.99997785397207972 2.9891288560455558 0.0071634791527055769 0.83224528120312191 1.0122275502172682 952.49196200000017
decision_type=2 2 2 2 2 2 2 2 2 2 2 2 2 2 2 2 2 2 2 2 2 2 2 2 2 2 2 2 2 2
left_child=1 4 3 -2 -1 6 -6 8 14 11 15 -7 -5 17 16 -9 -3 -12 -19 -16 21 22 23 -8 -25 -26 27 28 -27 -29
right_child=2 7 -4 12 5 9 20 10 -10 -11 13 -13 -14 -15 19 -17 -18 18 -20 -21 -22 -23 -24 24 25 26 -28 29 -30 -31
leaf_value=0.050742291641653052 0.061448894656300351 0.00032001101066656923 -0.044754863216124659 0.0049681666151405006 0.058579606802435347 0.0093793995408763542 -0.040615799948483668 0.010834124915692975 -0.047518007383490352 -0.021330861232130089 -0.021229204220973564 0.061479466937861361 -0.043804029428902436 -0.0064104850910795888 0.048306281764965264 0.04551148374185391 -0.033487062870665371 0.028449562876418789 0.0092319814097209744 0.0046875913700424356 -0.027894853224565322 -0.041632242684208239 0.042355141309481203 0.01088686140770391 -0.019941439768849455 0.007471897868148435 -0.016525355556471184 -0.023263294247647441 0.066879996205831543 0.043592924282413958
leaf_weight=11.299479231238363 8.2688755169510824 58.332146033644676 205.65269823372364 26.164911270141598 7.9391407668590537 71.581556439399719 26.583806157112122 44.717013791203499 20.223381504416466 35.133723482489586 26.17070934176445 13.298367276787756 22.950012229382995 118.20661136507988 14.255865380167959 46.819501146674156 38.159413859248161 69.857786558568478 1568.4450284093618 137.14500844478607 112.10581791400909 27.014709994196892 8.8636947572231275 55.703301519155502 200.73033019900322 23.909193873405457 108.29694014787674 31.31218359619379 18.441744312644005 9.6173334121704084
leaf_count=54 65 281 1956 133 45 360 172 185 102 205 123 63 172 533 66 195 184 310 6799 654 684 157 51 326 1271 121 606 204 84 58
internal_value=1.51703e-05 0.00331221 -0.0363872 -0.00639899 -0.0095315 -0.0104389 -0.0135988 0.00787954 -0.00331434 0.0061621 0.00948088 0.0175421 -0.0178217 0.00850065 0.000291852 0.0285711 -0.0130496 0.0095596 0.0100514 0.00879472 -0.0145192 -0.0115818 -0.00990263 -0.0108786 -0.00911408 -0.011954 -0.00358493 0.0132427 0.0333412 -0.00755388
internal_weight=3167.2 2904.16 263.036 57.3838 761.831 750.532 630.518 2142.33 268.116 120.014 1874.22 84.8799 49.1149 1782.68 247.892 91.5365 96.4916 1664.47 1638.3 151.401 622.579 510.473 483.459 474.595 448.011 392.308 191.577 83.2805 42.3509 40.9295
internal_count=16219 13893 2326 370 4461 4407 3779 9432 1287 628 8145 423 305 7765 1185 380 465 7232 7109 720 3734 3050 2893 2842 2670 2344 1073 467 205 262
is_linear=0
shrinkage=0.05


Tree=24
num_leaves=31
num_cat=0
split_feature=0 17 18 20 10 31 2 18 3 18 21 22 16 4 4 12 16 31 24 11 13 24 5 5 13 10 24 16 0 9
split_gain=142.016 66.2535 20.8199 17.0465 15.4866 13.8647 13.8332 13.1046 10.8148 11.168 10.9694 9.64418 10.9682 11.6636 12.9399 11.7918 17.2577 12.1806 11.4686 10.8473 10.7068 10.6294 14.5699 9.43537 9.10945 9.53293 8.79768 8.58539 8.12964 11.5681
threshold=0.95600000021392784 0.0082092603452426118 0.018181794470907592 -10.106712644379021 0.94771548883531664 182.50000000000003 -0.007986720346533532 0.4522935813913696 0.048790199134468255 0.58730158575555313 0.051787224905655245 1935.3188910000001 0.038244709148770033 0.19520541892967477 0.087011406956298609 1.0122275502172682 0.0061495907881966103 6.5000000000000009 2166.4243150000007 1.0168242952054209 1.0367582136158673 449.66754800000007 0.021053539197945389 0.2032902050836794 0.99968140261035499 0.042833906012308028 911.8922520000001 0.0043410918359857052 0.44287167201441308 0.16119698041173272
decision_type=2 2 2 2 2 2 2 2 2 2 2 2 2 2 2 2 2 2 2 2 2 2 2 2 2 2 2 2 2 2
left_child=1 3 -2 -1 5 7 28 11 10 -10 -8 12 13 14 15 18 17 -17 20 -13 21 24 26 -18 25 -5 -23 -27 29 -3
right_child=2 6 -4 4 -6 -7 8 -9 9 -11 -12 19 -14 -15 -16 16 23 -19 -20 -21 -22 22 -24 -25 -26 27 -28 -29 -30 -31
leaf_value=0.048988386020757724 -0.044139215527410847 0.024764815849731472 0.0090764943598942386 0.033986027709445345 -0.045494835729930259 0.033450118122488028 0.0056869132139557993 0.033952984392896013 -0.010160700822787846 0.039932121316398839 0.01785011857587479 -0.019437981488390224 -0.025796114106602253 0.045651555959619811 -0.036109566407728146 0.0026118232497141275 -0.0088226453328451564 0.068894725809648782 -0.031444574246555668 0.037384829669255451 0.023954749243624604 0.067879842019893263 -0.023429940388542885 0.04432068536758673 -0.02462010505916756 -0.019917372442481596 0.0092923196929093291 0.02497389198443371 0.029506024163201017 -0.0052411557928311531
leaf_weight=12.217585772275923 195.56465145200491 68.093232080340385 20.28627048432827 14.222709015011786 30.431236982345581 18.662298925220966 1560.4004359468818 16.420063197612762 148.72210083901882 12.026374742388724 210.35253272950649 14.103141166269777 126.98708239197731 9.4304599165916425 44.960360825061798 12.556533589959146 104.93298687040806 15.471236467361448 68.139355808496475 20.764867633581161 23.217235647141933 11.311111241579058 18.377960793673992 9.0745014697313291 127.11243385076523 54.025629729032516 14.78082876652479 13.265902377665041 101.94414839148521 60.802649810910225
leaf_count=58 1893 286 111 82 291 95 6926 79 688 52 904 83 775 53 259 69 574 70 393 103 138 70 104 51 848 330 88 75 418 253
internal_value=8.53826e-06 0.00287987 -0.0391379 -0.00960772 -0.0105396 -0.00909785 0.00738709 -0.010202 0.00600455 -0.00641301 0.00713181 -0.0112337 -0.0125721 -0.00946735 -0.0104454 -0.0080736 0.00404888 0.0391998 -0.0130723 0.0144016 -0.00854167 -0.0115227 0.0106713 -0.00459267 -0.0162534 -0.00320648 0.0346906 -0.0110675 0.0189551 0.0106104
internal_weight=3158.66 2942.81 215.851 780.466 768.248 737.817 2162.34 719.154 1931.5 160.748 1770.75 702.734 667.866 540.879 531.449 486.488 142.035 28.0278 344.453 34.868 276.314 253.097 44.4699 114.007 208.627 81.5142 26.0919 67.2915 230.84 128.896
internal_count=16219 14215 2004 4688 4630 4339 9527 4244 8570 740 7830 4165 3979 3204 3151 2892 764 139 2128 186 1735 1597 262 625 1335 487 158 405 957 539
is_linear=0
shrinkage=0.05


Tree=25
num_leaves=31
num_cat=0
split_feature=18 10 3 17 0 17 24 24 18 20 4 30 3 14 12 10 9 8 9 0 6 12 30 26 15 0 16 4 23 26
split_gain=146.746 57.649 23.2858 16.743 15.4013 17.0991 16.5193 14.0789 13.6945 12.1544 12.1423 11.6736 12.6827 10.1543 10.0114 9.59548 16.5648 19.7524 14.9657 12.8059 12.6269 9.4201 10.1656 9.75759 9.1253 13.5201 8.66916 8.25102 8.24362 8.11647
threshold=0.010377033410386377 0.94629366839682649 -0.0089943987057679118 0.042395250342775546 0.4741573120160496 0.12121212121212128 45.503919500000002 11.564333000000003 0.058998809940724636 -9.562621295334873 0.00049048622278023441 22.500000000000004 -6.6461609426361923e-08 0.032907090629623874 0.96348617771801404 0.19243892974819052 0.041546667072781922 0.037741178968389348 0.82596520554050989 0.7502879185817467 0.015470668810035611 0.98992316337892527 2.5000000000000004 3.0327974484451459 0.0077915849085721531 0.81000000068457245 0.04218767715467759 -0.023530606920007392 3.8089800000000005 -0.13608271255090251
decision_type=2 2 2 2 2 2 2 2 2 2 2 2 2 2 2 2 2 2 2 2 2 2 2 2 2 2 2 2 2 2
left_child=1 7 -2 9 5 8 26 -1 27 10 -4 12 -11 14 -6 16 17 28 19 20 -17 22 -14 -23 -21 -26 -7 -5 -9 -10
right_child=2 -3 3 4 13 6 -8 15 29 11 -12 -13 21 -15 -16 18 -18 -19 -20 24 -22 23 -24 -25 25 -27 -28 -29 -30 -31
leaf_value=-0.02887297350249601 0.012666464312674689 -0.044437196538164032 0.005437288579937704 0.05610762467205524 -0.0050086649504726827 -0.048785710435368376 0.01032617966247034 -0.039572315279692453 -0.018701566834654133 -0.030606780471817686 0.067775738347900433 0.038926980326156435 -0.030296954858244237 0.055651110679427046 0.01991057595150475 0.05018631341223069 -0.03284288336675803 0.07403449481983769 -0.017760693400203736 0.049695102718813999 -0.0069702479550948831 -0.0031197692603819292 0.010396548464000442 0.034704518455251229 0.041957074341886613 -0.03581029477363952 -0.0043392994776421685 0.002414789059356551 0.0057267482648116382 0.0027070267851796535
leaf_weight=101.23724064230919 700.16490961611271 190.65172881633043 25.892777472734451 11.746842205524446 52.00437818467617 17.3061852902174 494.75096189975739 15.492602676153181 155.52263776957989 48.829688958823681 11.186066210269926 14.749982535839079 61.267832890152931 15.869000926613806 179.17037923634052 10.576971381902693 82.760292813181877 8.2640401124954206 101.82885295152664 24.603031069040298 111.80512236058712 566.26251989603043 20.476096525788307 17.58000411093235 11.958304524421694 10.492915861308573 29.969615593552589 18.304480701684952 28.554125159978867 61.890335381031036
leaf_count=698 2928 2014 126 53 220 88 2180 99 734 238 52 68 289 66 750 57 528 48 700 114 594 2856 96 85 60 55 147 85 169 290
internal_value=-0.000726308 -0.0209951 0.00492789 0.00192238 0.0060653 0.00265596 0.00762794 -0.0121899 -0.00823428 -0.00368194 0.0242438 -0.00510199 -0.00601102 0.0169607 0.0143048 -0.00803332 -0.018922 0.003102 -0.0026115 0.00649295 -0.00203045 -0.00420659 -0.0201036 -0.00198085 0.0286612 0.00561132 -0.0206097 0.0234029 -0.0102063 -0.0126072
internal_weight=3201.17 698.225 2502.94 1802.78 1036.53 789.491 542.027 507.573 247.464 766.245 37.0788 729.166 714.416 247.044 231.175 406.336 135.071 52.3108 271.265 169.436 122.382 665.586 81.7439 583.843 47.0543 22.4512 47.2758 30.0513 44.0467 217.413
internal_count=16487 5136 11351 8423 4613 3577 2415 3122 1162 3810 178 3632 3564 1036 970 2424 844 316 1580 880 651 3326 385 2941 229 115 235 138 268 1024
is_linear=0
shrinkage=0.05


Tree=26
num_leaves=31
num_cat=0
split_feature=18 10 3 19 17 0 17 31 18 28 27 28 20 4 30 3 25 20 0 18 10 18 12 17 31 27 29 6 5 20
split_gain=134.359 55.4691 20.9491 18.745 15.1054 13.8365 15.436 14.797 12.3501 12.0061 11.1691 15.6164 10.9063 10.6039 10.4397 11.6316 11.4386 10.2412 9.32639 9.3005 9.29207 9.28493 9.2479 13.2023 14.7643 10.5021 8.84136 8.80864 12.4461 12.2325
threshold=0.010377033410386377 0.94629366839682649 -0.0089943987057679118 6.7552288530682203 0.042395250342775546 0.4741573120160496 0.12121212121212128 3.5000000000000004 0.058998809940724636 0.28341820433866122 0.99999473689750651 0.88613641699904366 -9.562621295334873 0.00049048622278023441 22.500000000000004 -6.6461609426361923e-08 0.60981374821966272 -7.9697210801107747 0.86999941873066378 0.38638636480573613 0.11301905543325071 0.058998809940724636 0.96348617771801404 0.092909151278574853 9.5000000000000018 0.41070580842904097 0.99999999571224629 0.022472826888731593 0.052633130435062417 5.060942059154077
decision_type=2 2 2 2 2 2 2 2 2 2 2 2 2 2 2 2 2 2 2 2 2 2 2 2 2 2 2 2 2 2
left_child=1 3 -2 27 12 6 8 -8 -6 17 11 18 13 -4 15 -14 -17 -9 22 20 -19 -12 -7 24 -24 -26 -10 -1 29 -29
right_child=2 -3 4 -5 5 10 7 9 26 -11 21 -13 14 -15 -16 16 -18 19 -20 -21 -22 -23 23 -25 25 -27 -28 28 -30 -31
leaf_value=-0.023609839425470694 0.012007862427012461 -0.043765284830649016 0.0051546952334398871 0.023017211084330247 0.022059938830639871 -0.0092470257920369264 -0.014101993353530649 -0.013290174007171293 -0.014629200456223415 0.0070904282215185329 0.033874707543975195 0.041871329408957395 -0.029424999908584826 0.062947971489126217 0.036518023799463242 -0.0050073937668931139 0.038879169826408849 0.0059223571398988248 -0.026155233532870876 0.066563637975731046 0.056429060105607665 -0.016728137031050333 0.057007691130478766 0.054888666524947484 -0.039037946973568827 0.012817623420589589 0.027364173205082512 -0.0065101814537068693 -0.016923093033518025 0.030374918690053349
leaf_weight=166.22697108983994 701.60079365968704 184.06761854141951 25.945284858345985 36.114102341234684 30.273468986153603 27.230410113930702 70.692847117781639 11.673640072345732 203.01883506774902 401.92528884112835 11.832288369536398 63.442066296935081 48.265879929065704 11.435002386569975 14.931952670216559 649.31662303209305 15.194824442267416 25.271542072296143 14.471931234002112 19.172396063804626 14.236746773123739 38.760247156023979 14.495836570858954 25.051591515541077 12.969247460365294 39.506182566285133 13.358999714255331 77.139799557626247 192.12174402922392 31.72103264182806
leaf_count=1144 2928 2014 126 185 138 113 352 49 962 1760 50 265 238 52 68 3252 74 113 61 80 61 165 61 103 54 164 62 471 1138 184
internal_value=-0.000697477 -0.0202782 0.00467762 -0.0116889 0.00182437 0.00575524 0.00252066 0.00723238 -0.00785163 0.0104258 0.016064 0.0214417 -0.00350548 0.0228342 -0.00485848 -0.00572527 -0.00400388 0.0294804 0.0117494 0.037989 0.0241224 -0.00489344 0.0163493 0.0239235 0.0123405 1.57362e-06 -0.0120366 -0.0143716 -0.00926952 0.00423779
internal_weight=3191.47 687.391 2504.07 503.324 1802.47 1037.38 789.624 542.972 246.651 472.28 247.76 197.167 765.09 37.3803 727.709 712.777 664.511 70.3543 133.725 58.6807 39.5083 50.5925 119.253 92.0229 66.9713 52.4754 216.378 467.21 300.983 108.861
internal_count=16487 5136 11351 3122 8423 4613 3577 2415 1162 2063 1036 821 3810 178 3632 3564 3326 303 556 254 174 215 495 382 279 218 1024 2937 1793 655
is_linear=0
shrinkage=0.05


Tree=27
num_leaves=31
num_cat=0
split_feature=18 10 3 19 5 26 31 28 15 21 5 28 27 6 12 17 28 31 26 31 18 4 31 21 6 5 20 28 6 0
split_gain=122.896 53.3731 18.8503 16.9748 14.0266 16.8039 17.8433 11.9769 12.0189 10.8009 9.07542 11.6489 8.55238 9.3735 20.2282 8.63795 8.45588 10.0358 8.41143 11.3641 9.59886 9.71584 9.3332 8.35152 8.2045 11.3659 11.182 8.6037 13.9499 8.18783
threshold=0.010377033410386377 0.94629366839682649 -0.0089943987057679118 6.7552288530682203 -0.010810916062548947 -0.33184506738897074 90.500000000000014 0.5760343873611401 0.0025508933335543203 0.11163819546249303 0.020202882317663765 0.81798750162510914 0.043393514468050107 -0.039323170113519157 1.0081223832684383 0.01923073059614544 0.21710127517222008 65.500000000000014 -0.21357185150872224 7.5000000000000009 0.30769231004615399 0.074107978205798855 142.50000000000003 -1.0000000180025095e-35 0.022472826888731593 0.052633130435062417 7.8113346588494759 0.9960512069440669 0.010582109340536988 0.46024544545330853
decision_type=2 2 2 2 2 2 2 2 2 2 2 2 2 2 2 2 2 2 2 2 2 2 2 2 2 2 2 2 2 2
left_child=1 3 -2 24 5 6 23 -6 12 29 -3 -12 -9 14 -14 -15 -11 -18 19 -10 22 -22 -20 -4 27 26 -26 -1 -29 -7
right_child=2 10 4 -5 7 9 -8 8 18 16 11 -13 13 15 -16 -17 17 -19 20 -21 21 -23 -24 -25 25 -27 -28 28 -30 -31
leaf_value=-0.027116815204823425 0.011385557379945685 -0.045915716820474836 0.011984047020317891 0.021661558488492737 -0.010993690253830079 -0.0024455526740204273 -0.0059878982312918357 0.033423189003701601 -0.049460591742917663 0.060881618113945338 -0.055446038191738149 0.050659346834522091 -0.028944360643490957 -0.040479265487867538 0.055407218193548061 -0.0061717597113528973 0.0070322102918112432 0.056251419797850803 0.0049722500530730313 7.7514753814216035e-05 0.011390708130202185 0.07150730940764799 0.045568928978729904 0.055002962080992403 -0.0023857370582954594 -0.016229373576966265 0.044066602866435704 0.03616037772960317 -0.051723973052308053 0.0081746721768143314
leaf_weight=143.21676987409592 702.91616873443127 167.3184217736125 15.515224993228911 36.446678221225739 295.81109081208706 442.79583241045475 27.17612487077713 9.0640273913741094 12.383345305919645 11.140804439783095 4.7637593373656255 5.660246305167675 16.706625536084179 44.853801712393761 12.369857981801031 31.046994745731354 68.938582241535187 12.187697395682333 232.9183172956109 177.80200245976448 14.750422582030298 12.346659421920775 15.073833420872687 41.349918648600578 94.004134461283684 190.3630698621273 15.025944896042345 13.838844008743765 6.7020402997732154 307.53028149902821
leaf_count=992 2928 1895 67 185 1512 2052 119 46 60 48 54 65 84 248 63 144 296 52 1089 815 64 55 66 177 566 1138 89 97 55 1366
internal_value=-0.000669015 -0.0195646 0.00444091 -0.0111929 0.00173161 0.00601887 0.0273387 -0.00280798 0.00137182 0.00389241 -0.0430957 0.0021693 -0.013175 -0.0171985 0.0069409 -0.0264459 0.0200357 0.0144265 0.00493733 -0.00314801 0.0105272 0.0387826 0.00743986 0.0432656 -0.0137783 -0.00885658 0.00401608 -0.0227765 0.00748564 0.00190728
internal_weight=3182.02 677.34 2504.68 499.597 1801.76 926.634 84.0413 875.127 579.316 842.593 177.742 10.424 114.041 104.977 29.0765 75.9008 92.2671 81.1263 465.275 190.185 275.089 27.0971 247.992 56.8651 463.151 299.393 109.03 163.758 20.5409 750.326
internal_count=16487 5136 11351 3122 8423 4177 363 4246 2734 3814 2014 119 585 539 147 392 396 348 2149 875 1274 119 1155 244 2937 1793 655 1144 152 3418
is_linear=0
shrinkage=0.05


Tree=28
num_leaves=31
num_cat=0
split_feature=18 7 2 16 16 5 31 19 18 17 17 1 20 31 18 31 1 28 4 4 20 4 12 9 11 11 26 10 20 12
split_gain=112.399 51.8637 17.1494 16.6018 22.4231 15.1637 13.6605 12.2288 10.5713 13.1881 12.1548 11.9107 11.2695 11.1289 12.9538 12.1549 11.1628 16.8502 9.71474 18.2 11.558 9.89568 9.78109 14.7709 10.3396 9.74814 12.8338 9.59079 9.25743 9.15283
threshold=0.010377033410386377 0.95700000773926719 -0.010246306010933057 0.0028530520666306468 0.0037596633835068152 -0.033901551675681277 7.5000000000000009 6.7552288530682203 0.058998809940724636 0.098360616105195281 0.10679888189593954 -0.13926273545942716 -4.6380053195185713 5.5000000000000009 0.27247669392338858 163.50000000000003 -3.4420193739651359 0.85641371974494052 -0.0082473888299913756 -2.038343485250616e-07 9.3321266621074823 -0.01336097049230872 0.9999988780893303 0.023575000521234478 0.99999889499511629 0.99999632724831311 0.90075498085431238 0.74409299948186558 2.4703694140001589 0.95306806607675532
decision_type=2 2 2 2 2 2 2 2 2 2 2 2 2 2 2 2 2 2 2 2 2 2 2 2 2 2 2 2 2 2
left_child=1 3 -2 -1 6 8 -5 -6 11 29 12 -4 -11 14 -12 -15 -16 -18 20 -20 21 -7 25 -24 -25 -21 27 -27 -26 -10
right_child=2 -3 5 4 7 18 -8 -9 9 10 13 -13 -14 15 16 -17 17 -19 19 22 -22 -23 23 24 28 26 -28 -29 -30 -31
leaf_value=-0.024959521595108759 0.017092783168774339 -0.045261155404363554 0.045399771383566767 0.096891452431826453 -0.011341853873025901 0.0032888613709711259 0.0044757454430578566 0.020464665163692851 -0.043311683696943069 0.0029194796309988625 -0.024156924150860789 -0.00096255129633106805 0.06707651863325248 0.013542837651346213 -0.012897340995662707 -0.025173351953034065 0.064274163811125898 -0.00020478701931380173 -0.031756299689415388 -0.0028566914001836295 -0.040025385630451396 0.023142878477096691 0.049078195650523924 0.024421890070573993 -0.0089941210474348363 -0.016559561870879341 0.029333206555184507 -0.051963199021828804 0.006067085992475402 -0.0012846354356553366
leaf_weight=159.44439154863358 234.36949717998505 145.58152969926596 37.190051257610321 8.2770635560154933 313.2269891127944 370.63874138891697 7.7358613535761824 33.446759462356567 13.739112839102743 11.285775199532511 51.019958555698395 22.076588988304138 17.394079387187958 478.9626672565937 34.087386816740036 21.16837602853775 16.878783404827118 25.349762484431267 54.319303840398788 234.51486448943615 13.668970867991446 75.554658398032188 16.63830703496933 43.018465623259544 201.03022848814726 59.17080993950367 10.985035970807074 28.268033385276794 207.16607684642076 226.99655765295029
leaf_count=1254 966 1713 164 53 1898 1588 53 165 63 52 243 95 78 2018 164 92 77 119 279 1160 62 332 77 194 1001 293 55 149 997 1033
internal_value=-0.000642244 -0.0188709 0.00421569 -0.0115127 -0.00560125 0.00288683 0.0522453 -0.00827319 0.00767806 0.00632658 0.00999909 0.02813 0.0418302 0.00854418 -0.0046526 0.0119041 0.00838674 0.0255675 -0.000596993 -0.00374858 0.00526337 0.00665077 -0.00184876 0.00281279 0.00110678 -0.00839929 -0.0216057 -0.0280052 -0.00135032 -0.00368318
internal_weight=3173.2 667.713 2505.49 522.131 362.687 2271.12 16.0129 346.674 956.149 896.882 656.147 59.2666 28.6799 627.467 127.336 500.131 76.3159 42.2285 1314.97 855.111 459.862 446.193 800.792 467.853 451.215 332.939 98.4239 87.4388 408.196 240.736
internal_count=16487 5136 11351 3423 2169 10385 106 2063 4198 3939 2843 259 130 2713 603 2110 360 196 6187 4205 1982 1920 3926 2269 2192 1657 497 442 1998 1096
is_linear=0
shrinkage=0.05


Tree=29
num_leaves=31
num_cat=0
split_feature=0 17 18 17 18 2 2 23 13 16 9 0 0 6 5 24 3 18 7 18 2 14 20 24 3 22 23 26 32 26
split_gain=104.03 47.8015 16.5727 16.1241 13.399 12.0452 13.541 11.6571 11.0539 11.0223 17.0065 11.0591 11.1462 16.0609 10.5873 12.0892 10.3067 14.533 10.981 13.6253 11.8363 12.1716 11.7184 10.843 9.75634 10.7347 9.72111 9.5327 9.66366 9.00353
threshold=0.95700000773926719 0.0082092603452426118 0.019658266046954913 4.0000080406660604e-09 0.4522935813913696 -0.010246306010933057 -1.736887039045747e-07 6.2150000000000007 1.0013595797040693 0.014360672228162378 0.8204166677642305 0.02700000800315713 0.14000000017200004 0.39348422051299109 0.089637949685196602 232.72317900000004 0.019418081857101397 0.58730158575555313 0.013045440636474911 0.71494092004407561 0.076848672623782158 0.0068328753364205594 7.0017079287961232 31908.779203000002 1.6992570539508739e-08 70.212658000000019 32621.616087500002 -0.17128437460114551 0.010382922897999577 -0.19455941898472054
decision_type=2 2 2 2 2 2 2 2 2 2 2 2 2 2 2 2 2 2 2 2 2 2 2 2 2 2 2 2 2 2
left_child=1 3 -2 4 7 -3 -7 -1 -5 10 14 -11 13 -13 15 -9 18 27 29 20 21 -20 23 24 -23 -26 -25 28 -18 -8
right_child=2 5 -4 8 -6 6 16 9 -10 11 -12 12 -14 -15 -16 -17 17 -19 19 -21 -22 22 -24 26 25 -27 -28 -29 -30 -31
leaf_value=-0.015028806970647086 -0.041386904851196255 0.016121589699285725 0.011064046127666248 -0.038478876890182021 0.038663237543404276 -0.028648122861794661 0.01478318311236549 0.057593502905273097 -0.0088625545394520108 0.031513049253535846 -0.010769136128831104 -0.041460798702422259 -0.0024334829785690655 0.016016577069681834 -0.012805212677965009 0.016144004532725475 -0.012282005067542172 0.043918718168309778 0.0036676369938673614 0.045222146783104218 -0.034570272048429475 0.014857367770265188 -0.025341927624211714 -0.019059719528012276 0.0012020533648172734 0.058586842482048256 0.026380073402914275 0.00086323064624873366 -0.053530533606875798 -0.031910744093135095
leaf_weight=263.22650034725666 170.77215355634689 233.9600655734539 16.516635313630104 70.884806230664253 16.469651147723198 31.025700122117996 14.963911801576613 24.436727896332741 56.713512651622295 14.724394723773001 75.087754726409912 54.912419185042381 93.869903527200222 15.608568593859671 19.726980790495872 62.797039955854416 85.677397012710571 14.555307373404501 1081.5254722982645 22.717974260449409 17.583499103784561 398.81199359893799 19.170747488737106 40.784671023488045 11.695070579648016 26.882348954677582 16.544938787817955 142.53869217634201 17.019928053021431 33.291340410709381
leaf_count=1791 1909 962 90 484 79 138 65 127 347 84 501 341 532 95 101 310 388 62 4845 94 78 1676 84 176 52 116 71 654 79 156
internal_value=-0.000616556 0.00165722 -0.0367614 -0.00908389 -0.00585213 0.00539422 0.00412332 -0.00702632 -0.0253153 -0.00119387 0.00747028 -0.00999991 -0.0137182 -0.0287392 0.0202746 0.0277552 0.0046464 -0.00462326 0.00607646 0.00676995 0.00622838 0.00667803 0.0130137 0.0145 0.0171799 0.0411902 -0.0059461 -0.00750433 -0.0191181 -0.017431
internal_weight=3164.5 2977.21 187.289 768.458 640.86 2208.75 1974.79 624.39 127.598 361.164 182.049 179.115 164.391 70.521 106.961 87.2338 1943.76 259.791 1683.97 1635.72 1613 1595.42 513.89 494.719 437.389 38.5774 57.3296 245.236 102.697 48.2553
internal_count=16487 14488 1999 4792 3961 9696 8734 3882 831 2091 1039 1052 968 436 538 437 8596 1183 7413 7192 7098 7020 2175 2091 1844 168 247 1121 467 221
is_linear=0
shrinkage=0.05


Tree=30
num_leaves=31
num_cat=0
split_feature=0 17 6 4 23 18 15 26 11 11 18 5 5 2 2 20 17 5 0 17 3 22 28 25 25 21 0 16 3 12
split_gain=101.573 35.7714 20.0842 12.999 16.9366 13.6116 11.9267 11.7797 11.6167 10.4194 16.2087 16.0759 11.0101 10.3949 14.4816 10.2994 9.81447 11.028 9.58358 12.3763 10.4302 9.51039 9.49902 9.4375 12.3573 9.3338 9.21504 14.68 9.15205 11.4465
threshold=0.95600000021392784 0.0082092603452426118 -0.0051072728894148087 0.027779564307275909 563.3734760000001 0.26829275841763217 0.035982631814425625 -0.17426753042112078 0.999895073284914 0.99997994004024082 0.4673758865248227 0.0030832523478225566 0.0086591483660984209 -0.010246306010933057 -1.736887039045747e-07 -4.5238124837753242 0.0020543578748490692 -0.01398623222917963 0.012029411764705884 0.70057471264367821 4.1465220374847216e-07 330.02000000000004 0.23876505430104059 0.019523996013709948 0.0043392128009300248 0.051787224905655245 0.92999999963751601 0.0075853106084440075 1.6992570539508739e-08 0.9872469375767694
decision_type=2 2 2 2 2 2 2 2 2 2 2 2 2 2 2 2 2 2 2 2 2 2 2 2 2 2 2 2 2 2
left_child=1 8 16 13 5 -5 -7 23 -1 -10 11 15 -13 22 -15 -11 -2 -18 -16 20 25 26 -3 24 -6 28 27 -14 -20 -30
right_child=2 3 -4 4 7 6 -8 -9 9 10 -12 12 21 14 18 -17 17 -19 19 -21 -22 -23 -24 -25 -26 -27 -28 -29 29 -31
leaf_value=-0.030363372001074165 0.049757133624466737 -0.024423436640925777 -0.044361786613890397 -0.022817899770986472 -0.014353768927507969 -0.02576723457734216 0.024298987573111192 0.01842573948998533 0.018768644110285851 0.014529061782760073 0.059308669397041526 0.044102709364227631 0.013585299822015418 -0.031328618770545137 -0.016103629946131119 -0.022450869825188697 0.018698926302518667 -0.040312688669397717 0.0062422216635934068 0.050063233183489354 -0.0028375378196992388 0.01125397388534447 0.021287404000977759 -0.034380121232241954 0.026165821763636563 0.019848919096046386 -0.034667187807358633 -0.011414275950222375 -0.0044629544163278531 0.058862279802518305
leaf_weight=50.050969667732716 6.9499382376670829 12.138724654912947 146.11630026251078 127.43555778264999 44.493950113654137 18.000070184469223 35.072575092315674 107.92553906142712 41.828924119472504 20.807577222585678 9.0986187160015088 12.416992366313933 79.261320054531097 25.535055056214333 45.061872527003288 197.97542788088322 13.583799675107 18.977874457836151 1102.6778038218617 16.727461069822311 236.3583992421627 85.080864675343037 178.37345820665359 21.947946235537529 32.604628458619118 161.02716065943241 28.489800132811069 226.60588729381561 11.68124006688595 18.339797809720039
leaf_count=352 64 50 1757 604 203 82 153 478 255 106 41 98 415 113 206 1399 69 151 4835 69 1049 441 729 98 145 681 230 1367 50 80
internal_value=6.40657e-05 0.00232368 -0.0358094 0.00554688 -0.00276373 -0.0139572 0.00731857 0.00699856 -0.00709101 -0.00543071 -0.00696501 -0.00789179 -0.00229775 0.00732804 0.00602685 -0.0189339 -0.004182 -0.0156947 0.00662607 0.00728823 0.0068206 -0.00367138 0.0183749 -0.00545301 0.00278178 0.0085851 -0.00746931 -0.00493598 0.00698381 0.0342223
internal_weight=3132.65 2947.02 185.628 2195.4 387.48 180.508 53.0726 206.972 751.616 701.565 659.736 650.638 431.855 1807.92 1617.41 218.783 39.5116 32.5617 1591.87 1546.81 1530.08 419.438 190.512 99.0465 77.0986 1293.73 334.357 305.867 1132.7 30.021
internal_count=16370 14329 2041 9625 1763 839 235 924 4704 4352 4097 4056 2551 7862 7083 1505 284 220 6970 6764 6695 2453 779 446 348 5646 2012 1782 4965 130
is_linear=0
shrinkage=0.05


Tree=31
num_leaves=31
num_cat=0
split_feature=7 24 18 20 5 9 10 10 18 8 18 19 25 20 5 10 24 7 5 24 18 7 11 7 11 20 5 24 11 18
split_gain=83.3694 29.057 28.5866 18.3218 14.8092 13.9978 13.5703 18.6576 16.5957 12.5205 20.6965 11.2726 18.6306 11.0345 10.7255 10.0425 12.4955 10.7147 9.89021 9.72042 20.127 9.37585 15.4278 13.3665 9.17382 8.95963 13.2085 15.6772 10.2623 8.82528
threshold=0.95700000773926719 127.32548600000001 0.0081674515174824831 -1.9070564713931937 -0.010810916062548947 0.048639807282587648 0.15371664667968174 0.85788218075170497 0.17950172898645297 0.030000001013431418 0.015369593555420733 2.2629175863387183 0.12259409869349482 3.7671296950383479 -0.015723607414349357 0.69224948857931934 297.06493200000006 0.17000000111994054 -0.021277355343788829 72056.95938450002 0.20000001344000015 0.068000002515978361 1.1306859799256517 0.013045440636474911 1.1623504890908343 -7.811334658849419 -0.063957370679983139 56.080031000000005 0.99999875606274313 0.13778564381775324
decision_type=2 2 2 2 2 2 2 2 2 2 2 2 2 2 2 2 2 2 2 2 2 2 2 2 2 2 2 2 2 2
left_child=1 4 -2 11 14 9 8 15 -5 -6 -11 -3 -13 -9 18 17 -17 -8 25 20 -10 22 23 -22 -23 -1 28 -28 29 -27
right_child=2 3 -4 6 5 -7 7 13 19 10 -12 12 -14 -15 -16 16 -18 -19 -20 -21 21 24 -24 -25 -26 26 27 -29 -30 -31
leaf_value=-0.0089202775242112932 -0.047025185477547499 0.012268028325213365 -0.0041921457829091537 -0.015182515289504523 -0.011881791943128564 -0.019858963215742133 0.037983073021828004 -0.001633462665724865 0.065992133971973552 0.091648239444926408 0.0029355068831271054 -0.019047418757400382 0.040124031877212918 -0.0264267652594707 0.049894942103910267 -0.021215626407941186 0.020509575689779416 0.0030805610439725746 -0.045878861861699725 -0.036566872726499021 -0.047041585513039427 -0.003354491987508223 0.049571251201986619 0.0096710212607182024 -0.049976499267678998 0.049054816873824993 0.066855778825919962 -0.0014675624334919693 -0.042129350099499981 0.00042438679485254729
leaf_weight=106.66742451488972 120.43996375054121 776.01327087730169 57.57435305416584 235.66455148905516 51.308074876666069 269.52813717722893 22.919298976659775 177.76788458228111 13.382055118679999 9.1241323202848417 23.527822509407997 66.120555773377419 16.653200641274452 60.031934849917889 10.985422402620314 19.630559921264648 208.73471060395241 541.78888700902462 11.496636822819708 13.850630715489386 11.841249689459799 59.558344453573227 21.476863160729408 84.7506383061409 12.823095858097075 10.917332321405409 19.393454819917679 14.805750772356985 12.09580686688423 64.139957129955292
leaf_count=510 1596 3309 386 1273 319 1795 105 965 61 60 129 307 77 388 54 90 932 2481 57 63 52 264 93 366 58 50 94 70 62 304
internal_value=5.6538e-05 0.00206371 -0.0331719 0.00458448 -0.00771491 -0.0143057 0.00122122 0.00439173 -0.00598825 0.00352126 0.027725 0.0103971 -0.00714275 -0.00789247 0.00158553 0.0080751 0.0169228 0.00449712 -0.000630187 0.00396551 0.00671973 0.00255493 0.0112412 0.00271859 -0.011614 0.00165123 0.0109435 0.0372768 0.000610184 0.00749784
internal_weight=3125.01 2947 178.014 2343.01 603.99 353.488 1484.22 1030.87 453.347 83.96 32.652 858.787 82.7738 237.8 250.502 793.073 228.365 564.708 239.516 217.683 203.832 190.45 118.069 96.5919 72.3814 228.02 121.352 34.1992 87.1531 75.0573
internal_count=16370 14388 1982 10884 3504 2303 7191 4961 2230 508 189 3693 384 1353 1201 3608 1022 2586 1147 957 894 833 511 418 322 1090 580 164 416 354
is_linear=0
shrinkage=0.05


Tree=32
num_leaves=31
num_cat=0
split_feature=0 5 20 31 5 9 11 22 0 3 11 22 7 20 25 27 10 8 31 16 13 16 5 5 26 25 4 16 14 28
split_gain=88.0177 25.3323 19.4173 15.3082 14.1488 12.4164 11.9087 16.6793 12.9093 11.6034 11.2044 14.5428 10.5671 11.3954 10.4745 12.2839 10.2706 12.7046 11.2101 10.7773 12.0814 10.0503 14.7261 13.441 14.3017 10.7597 10.0443 9.75417 9.63545 9.61809
threshold=0.95600000021392784 -0.0094340278248362473 8.3016941032021308e-07 11.500000000000002 -0.01398623222917963 0.021050985127137056 1.006216630050589 145.95641950000004 0.075963914682248293 0.0041774792065628411 1.096793510269009 205.14438950000002 0.8999999995950001 2.5462059416382812 0.011647961780123556 0.58019026297869847 0.72049239002196686 0.79458571428571434 31.500000000000004 0.056832730317514644 1.0331927795350055 0.020305798087606543 0.21433149738518423 0.25131442828090617 -0.13608271255090251 0.1407439153881416 -0.17461524767099099 0.096615911195552892 0.010256826988681635 0.89068631950782862
decision_type=2 2 2 2 2 2 2 2 2 2 2 2 2 2 2 2 2 2 2 2 2 2 2 2 2 2 2 2 2 2
left_child=1 6 14 21 -2 -5 -1 -8 -9 10 12 -12 16 29 -3 -16 18 -18 27 20 -20 -4 26 -24 -25 -26 -23 -7 -22 -14
right_child=4 2 3 5 -6 9 7 8 -10 -11 11 -13 13 -15 15 -17 17 -19 19 -21 28 22 23 24 25 -27 -28 -29 -30 -31
leaf_value=0.0089617406152054813 0.011229713157047218 -0.01651955541912499 0.00085620483254164777 0.057497005192357266 -0.038768251405831039 0.016385960569028489 -0.014886905763323686 0.064970476462314283 0.0056899232868729867 -0.0039639846837684961 -0.028040761456735265 0.022789957293496373 0.035628286690290341 -0.028594604937832082 -0.020528766163026541 0.010483396159947382 0.066613622907548992 0.020409090786376836 -0.0011642015678245182 -0.022721696926388802 0.0065791442399864997 0.020309438059070921 0.050860077182491296 -0.023327975159443053 0.05083973420545812 -0.012781977546899302 -0.034542967824275905 0.060900091725558304 0.062734228857408134 -0.023617558224428091
leaf_weight=1174.5283193290234 15.52269162237644 295.38989308476448 199.44573140144348 11.234269127249716 160.00093910843134 103.28659197688103 125.99179843813181 11.548595905303953 44.848209694027901 261.62134244292974 41.220863685011864 21.364320188760757 19.354642994701866 30.968539461493492 48.278792187571526 94.299551241099834 18.242141082882881 80.662590056657791 84.636562958359718 36.154414683580399 14.83120894432068 9.2547327876090986 11.017462171614168 52.20446465164423 14.473231092095377 12.287358924746512 84.979023590683937 13.971152722835539 15.752353072166441 10.603257328271864
leaf_count=5085 80 1876 1145 51 1961 476 599 50 201 1299 210 96 105 184 249 456 79 357 380 160 66 40 63 313 80 66 458 61 67 57
internal_value=4.91979e-05 0.00210098 -0.00219084 0.00122745 -0.0343466 0.00532004 0.0071159 -0.00477073 0.017829 0.00454125 0.00907268 -0.010689 0.0119592 -0.0073266 -0.0111475 -1.77059e-05 0.0151563 0.0289311 0.0100846 0.00109506 0.00856842 -0.00692125 -0.0153417 -0.000874803 -0.00809302 0.0216273 -0.0291559 0.0216898 0.0355024 0.0146589
internal_weight=3117.98 2942.45 1585.53 1147.57 175.524 763.904 1356.92 182.389 56.3968 752.67 491.049 62.5852 428.463 60.9264 437.968 142.578 367.537 98.9047 268.632 151.375 115.22 383.662 184.216 89.9825 78.9651 26.7606 94.2338 117.258 30.5836 29.9579
internal_count=16370 14329 8394 5813 2041 3648 5935 850 251 3597 2298 306 1992 346 2581 705 1646 436 1210 673 513 2165 1020 522 459 146 498 537 133 162
is_linear=0
shrinkage=0.05


Tree=33
num_leaves=31
num_cat=0
split_feature=0 24 18 19 23 19 24 6 6 19 13 9 19 20 7 11 31 24 13 27 16 6 9 14 24 27 13 16 18 6
split_gain=81.7422 24.5073 20.74 15.8255 12.7005 10.1344 11.3021 13.6855 20.7221 14.7352 13.2061 10.048 9.81349 13.2968 9.6868 11.1371 10.0411 9.88473 14.9851 9.43294 9.13715 9.42792 11.8349 9.14501 9.06254 8.87304 9.04126 8.83852 8.84464 15.8634
threshold=0.95005158596861661 119.43299000000002 0.0081674515174824831 1.3716692538602695 135.01500000000001 -4.6578704283760546 56.080031000000005 -0.023530355009936711 -0.1091992772983244 -0.94084805130045812 1.0312827681750532 0.021050985127137056 5.4279728332530142e-06 -1.9070564713931937 0.76000000816000146 0.99459914233498414 198.50000000000003 770.3231585000002 0.99879288994347437 0.26122981434740117 0.073564376930184999 -0.22735438246017561 0.062099233063957864 0.043972853321188131 1744.5491860000004 0.90464739458234555 0.94106046453476633 0.073564376930184999 0.31277567029021797 -0.23638874781422853
decision_type=2 2 2 2 2 2 2 2 2 2 2 2 2 2 2 2 2 2 2 2 2 2 2 2 2 2 2 2 2 2
left_child=1 5 -2 12 -5 -1 7 8 27 -10 25 -6 13 14 16 17 20 -16 -19 -14 -3 23 -23 -22 -4 -8 -27 28 29 -7
right_child=2 3 24 4 11 6 10 -9 9 -11 -12 -13 19 -15 15 -17 -18 18 -20 -21 21 22 -24 -25 -26 26 -28 -29 -30 -31
leaf_value=0.028656242546401263 -0.041982275260444422 0.005817738572518695 0.0016607251312318492 -0.014504462142337173 0.040262612323893499 0.048046827560223701 -0.036998105718764995 -0.011244089649265678 -0.017109616428200788 0.049005011829735906 0.0064474014657391124 0.00050316703903353942 -0.013295196551335618 0.0012215933742742568 0.052433433831225507 -0.00025336747605421623 -0.031509577937383827 -0.0029285609824387933 0.050768436688388555 0.022654562095758096 0.016028902347452727 -0.040990953100589762 0.023523649173528793 0.048243382081854649 -0.03889209521980002 0.032133889945380044 -0.022476379301652749 0.037835909867436977 -0.028927801177181658 -0.0134491123784596
leaf_weight=19.120691940188408 134.22960041463375 456.48785629868507 53.666388161480427 156.23803175240755 16.413500547409058 14.280943945050238 81.964522048830986 238.900301463902 10.782975405454634 38.580188021063805 37.075758256018162 498.76122441887856 20.731007523834705 774.30990722775459 36.99485832452774 36.228586293756962 15.675207704305647 32.008193448185921 21.870142877101898 152.29664628207684 53.731029570102692 12.199344232678415 17.03541786968708 37.340399160981178 18.534898512065411 10.31241552531719 28.595593996345997 10.78885407745838 36.794380784034729 39.472011595964432
leaf_count=80 1868 1926 361 811 76 73 432 1583 48 198 199 2458 96 3553 151 175 68 132 90 706 222 50 70 151 130 50 150 52 195 216
internal_value=4.29337e-05 0.00220331 -0.0303588 0.00446408 -0.00201715 -0.00712565 -0.00837517 -0.00380126 0.00799769 0.0345628 -0.0196573 0.00176991 0.00707465 0.00576901 0.0106624 0.0231874 0.00797536 0.0325326 0.018868 0.0183473 0.00904842 0.0213069 -0.00339758 0.0292372 -0.00874965 -0.0276645 -0.00800214 -0.00494279 -0.0100399 0.00288897
internal_weight=3111.42 2904.99 206.431 2338.32 671.413 566.669 547.548 389.6 150.699 49.3632 157.948 515.175 1666.91 1493.88 719.571 127.102 592.469 90.8732 53.8783 173.028 576.794 120.306 29.2348 91.0714 72.2013 120.873 38.908 101.336 90.5473 53.753
internal_count=16370 14011 2359 10735 3345 3276 3196 2365 782 246 831 2534 7390 6588 3035 548 2487 373 222 802 2419 493 120 373 491 632 200 536 484 289
is_linear=0
shrinkage=0.05


Tree=34
num_leaves=31
num_cat=0
split_feature=0 17 6 2 11 3 5 16 9 26 5 5 6 17 20 0 20 23 17 5 29 21 2 26 24 16 15 20 24 26
split_gain=76.1917 25.7407 18.8407 10.9091 10.6911 10.0607 10.049 14.4578 9.68254 24.2904 11.6469 13.0081 17.5326 13.1296 10.65 10.3714 10.6521 10.2226 9.57651 9.45335 9.22868 8.7931 10.5398 8.83844 8.99615 11.5695 15.2577 15.5891 13.3261 26.5934
threshold=0.95600000021392784 0.0082092603452426118 -0.0051072728894148087 -0.007986720346533532 0.999895073284914 0.019418081857101397 0.020202882317663765 0.003405088040615744 0.041546667072781922 -0.13608179643268228 0.0031446575432820725 0.11935899158975879 0.25131373902265247 0.002319913538740127 -4.5238124837753242 0.92999999963751601 0.60209751063235506 3.8089800000000005 0.0020543578748490692 -0.01398623222917963 0.99999998123672029 0.051787224905655245 0.059849507618069793 -0.45137815269315812 158.91589000000002 0.017321472762192317 0.037822877715011187 -0.56162368868210222 73.718219500000018 -0.16003723301203168
decision_type=2 2 2 2 2 2 2 2 2 2 2 2 2 2 2 2 2 2 2 2 2 2 2 2 2 2 2 2 2 2
left_child=1 4 18 -3 -1 21 -4 -8 9 17 14 12 13 15 -10 16 -12 -6 -2 -20 -7 22 23 -5 25 28 27 -27 -25 -30
right_child=2 3 6 5 8 20 7 -9 10 -11 11 -13 -14 -15 -16 -17 -18 -19 19 -21 -22 -23 -24 24 -26 26 -28 -29 29 -31
leaf_value=-0.028861899181251306 0.05156505040849986 0.014815108869995017 -0.047903318467227181 -0.028615589505057295 -0.033371514641695819 -0.01014564484642066 0.04645806700602291 -0.043236287124627786 0.019812317128379327 0.036999067467437079 0.057920458327933536 -0.015100210828955789 0.07241431970189538 0.050776633872051738 -0.019876324938140618 -0.026661746213282919 0.0012297470820515743 0.0079830585986035065 0.01740306490283236 -0.037893582075217487 0.01390186616871269 0.014604306636837847 -0.033628352141173212 0.020005079512520244 0.0063682414118564389 -0.012068415661606892 0.011974447930028796 -0.055834165868493872 0.024741825610187177 -0.045494079548206064
leaf_weight=48.479500494897366 6.8316541016101828 234.26111726462841 109.19640662521124 20.528868086636066 28.247432842850685 214.95373202115297 7.3413016423583057 11.578637681901453 18.514602035284042 45.349385395646095 8.6699042022228223 122.78609156608582 9.2243127822875959 13.142447628080843 194.15569264441729 32.744636550545692 187.18462517857552 31.729095309972763 13.717982023954393 17.703993380069733 48.989746958017349 201.93726181983948 18.883882030844688 80.931191369891167 1171.137937836349 81.816658556461334 43.863865680992603 27.081306502223015 25.720240585505962 28.312433019280434
leaf_count=352 64 961 1528 92 178 981 94 135 95 259 54 746 51 78 1425 279 999 188 69 151 221 856 85 382 5065 396 197 136 122 131
internal_value=3.73538e-05 0.00190097 -0.0328802 0.00461637 -0.00616357 0.00339999 -0.0420745 -0.00843315 -0.00457281 0.00938535 -0.0070798 -0.00176446 0.00476012 0.00217858 -0.0164211 -0.000615377 0.00373928 -0.0114939 -0.0020876 -0.0137526 -0.00568226 0.00480993 0.00348984 0.00396364 0.00442209 -0.00349938 -0.0129235 -0.0229523 0.00716749 -0.0120609
internal_weight=3105.02 2938.65 166.37 2198.42 740.228 1964.16 128.116 18.9199 691.748 105.326 586.422 373.752 250.966 241.742 212.67 228.599 195.855 59.9765 38.2536 31.422 263.943 1700.21 1498.28 1479.39 1458.86 287.726 152.762 108.898 134.964 54.0327
internal_count=16370 14329 2041 9625 4704 8664 1757 229 4352 625 3727 2207 1461 1410 1520 1332 1053 366 284 220 1202 7462 6606 6521 6429 1364 729 532 635 253
is_linear=0
shrinkage=0.05


Tree=35
num_leaves=31
num_cat=0
split_feature=0 4 18 28 0 16 16 28 28 10 20 16 10 28 9 12 18 16 0 8 18 20 5 11 23 1 10 2 3 3
split_gain=76.0424 22.6305 15.884 14.7687 13.1188 16.1454 21.0067 17.3211 12.7446 12.825 11.2901 11.5388 10.2035 9.41277 11.1526 9.11958 8.75708 16.6412 14.1956 10.4021 8.6389 10.1399 8.43322 13.0012 12.9453 8.41277 7.58784 7.5463 7.54438 9.0964
threshold=0.95600000021392784 -0.0082473888299913756 0.0073260253806773073 0.50043971585706137 0.71999999814193549 0.01189731893431795 0.017573426451880845 0.43394347324682653 0.99999958202646955 0.70434470858587528 -10.463590307393938 0.0010722569976993541 0.64699062169594868 0.28341820433866122 0.55874575476282862 0.99032623034703726 0.19696969696969702 0.042943949019662149 0.016836049542447374 0.04143992011752403 0.35294120378362459 -7.3606391386305967 -0.046520004198743629 0.93698627631668585 30.002500000000001 -0.15082294973462165 0.091666666673655986 0.10536042171099891 -0.032260859667147722 -0.024391446025753622
decision_type=2 2 2 2 2 2 2 2 2 2 2 2 2 2 2 2 2 2 2 2 2 2 2 2 2 2 2 2 2 2
left_child=1 4 -2 16 5 15 7 -7 9 12 -5 -12 13 -8 -15 -1 -3 18 -18 -20 -19 -22 23 -6 -24 -25 -23 28 -13 -30
right_child=2 3 -4 10 22 6 8 -9 -10 -11 11 27 -14 14 -16 -17 17 20 19 -21 21 26 24 25 -26 -27 -28 -29 29 -31
leaf_value=-0.027424058781586186 -0.043699671037365516 -0.011595939104936795 -0.010814527637854641 0.034800483217961427 -0.0061471924205656753 -0.013171584249007004 0.020764922568978078 0.042088751996654905 -0.024028210809126784 0.053335988763404257 -0.026967311009281625 0.017120961023029201 -0.032602961948143043 0.0019954273890243133 0.034019507603526837 0.0029119302582509116 -0.025837220528315153 -0.029997587951006613 0.073526092867032419 0.020626163783755196 -0.03343647980442415 0.037532964799802344 0.039061424716333781 0.067549411302935805 0.0069371691064294477 0.018405518041391095 -0.012903867764892343 -0.024953309123088883 -0.03600217814996106 0.0020730272668420917
leaf_weight=55.371370866894722 108.55659262090921 410.78215779364109 55.489606618881226 25.527194976806641 13.605638697743414 17.865402236580849 94.468643426895142 68.748644396662712 36.837681800127029 14.113425746560095 35.300463393330574 83.38682746887207 17.410429149866104 518.62110784649849 28.691064074635506 44.83341757953167 10.919897466897963 34.679215312004089 13.902153238654135 28.028239220380783 13.311689913272856 19.809641048312191 39.100812017917633 25.380311056971546 158.4242130741477 13.25721360743046 11.958540439605711 25.332559421658516 15.922484323382376 1058.2166564464569
leaf_count=242 1653 2502 406 115 56 77 401 290 167 57 276 350 71 2184 116 189 59 163 67 150 64 87 169 103 659 54 53 138 66 5387
internal_value=0.000552295 0.00240469 -0.0325761 -0.00111302 0.00788674 0.00506467 0.00744364 0.0306905 0.00460829 0.00617504 0.00189147 0.00120185 0.00516531 0.0061899 0.00367419 -0.0138512 -0.00798953 0.00318198 0.0249411 0.0381653 -0.0112362 0.00319671 0.0180213 0.0358859 0.0132963 0.0506873 0.018547 0.00204251 0.00263331 0.00150862
internal_weight=3097.85 2933.81 164.046 1787.08 1146.73 896.961 796.756 86.614 710.142 673.305 1243.69 1218.16 659.191 641.781 547.312 100.205 543.392 132.609 52.8503 41.9304 79.7591 45.0799 249.768 52.2432 197.525 38.6375 31.7682 1182.86 1157.53 1074.14
internal_count=16371 14312 2059 9477 4835 3794 3363 367 2996 2829 6332 6217 2772 2701 2300 431 3145 643 276 217 367 204 1041 213 828 157 140 5941 5803 5453
is_linear=0
shrinkage=0.05


Tree=36
num_leaves=31
num_cat=0
split_feature=0 17 18 8 0 28 28 0 8 17 9 0 24 24 9 10 17 17 10 9 18 8 6 20 20 32 4 22 12 20
split_gain=70.4585 25.0153 15.538 11.5897 15.7146 13.8307 15.735 12.9753 12.6422 12.0868 15.9301 15.775 11.5114 11.239 11.9354 11.2104 10.8037 10.6415 10.4315 11.3804 12.1781 10.8734 13.0275 12.4052 9.92099 9.67421 9.87424 9.65863 9.41231 15.1573
threshold=0.95600000021392784 0.0082092603452426118 0.0073260253806773073 0.52871691513353414 0.58000000032069809 0.076144347792434466 0.27587000078347651 0.55000005869084967 0.60439243838897483 0.36842071242036872 0.15562926282784198 0.0070400000000000011 102333.02062400003 28.515713500000004 0.046766667239067215 0.94771548883531664 0.0020543578748490692 0.70057471264367821 0.005004166666666668 0.011484638871339782 0.4673758865248227 0.023606470001339353 0.034685564080733429 5.060942059154077 -5.2451200945173069 0.0048487530187483275 0.019418048719836576 95.465000000000018 0.82776360018225603 -1.0000000180025095e-35
decision_type=2 2 2 2 2 2 2 2 2 2 2 2 2 2 2 2 2 2 2 2 2 2 2 2 2 2 2 2 2 2
left_child=1 15 -2 9 7 -6 24 -5 -8 12 11 -11 13 14 -3 18 -4 28 -1 -20 21 22 -21 -23 -7 26 27 -10 -13 -30
right_child=2 3 16 4 5 6 8 -9 25 10 -12 17 -14 -15 -16 -17 -18 -19 19 20 -22 23 -24 -25 -26 -27 -28 -29 29 -31
leaf_value=0.052020862627804448 -0.043147694068909462 0.011995580874541101 0.047277122480559881 0.011141486119876795 -0.028639521957961236 0.074467162917185248 -0.025274417741205119 0.055445062848240273 0.012516827969700474 -0.023511218764895786 -0.011140100475502205 0.0019930618770314093 -0.040002921587970426 0.0013634543916285801 -0.048953955045529844 -0.037309902356641812 -0.018845500286118293 0.055106900815508487 -0.036893120564169039 0.07253483475394866 0.048609792836234983 -0.01136172469668246 -0.0041507769706492564 0.0031221021873380083 0.023219774480961075 0.021719398251309877 -0.011004611348760872 -0.0031445711570948264 0.041448889382996464 -1.8483900959683231e-06
leaf_weight=8.0613498985767347 104.55003263428807 12.429865986108778 7.089080609381198 33.64207823574543 25.573188714683056 11.441533505916594 29.88453371822834 32.484232947230339 343.45075562596321 19.98030512034893 58.266839548945427 54.845825135707855 17.902225539088249 1039.7741909325123 22.702973395586014 27.087325245141983 48.040009520947933 22.966610968112946 27.190625011920929 9.8435847610235232 10.864922791719435 397.63817962259054 12.662587583065031 235.3256228864193 54.090498134493828 107.31622529774904 79.386079981923103 138.00120876729488 66.870537310838699 32.907847821712494
leaf_count=46 1653 64 64 141 122 49 130 134 1483 86 241 235 82 4623 118 323 342 95 169 54 50 2573 79 1371 236 448 355 586 278 141
internal_value=0.000522621 0.00228377 -0.0318218 0.00493909 0.00949217 0.00753026 0.00874164 0.0329054 0.00654244 0.00205166 0.0118345 0.0186101 -0.000238608 0.000423653 -0.0273902 -0.00574739 -0.0103428 0.0233491 -0.0045288 -0.00518612 -0.00389228 -0.00476254 0.0293894 -0.00597687 0.0321673 0.00796551 0.00533371 0.00802772 0.018632 0.027778
internal_weight=3092.27 2932.59 159.679 2203.92 855.27 789.144 763.571 66.1263 698.039 1348.65 255.838 197.571 1092.81 1074.91 35.1328 728.674 55.1291 177.591 701.587 693.526 666.335 655.47 22.5062 632.964 65.532 668.154 560.838 481.452 154.624 99.7784
internal_count=16371 14312 2059 9647 3684 3409 3287 275 3002 5963 1076 835 4887 4805 182 4665 406 749 4342 4296 4127 4077 133 3944 285 2872 2424 2069 654 419
is_linear=0
shrinkage=0.05


Tree=37
num_leaves=31
num_cat=0
split_feature=0 17 6 19 4 10 5 7 0 17 9 7 20 24 13 17 22 6 32 8 17 0 0 5 24 13 5 20 24 0
split_gain=65.2512 22.6151 14.1841 12.5038 12.7609 16.4448 11.7013 10.7769 21.8295 10.8117 14.4008 14.8669 14.1436 11.0576 10.6182 10.4384 10.1241 10.1226 9.98786 12.8789 9.9816 8.6406 14.1585 10.7099 10.7393 8.44629 10.4957 10.7811 8.73732 13.2552
threshold=0.95600000021392784 0.0082092603452426118 -0.0051072728894148087 4.588314677411236 0.072320662247067902 0.82017561520496551 0.30283153525364181 0.5420001227280522 0.58000000032069809 0.36842071242036872 0.15562926282784198 0.013045440636474911 -7.8059955574868498 102333.02062400003 1.0750556368066795 0.70057471264367821 373.47111000000007 0.37830503211127925 0.0048487530187483275 0.60439243838897483 0.25000000225000013 0.023867765219427888 0.033555097529258782 -0.0041580498363240695 605.17540600000018 1.0608395258113197 0.23638874656422834 3.4629004910416872 6471.7489370000012 0.15000000021250004
decision_type=2 2 2 2 2 2 2 2 2 2 2 2 2 2 2 2 2 2 2 2 2 2 2 2 2 2 2 2 2 2
left_child=1 3 -2 -1 5 -5 16 9 -9 13 11 12 -11 17 -8 21 -6 25 19 -10 -19 -13 -23 24 -24 26 27 -3 29 -27
right_child=2 7 -4 4 6 -7 14 8 18 10 -12 15 -14 -15 -16 -17 -18 20 -20 -21 -22 22 23 -25 -26 28 -28 -29 -30 -31
leaf_value=-0.0089699177490609842 -0.0045696301697408254 0.00016103072790264402 -0.039667235920776818 0.040948929112890317 -0.031101011517528854 -0.0066760668354155202 0.052091757737135848 0.043009235598706563 -0.029381084667828392 -0.042411467458193457 -0.01063490312361492 0.052210141502275556 0.020647664199917266 -0.039142204333625481 -0.01051927759708076 0.057759708672366343 0.018521956928046118 -0.025471608579943839 0.020646186516352444 0.0062773364530275648 0.019902290177259752 -0.013069839106697838 0.064087141125890007 -0.0025978950738463078 0.021221790571904674 0.0075715264173289694 -0.030890094100836082 0.023282974829817768 -0.010199571807007366 0.061646419559810567
leaf_weight=566.21203023940325 38.135961748659611 874.10472989082336 117.41785488277674 45.111268401145935 43.514712132513523 30.300890706479549 13.436510607600214 45.079350695014 26.356216177344322 18.201128840446472 58.197896778583527 17.49307008087635 17.385817885398865 17.906849399209023 13.651463791728018 20.150891482830048 13.45731148123741 63.593971997499466 118.08317638188601 645.18039839714766 14.974841669201849 33.568990379571915 22.002186879515648 25.454766303300858 43.50144337117672 26.308705851435661 25.712496370077133 53.500221416354179 17.997827932238579 19.908541530370712
leaf_count=3752 286 3876 1773 216 264 215 71 186 116 83 241 71 75 83 83 83 64 304 492 2800 64 143 93 110 177 122 122 241 79 86
internal_value=0.000494147 0.0021693 -0.0310626 -0.00548679 0.00688019 0.021813 -0.00651639 0.00468937 0.0091679 0.00196066 0.0112273 0.0176611 -0.0116043 -0.000168457 0.0205378 0.0240831 -0.0193796 0.000468251 0.0072359 0.00487783 -0.0168236 0.0193048 0.0146824 0.0249247 0.0356199 0.00180344 0.000621137 0.0014946 0.0193555 0.0308648
internal_weight=3085.9 2930.35 155.554 725.684 159.472 75.4122 84.06 2204.66 834.699 1369.96 255.956 197.758 35.5869 1114.01 27.088 162.171 56.972 1096.1 789.62 671.537 78.5688 142.02 124.527 90.9584 65.5036 1017.53 953.317 927.605 64.2151 46.2172
internal_count=16371 14312 2059 4665 913 431 482 9647 3594 6053 1076 835 158 4977 154 677 328 4894 3408 2916 368 594 523 380 270 4526 4239 4117 287 208
is_linear=0
shrinkage=0.05


Tree=38
num_leaves=31
num_cat=0
split_feature=0 17 18 19 15 10 27 23 7 0 17 9 7 20 24 17 17 16 10 10 24 24 31 24 17 16 12 0 15 24
split_gain=60.3926 20.4424 15.1509 11.3243 11.738 15.6915 11.7357 10.3954 9.70266 19.6238 9.76058 12.9974 13.4034 12.8904 10.1214 9.65724 9.45653 10.471 10.6098 9.5006 9.44722 9.29038 11.9309 9.86236 9.91522 17.3341 27.3601 14.5076 18.5486 13.1697
threshold=0.95600000021392784 0.0082092603452426118 0.0073260253806773073 4.588314677411236 0.0095856643541201089 0.81427411587749321 0.98562496802964017 135.01500000000001 0.5420001227280522 0.58000000032069809 0.36842071242036872 0.15562926282784198 0.013045440636474911 -7.8059955574868498 102333.02062400003 0.0020543578748490692 0.70057471264367821 0.18415096920339946 0.053336722344307003 0.1050275143948919 2690.507365500001 28.515713500000004 1.5000000000000002 1852.7254535000004 0.11538461839230769 0.029945122429153842 0.99662529784250153 0.24000000058006971 0.039931449537181425 61.033625000000008
decision_type=2 2 2 2 2 2 2 2 2 2 2 2 2 2 2 2 2 2 2 2 2 2 2 2 2 2 2 2 2 2
left_child=1 3 -2 -1 5 6 -5 -6 10 -10 14 12 13 -12 21 -4 17 19 -19 20 -14 22 -3 24 25 26 29 28 -26 -23
right_child=2 8 15 4 7 -7 -8 -9 9 -11 11 -13 16 -15 -16 -17 -18 18 -20 -21 -22 23 -24 -25 27 -27 -28 -29 -30 -31
leaf_value=-0.0085673447260521066 -0.042092547137819486 0.0007012136611296931 0.04459338359896476 0.064365829706537703 -0.029595725515495126 -0.006191965105430553 0.0099716207166369031 0.0065624674884496347 0.040735729997902925 0.0068659038590089747 -0.040776226214760417 -0.010114773392949335 0.0092849725204590099 0.019538189269427585 -0.037707220132137571 -0.017406805778314719 0.05494175753224833 0.020633352073125926 -0.034526197647179589 0.054348519223592941 0.0496854531368775 0.037924235883908364 -0.057739619275355494 -0.0032702984747164047 -0.006519944241082533 -0.02408532952355941 0.033776441196858076 0.033503832501921828 0.021728368670925577 -0.019097126967716378
leaf_weight=563.25443927198648 97.415726482868195 20.090931132435799 7.2509357929229727 23.950864598155022 29.787914417684078 29.105220898985863 16.922460049390793 59.748111359775066 45.211848795413971 790.50178525596857 17.989937916398048 58.132764413952827 65.311503112316132 17.452638238668442 17.665133938193321 46.937114957720041 20.12573167681694 18.448435455560684 16.52806781232357 23.262315958738327 18.58843058347702 11.817000404000281 15.448763400316237 560.16769373416901 126.3069926649332 62.290706411004066 58.407083004713058 63.029450178146362 107.63190798461437 70.765597835183144
leaf_count=3752 1653 103 64 108 190 208 81 326 186 3408 83 241 278 75 83 342 83 76 69 95 76 57 83 2445 576 304 269 265 461 331
internal_value=0.000467517 0.0020608 -0.0303037 -0.00523674 0.00652381 0.0218659 0.0418454 -0.00546707 0.00445264 0.00869825 0.00186176 0.0106685 0.0167796 -0.0110762 -0.000161486 -0.00911052 0.022864 0.018322 -0.00543217 0.0260751 0.0182359 0.000443693 -0.0247025 0.00128646 0.00638902 -0.00211913 0.00758576 0.012213 0.0064767 -0.0109378
internal_weight=3079.55 2927.94 151.604 722.769 159.515 69.9785 40.8733 89.536 2205.17 835.714 1369.46 255.84 197.707 35.4426 1113.62 54.1881 162.264 142.139 34.9765 107.162 83.8999 1095.96 35.5397 1060.42 500.249 203.28 140.99 296.968 233.939 82.5826
internal_count=16371 14312 2059 4665 913 397 189 516 9647 3594 6053 1076 835 158 4977 406 677 594 145 449 354 4894 186 4708 2263 961 657 1302 1037 388
is_linear=0
shrinkage=0.05


Tree=39
num_leaves=31
num_cat=0
split_feature=0 17 18 17 20 10 20 17 18 16 15 12 0 0 8 2 32 18 18 18 18 0 8 28 28 28 9 12 8 16
split_gain=55.8889 18.4757 14.833 16.1778 10.9099 12.9033 10.3862 11.7291 9.69751 11.0906 12.9826 11.9725 11.6138 10.243 14.683 9.05668 9.47705 9.10777 8.53424 11.4121 10.472 8.95437 11.7212 14.5411 11.5031 11.4803 18.2446 14.3265 11.5895 10.447
threshold=0.95600000021392784 0.0082092603452426118 0.0062500089437587609 8.0951967017838817e-09 -10.106712644379021 0.94771548883531664 3.5307646118636309 6.0333343783331492e-08 0.3045564341908536 0.0091543006248803929 0.039931449537181425 1.0152456724719714 0.81000000068457245 0.33999999648666668 0.11999999881153832 0.03862686292142508 0.010770784271921517 0.14634147337398418 0.8827349121466771 0.71494092004407561 0.77262664836539441 0.22000000305589426 0.25029893381305596 0.80362417185226287 0.90494309317874044 0.77330815929457841 0.18699998654350999 0.88517204052244158 0.04647304996575672 0.065865083918728931
decision_type=2 2 2 2 2 2 2 2 2 2 2 2 2 2 2 2 2 2 2 2 2 2 2 2 2 2 2 2 2 2
left_child=1 4 -2 -4 -1 6 7 -6 9 11 -11 -8 -13 14 -12 18 17 -17 19 21 -21 24 23 -23 25 27 28 -3 -27 -26
right_child=2 15 3 -5 5 -7 8 -9 -10 10 13 12 -14 -15 -16 16 -18 -19 -20 20 -22 22 -24 -25 29 26 -28 -29 -30 -31
leaf_value=0.042652636781418549 -0.042504797176443981 0.017210056934263564 0.064409823136525129 -0.01933762633621703 -0.0067859376406019401 -0.041069638219323683 0.0029214231800659164 -0.033312900686457335 0.052286528139715807 -0.014837218838036091 0.0069622577801583957 0.062731101671966591 0.0011739167117442719 -0.030275365363056986 0.073357192726337339 -0.023430171449185546 -0.030798530936348115 0.027316827733434881 -0.03709625468876783 0.058631796173378825 0.004393823852211552 0.0082718429876957079 0.0065184809135433678 0.08132219206471783 -0.019551275617104062 0.050008922132509771 -0.036628528173903996 -0.0038451517073735358 0.01412203700195052 0.0047597035596713237
leaf_weight=11.815711311995981 88.58877133205533 100.68627493083477 6.4742150157690039 52.757356844842434 314.02268622070551 25.005009531974792 88.403048768639565 48.04626376926899 9.3261593431234342 139.86496315896511 29.516228951513767 19.514109373092651 12.615986771881579 10.203543484210966 11.599223226308821 15.663717895746229 37.125816196203232 20.300565034151077 12.07372026145458 18.893354445695877 16.824317067861557 16.035754859447483 1225.8584290370345 11.843763515353201 116.56297141313553 30.11168971657753 14.271326094865797 408.85870124399662 88.969353154301643 71.17285243421793
leaf_count=53 1565 430 57 437 2088 318 538 321 42 835 183 87 68 61 71 74 170 91 52 78 71 71 5262 52 553 132 60 1846 390 315
internal_value=0.000442069 0.00195787 -0.0295538 -0.0101837 -0.0049968 -0.00579189 -0.00450056 -0.010306 0.0020468 0.00054369 -0.00694481 0.0124216 0.0385605 0.0145652 0.0256932 0.00422831 -0.0130781 0.00521471 0.00482157 0.00506029 0.0330837 0.00458008 0.00724756 0.0393051 0.000553847 0.00373347 0.0167942 0.000315365 0.0231967 -0.0103347
internal_weight=3073.01 2925.19 147.82 59.2316 719.933 708.117 683.112 362.069 321.043 311.717 191.184 120.533 32.1301 51.319 41.1155 2205.25 73.0901 35.9643 2132.16 2120.09 35.7177 2084.37 1253.74 27.8795 830.633 642.897 133.352 509.545 119.081 187.736
internal_count=16371 14312 2059 494 4665 4612 4294 2409 1885 1843 1150 693 155 315 254 9647 335 165 9312 9260 149 9111 5385 123 3726 2858 582 2276 522 868
is_linear=0
shrinkage=0.05


Tree=40
num_leaves=31
num_cat=0
split_feature=1 6 13 2 18 10 28 9 18 24 24 10 26 12 1 1 23 16 2 9 9 1 3 3 26 21 15 24 13 6
split_gain=52.0974 16.4634 17.3316 14.4373 14.319 13.6042 10.6689 14.3931 12.7426 12.5225 12.4558 11.6869 20.8625 12.444 11.0285 15.7243 10.2132 10.9959 10.2396 9.43749 14.7043 11.7538 8.81388 10.1864 9.41741 12.0175 9.74325 8.71178 20.0501 8.55469
threshold=-0.043951879442174407 -0.0060056351588874818 0.5358504535122055 0.11778269398951703 0.010000067320004339 0.94922392992619853 0.57216160279470452 0.93566666700917123 0.21803884897504011 33862.494525000009 8217.491849500002 0.075908523770733691 -0.1615047254499449 0.8714032958342649 -0.082839934597486967 -0.084536806635604297 9467.0832330000012 0.11543665330841744 0.0048090522450684294 0.94866813804319394 0.95637499685765648 -0.06678226410256706 0.0041774792065628411 9.5950049923232387e-07 -0.17426753042112078 -0.018677295464161667 0.055066928384986828 1658.5232230000001 1.0008420504964117 0.010582109340536988
decision_type=2 2 2 2 2 2 2 2 2 2 2 2 2 2 2 2 2 2 2 2 2 2 2 2 2 2 2 2 2 2
left_child=1 2 -1 5 -2 6 7 8 9 10 -3 12 13 -8 15 16 17 -13 -18 21 -21 22 23 -4 26 -26 -24 28 -9 -16
right_child=4 3 19 -5 -6 -7 11 27 -10 -11 -12 14 -14 -15 29 -17 18 -19 -20 20 -22 -23 24 -25 25 -27 -28 -29 -30 -31
leaf_value=-0.052754720056841335 -0.041636991457493437 -0.012364643805946225 0.0061425050109448322 -0.038795198268186941 -0.0058079531340683071 -0.034737269478746474 0.027447299413892526 -0.009178645293479391 0.01053288735511794 0.030791831667746079 -0.042963464553461513 0.0085242689015569209 0.0058702858967754051 -0.033533170514464777 0.0058168758210157719 0.056236378582141949 -0.0025264723341304231 -0.021823848540578478 -0.045750777801326692 0.055053915663123447 -0.001086170825959868 -0.031426291827533273 -0.029382831080656598 0.050711376769113442 -0.041882061833960774 0.0093128151952207236 0.0060473605502750667 -0.011411047752040509 0.10237404993022999 -0.027355674689471879
leaf_weight=13.074713319540022 94.699365969747305 309.23252365738153 1146.9785004779696 27.506059177219868 39.524385169148445 31.509774535894394 9.331023156642912 7.5036030411720338 63.757520765066147 15.145621776580809 37.266575567424297 598.09495494514704 100.81401589512825 80.895310379564762 33.180885728448629 15.2121245265007 63.45305298268795 31.415183655917645 17.474714040756226 23.50269490480423 23.154836915433407 22.607131414115429 56.429293021559715 12.965151026844977 12.733250096440313 114.91431675851345 29.573735520243645 8.6633463725447637 8.6964975669980031 46.914264868944883
leaf_count=62 1688 1797 5104 149 259 320 40 70 294 71 181 2803 536 438 220 69 282 161 84 125 111 133 261 56 59 524 132 60 77 321
internal_value=-0.000618845 0.000761806 0.00455311 -0.0029033 -0.0310865 -0.00223559 -0.00152786 -0.00791571 -0.0100769 -0.0137104 -0.0156556 0.00135765 -0.00976107 -0.0272267 0.00399387 0.0059373 0.00486028 0.00700977 -0.0118599 0.00507242 0.0271932 0.0043332 0.00492174 0.00664067 -0.0044106 0.00420596 -0.0171995 0.0290613 0.0507048 -0.0136133
internal_weight=3096.22 2962 1455.93 1506.07 134.224 1478.56 1447.05 450.266 425.402 361.645 346.499 996.786 191.04 90.2263 805.745 725.65 710.438 629.51 80.9278 1442.86 46.6575 1396.2 1373.59 1159.94 213.651 127.648 86.003 24.8634 16.2001 80.0952
internal_count=16487 14540 6567 7973 1947 7824 7504 2550 2343 2049 1978 4954 1014 478 3940 3399 3330 2964 366 6505 236 6269 6136 5160 976 583 393 207 147 541
is_linear=0
shrinkage=0.05


Tree=41
num_leaves=31
num_cat=0
split_feature=7 18 17 3 9 5 2 13 17 7 20 9 7 4 19 20 31 24 18 23 20 17 11 18 25 12 16 29 29 24
split_gain=44.4626 18.9339 15.7707 17.1672 11.8119 13.0377 10.5754 10.7104 15.6073 9.96602 10.9875 8.51192 12.4647 9.76171 13.429 14.4074 9.35578 15.6295 15.6044 10.409 9.31953 9.26414 8.21019 9.10202 8.16208 7.98574 16.2489 7.90864 9.73405 8.77538
threshold=0.95700000773926719 0.010000067320004339 0.021052616905972103 0.019418081857101397 0.30433965730929374 -0.28744831676446286 0.028987536873252302 0.93126983821928755 0.23869534444793958 0.016657246516098033 -7.8059955574868498 0.044678223911617444 0.040100002595811902 0.18232155756381538 1.5899332972065279 2.9186753767599529 9.5000000000000018 61.033625000000008 0.17950172898645297 1181.9693960000002 -7.8113346588493604 0.24324296665243197 1.0417693915968009 0.10256411625248942 0.21340344898045746 1.0692997265181803 0.075885838407980757 0.9999999714329042 0.99999984138083486 107.86151700000001
decision_type=2 2 2 2 2 2 2 2 2 2 2 2 2 2 2 2 2 2 2 2 2 2 2 2 2 2 2 2 2 2
left_child=2 -2 -1 4 5 9 7 -6 27 10 -4 12 16 14 20 -16 17 -7 -18 21 -13 -20 23 -5 25 -22 -27 28 29 -9
right_child=1 -3 3 22 6 11 -8 8 -10 -11 -12 13 -14 -15 15 -17 18 -19 19 -21 24 -23 -24 -25 -26 26 -28 -29 -30 -31
leaf_value=-0.0043509926868373202 -0.041960234497769512 -0.0024089419748323797 -0.032720291071811763 -0.030007747943389965 -0.020030744251868932 0.030353061555573914 -0.034313975582927501 -0.0049562835625362065 0.043420737808793519 0.015377347425803581 0.026728197508414521 -0.030300700722610614 0.044562087629158927 -0.03460770812491009 0.0038956718114353337 0.068541424729734984 -0.022330411067430257 -0.022554058766348681 0.077476884624665954 -0.0067195937563423111 0.00092738981052676347 0.024794472943578966 0.0069064060509071989 -0.0065966371657170042 -0.02506640968467494 -0.073280252063401871 0.0013143428139224863 -0.0033304897055013009 0.034216326621230503 0.012632041185615853
leaf_weight=1017.239399753511 89.684140481054783 45.667551934719086 23.880600646138191 59.222566902637482 28.079201325774193 18.347221419215202 13.509757727384565 82.555116072297096 36.275979235768318 202.974793151021 11.522778168320654 39.001447394490242 19.606053903698921 28.181221753358841 29.601744800806046 12.158891066908835 19.460792765021324 58.364417195320129 13.479815378785132 13.515337154269217 281.09599827229977 21.905459314584732 64.807332396507263 138.87658762931824 42.671032950282097 11.41022662818432 20.268675714731216 98.854423686861992 45.274374857544899 503.10349568724632
leaf_count=6138 1662 288 114 269 118 91 57 364 149 855 50 185 90 134 139 56 91 275 56 57 1244 90 302 614 183 51 88 408 187 2082
internal_value=-0.000592897 -0.0286157 0.000690559 0.00333682 0.00520115 0.0011498 0.00955245 0.0102987 0.0114104 0.0111076 -0.0133715 -0.00262361 0.00714329 -0.00608709 -0.00424452 0.0227177 0.00208628 -0.00990019 0.0155369 0.0306068 -0.00709904 0.0448635 -0.0085417 -0.0135955 -0.00455323 -0.00175468 -0.0255534 0.00981922 0.0118795 0.0101528
internal_weight=3090.6 135.352 2955.24 1938.01 1675.1 867.447 807.652 794.143 766.063 238.378 35.4034 629.068 164.679 464.389 436.208 41.7606 145.073 76.7116 68.3614 48.9006 394.447 35.3853 262.906 198.099 355.446 312.775 31.6789 729.787 630.933 585.659
internal_count=16487 1950 14537 8399 7214 3849 3365 3308 3190 1019 164 2830 750 2080 1946 195 660 366 294 203 1751 146 1185 883 1566 1383 139 3041 2633 2446
is_linear=0
shrinkage=0.05


Tree=42
num_leaves=31
num_cat=0
split_feature=0 17 3 18 7 24 21 7 5 2 27 31 4 20 23 18 27 19 17 16 5 31 12 28 5 20 5 23 1 5
split_gain=45.0021 15.2276 15.6808 13.3853 11.9719 9.10775 11.0497 8.84625 11.6958 9.7264 9.3083 14.9507 8.4425 9.56605 10.4148 12.3223 9.07434 12.6671 10.6711 7.76059 11.2822 13.7708 24.5555 14.0838 11.0004 8.65975 8.17224 13.3441 8.46977 8.0266
threshold=0.95700000773926719 0.021052616905972103 0.019418081857101397 0.010000067320004339 0.78000003660654416 17.790000000000003 -0.0039250609374181008 0.013045440636474911 -0.28744831676446286 0.028987536873252302 0.63996276867135959 8.5000000000000018 0.18232155756381538 -6.66820036624505 68.011348500000011 0.074803807117964374 0.51494462684137099 -3.3364209332606003 0.11764709558824454 0.053884021613129628 0.21433149738518423 4.5000000000000009 1.0626997802308578 0.7142241432388835 0.15382007445137694 14.303228140226992 0.39710336834832133 4.995000000000001 -3.1235656247850705 -0.033901551675681277
decision_type=2 2 2 2 2 2 2 2 2 2 2 2 2 2 2 2 2 2 2 2 2 2 2 2 2 2 2 2 2 2
left_child=1 19 4 -2 7 -6 -7 10 -9 12 11 -3 13 14 15 -10 -16 18 -18 20 24 22 -22 -23 25 29 -21 -28 -29 -1
right_child=3 2 -4 -5 5 6 -8 8 9 -11 -12 -13 -14 -15 16 -17 17 -19 -20 26 21 23 -24 -25 -26 -27 27 28 -30 -31
leaf_value=0.016554179983107063 -0.040501685605148809 -0.023625438880522102 -0.0080928435534340353 -0.0054187192752229128 -0.022197759443861161 -0.0028740897949963997 0.021914723019035388 0.014201883853699714 0.022013056594253611 -0.026624625263369374 -0.047553049851826963 0.044558193581387975 -0.019385473168128387 0.0054725729614624541 0.027572219530288683 -0.030639768427058196 -0.059991216370739835 0.028580834322931584 -0.0017425344147647523 -0.030312193096804708 -0.0019378500085772575 0.053634594347909473 0.11679216935287891 -0.020760206515088916 -0.033192903968979406 0.030928814859192261 -0.047725157887052672 0.048610210612136502 -0.0038879857728725516 -0.0050096964856975283
leaf_weight=45.713804677128792 88.035098124295473 26.3644018471241 262.06438952684402 39.336213693022728 16.018157377839088 57.173795476555824 210.34996728599072 230.72495667636395 13.528269022703169 29.241589829325676 16.785240113735199 11.567072838544844 41.971482470631599 887.02702082693577 28.019432231783867 62.210500434041023 13.533315867185591 15.716792732477186 18.765253871679306 55.476334162056446 8.8888303935527819 8.9375469982624072 8.5374207496643049 22.073557555675507 31.381386578083038 18.351436592638493 11.770236544311045 11.652617439627642 22.551862820982937 770.55396661907434
leaf_count=237 1688 134 1184 259 71 238 872 969 62 132 75 48 196 3820 117 295 58 66 78 357 56 48 51 122 193 97 89 65 142 4668
internal_value=-0.000566984 0.000686504 0.00328228 -0.029667 0.00505775 0.0144242 0.016617 0.00315458 0.00395881 0.00182971 -0.0165517 -0.00283307 0.00259957 0.00348785 -0.00811168 -0.0212351 0.00496059 -0.00823445 -0.0261491 -0.00427324 -0.00281763 0.0206656 0.05623 0.000680727 -0.0041311 -0.00303839 -0.0173935 -0.00180494 0.0139968 -0.00380205
internal_weight=3084.32 2956.95 1941.06 127.371 1679 283.542 267.524 1395.46 1340.74 1110.01 54.7167 37.9315 1080.77 1038.8 151.774 75.7388 76.0348 48.0154 32.2986 1015.89 914.438 48.4374 17.4263 31.0111 866.001 834.619 101.451 45.9747 34.2045 816.268
internal_count=16487 14540 8415 1947 7231 1181 1110 6050 5793 4824 257 182 4692 4496 676 357 319 202 136 6125 5472 277 107 170 5195 5002 653 296 207 4905
is_linear=0
shrinkage=0.05


Tree=43
num_leaves=31
num_cat=0
split_feature=0 17 2 18 8 8 9 16 18 17 19 28 28 6 24 24 28 16 13 6 13 16 20 16 18 27 6 28 30 16
split_gain=41.7354 13.7738 14.6938 12.9656 10.9974 16.7 9.67419 9.1594 11.5157 10.6213 8.57317 7.65023 10.4895 14.7314 8.93783 15.8251 11.1647 9.93791 9.21309 12.8003 9.62697 9.10063 10.6465 8.16752 10.7042 11.9509 11.4282 7.82032 7.24209 7.12987
threshold=0.95700000773926719 0.021052616905972103 0.037740038196782254 0.010000067320004339 0.4690000160950783 0.41513546657338485 0.39486664823409084 0.042943949019662149 0.18181820645365135 0.098360616105195281 -4.1687144271844927 0.08678288755004214 0.28341820433866122 -0.01857912890335069 186.80946400000002 247.96275100000005 0.97625533016711097 0.028566635672357409 0.99822597126179147 1.5966666860886088e-08 1.0355597465690483 0.01029624002223211 -4.2761042561639258 0.016893749423641975 0.08163261086224069 0.91279057954645793 -0.026565973254494567 0.60779439012372161 3.5000000000000004 0.053884021613129628
decision_type=2 2 2 2 2 2 2 2 2 2 2 2 2 2 2 2 2 2 2 2 2 2 2 2 2 2 2 2 2 2
left_child=1 29 4 -2 5 6 -3 8 11 -9 -7 -6 13 -13 21 -16 17 18 23 -20 -21 -14 -23 24 25 -17 -27 -25 -8 -1
right_child=3 2 -4 -5 7 10 28 9 -10 -11 -12 12 14 -15 15 16 -18 -19 19 20 -22 22 -24 27 -26 26 -28 -29 -30 -31
leaf_value=-0.002684224816477637 -0.039924980967919264 0.001511403252082526 -0.019386374518026023 -0.0051643388819698566 -0.0198897580224459 0.0092997717105144061 0.038552981150521359 -0.00066433616464411092 -0.018378660869300911 0.04578394007185263 -0.037281723854551814 0.075369581854173862 0.0096112140995501527 0.012677630372091778 0.063953995641463007 0.013311954357624334 0.030347061113691495 0.038451846442676393 0.026798741307327435 -0.0063670536723865207 0.032165756523709746 0.0060076721459037608 -0.046080670563639459 -0.010673425620871133 -0.039346285327419378 0.0037786719729226374 -0.058364055271221287 0.039644505368113842 -0.0063723246460791437 -0.016728295979833836
leaf_weight=913.00824488699436 84.920795232057571 1119.4711082279682 69.921587809920311 39.213337540626526 21.604348376393318 13.018692612648008 30.93608683347702 19.247095912694931 40.332227870821953 34.13678552210331 40.940236568450928 14.456555634737013 42.076584130525589 26.634065851569176 13.861767455935476 44.778215676546097 55.893044114112854 22.417407274246216 77.099603787064552 92.934300228953362 19.633979663252831 17.205056175589561 22.823349356651306 14.352229610085489 27.802924916148186 14.635360896587374 14.961828559637068 16.714645564556122 12.634157985448836 100.30043766647577
leaf_count=5472 1688 4960 325 259 92 55 132 81 168 140 174 59 183 110 57 185 229 92 315 384 80 74 101 59 114 61 63 68 54 653
internal_value=-0.000543006 0.000650551 0.00311782 -0.0289443 0.003959 0.00114946 0.00241104 0.00919036 0.00742514 0.0290374 -0.026043 0.00928396 0.0104549 0.034734 0.00844831 0.0114298 0.0096152 0.00625967 0.00402482 0.0111036 0.000353778 -0.006625 -0.023692 -0.00605148 -0.0128774 -0.00298278 -0.0276354 0.0163987 0.0255259 -0.00407435
internal_weight=3077.97 2953.83 1940.52 124.134 1870.6 1217 1163.04 653.601 600.217 53.3839 53.9589 559.885 538.281 41.0906 497.19 415.085 401.224 345.33 322.913 189.668 112.568 82.105 40.0284 133.245 102.178 74.3754 29.5972 31.0669 43.5702 1013.31
internal_count=16487 14540 8415 1947 8090 5375 5146 2715 2494 221 229 2326 2234 169 2065 1707 1650 1421 1329 779 464 358 175 550 423 309 124 127 186 6125
is_linear=0
shrinkage=0.05


Tree=44
num_leaves=31
num_cat=0
split_feature=0 13 6 5 2 6 3 7 10 19 21 20 28 3 27 7 28 5 0 23 6 7 28 21 6 9 9 0 13 8
split_gain=38.6895 13.2869 14.8505 12.6653 12.3208 12.7582 12.7188 11.6323 15.6789 12.5972 11.4076 15.6538 12.7788 10.668 10.1368 9.15936 9.80919 13.8593 13.628 9.44184 9.06545 8.88495 8.93209 8.54992 8.11352 8.09398 13.2385 10.452 7.696 7.55061
threshold=0.95700000773926719 0.5358504535122055 -0.0060056351588874818 -0.015723607414349357 0.11778269398951703 0.022472826888731593 -0.035932008976063322 0.53000000089300014 0.56306403788568182 3.7733176200369916 0.0097544312481926045 -1.9543849748508551 0.97899613462925128 -0.075986349252824006 0.94449852061386708 0.78000003660654416 0.72088744979197983 0.050643733273300476 0.9204986104299494 243.06746200000003 0.05112513501929785 0.41000000093189476 0.58307727419048672 8.0452206331912733e-09 0.013548911070848265 0.94866813804319394 0.95637499685765648 0.93539893414295194 0.99616032681414868 0.66249999801573067
decision_type=2 2 2 2 2 2 2 2 2 2 2 2 2 2 2 2 2 2 2 2 2 2 2 2 2 2 2 2 2 2
left_child=1 -1 25 -2 5 6 13 21 9 -9 12 -12 23 -4 15 29 17 19 -18 20 -17 -7 -23 -8 -13 27 28 -3 -27 -10
right_child=3 2 4 -5 -6 7 10 8 14 -11 11 24 -14 -15 -16 16 18 -19 -20 -21 -22 22 -24 -25 -26 26 -28 -29 -30 -31
leaf_value=-0.049077584851570127 0.021406604658733161 0.0043283554298413776 -0.0029887695460876756 -0.033495081084397631 -0.036392426902941061 -0.0010751467889609241 -0.015628572236367901 0.070765062312438121 0.015716104762477558 0.005590885924060901 0.049611783728246067 0.0045317086631960117 0.0087694080981260639 0.056040139839568182 -0.0070111534794796418 0.079559266331199238 0.040100574041300699 -0.034231743391409761 -0.019040671323580071 -0.0004105379471312147 0.011176142674836359 -0.055476044638264832 -0.010759596934943888 -0.046979787864278068 -0.039583767325702353 0.087393703455070096 -0.0020386649927730373 -0.030266761063024551 0.028814601464125556 -0.010827690527771645
leaf_weight=13.389332875609396 11.620244339108465 1372.6872205659747 17.876944899559025 109.42125815525651 26.566135622560978 511.73326715826988 308.44320805370808 17.083968400955204 45.203984528779984 13.09880745410919 16.71831189095974 48.713462375104427 52.223495054990053 13.384830355644224 119.0621857047081 9.6907807961106318 65.124034866690636 16.824925072491169 11.453945584595202 26.905781932175159 9.6953696906566602 14.419381372630594 49.519763119518757 23.396255098283291 13.259240873157976 9.0420623272657412 23.145656399428844 22.185685805976391 14.758252032101153 65.7746222615242
leaf_count=65 60 6136 75 1887 149 2669 1949 73 205 59 72 235 344 56 573 59 294 84 75 131 56 75 230 150 60 43 111 133 82 297
internal_value=-0.000518544 0.000617724 0.000844201 -0.0282244 -0.00264543 -0.00203538 -0.00858216 0.00127974 0.00783019 0.0424806 -0.0106674 0.00667585 -0.0142209 0.0222846 0.00500156 0.0107072 0.019226 0.00463198 0.0312547 0.0187571 0.0453596 -0.00327084 -0.0208439 -0.017839 -0.00490693 0.00446538 0.0248858 0.00377811 0.0510696 -1.58292e-05
internal_weight=3072.42 2951.38 2937.99 121.042 1496.17 1469.61 494.016 975.591 399.918 30.1828 462.754 78.691 384.063 31.2618 369.736 250.673 139.695 63.1169 76.578 46.2919 19.3862 575.672 63.9391 331.839 61.9727 1441.82 46.946 1394.87 23.8003 110.979
internal_count=16487 14540 14475 1947 7970 7821 2941 4880 1906 132 2810 367 2443 131 1774 1201 699 330 369 246 115 2974 305 2099 295 6505 236 6269 125 502
is_linear=0
shrinkage=0.05


Tree=45
num_leaves=31
num_cat=0
split_feature=0 10 18 24 4 18 25 10 28 21 18 18 10 20 24 10 13 15 13 24 19 13 8 18 8 31 4 18 0 12
split_gain=31.1983 16.0861 13.2446 12.4548 11.442 14.5299 10.7572 10.3942 11.9382 9.66972 9.46395 10.5519 9.50374 16.3586 9.19308 9.28955 8.56497 12.4476 8.51931 8.16868 14.8901 10.6349 11.3049 9.97353 9.21996 8.08354 13.7264 12.0819 11.7878 7.95925
threshold=0.93539893414295194 0.94687223319439096 0.0081674515174824831 114.23444300000001 0.044572124036520777 0.29144497281249715 0.045667779839067488 0.96172333318483738 0.019773654102659497 -0.23703020827067492 0.040540540732624544 0.028632108875267459 0.93204166345229744 4.2950193675990063 103.166875 0.93047102745881982 1.248586034397549 0.12300984747915493 0.72293474313752515 263.53341150000006 -2.603784061832219 1.0181653124915422 0.66249999801573067 0.086956530260870052 0.7090621756669987 6.5000000000000009 -0.033901551675681277 0.010638297874813754 0.58000000032069809 1.0196179498014102
decision_type=2 2 2 2 2 2 2 2 2 2 2 2 2 2 2 2 2 2 2 2 2 2 2 2 2 2 2 2 2 2
left_child=1 3 7 14 9 6 -6 8 -2 -5 11 12 -4 -14 15 16 17 18 -1 20 24 22 23 -22 -11 26 -21 -28 -29 -8
right_child=2 -3 10 4 5 -7 29 -9 -10 19 -12 -13 13 -15 -16 -17 -18 -19 -20 25 21 -23 -24 -25 -26 -27 27 28 -30 -31
leaf_value=-0.048366994361743999 0.055491616911209622 0.047702073059299015 -0.050920848459119865 0.037100125212530533 -0.014959038224913769 0.015579047472582586 -0.010755258409143938 -0.044727187145789542 -0.021129985642974101 0.0067546443920780685 0.045777935726224572 -0.04233905198008113 -0.0045766636009212415 0.066362069441148031 -0.036158518070619879 -0.055549945631287283 -0.043030849317626033 0.043846979908706077 -0.0024136432190760373 0.014863119211038079 0.079413031065449821 -0.0018495722063706145 0.010796492385174217 0.033463923231678225 -0.035404736349810874 0.0043328426293202096 0.016301162740462598 -0.017474784776214662 -0.066849597235108013 0.012213123940047336
leaf_weight=10.326997846364973 5.4534215033054343 18.996161341667175 9.6021270826458913 23.099814020097256 224.65850189328194 79.072087943553925 66.790118344128132 51.363042693585157 74.972052052617073 50.738927826285362 8.4898931086063367 19.910223394632339 106.03590830788016 8.8013618290424329 23.439251497387886 8.6109893769025785 13.083311364054678 14.33978299051523 431.82372429966927 36.432203248143196 17.143963426351547 27.254070624709129 33.115564107894897 37.954356282949448 17.420762673020363 1452.8945769220591 15.226187787950037 35.861613169312477 18.234809994697571 86.654337264597416
leaf_count=55 84 78 59 99 1197 349 345 1133 1054 215 35 101 682 66 124 44 77 73 2510 157 86 138 155 174 71 6365 92 174 84 426
internal_value=0.000215651 0.00185052 -0.0155408 0.00153079 0.00313693 -0.00391279 -0.00798909 -0.0271561 -0.0159345 0.00496258 -0.00552536 -0.00854275 -0.00313536 0.000860225 -0.00558556 -0.00408696 -0.00314324 -0.00200004 -0.00348694 0.00453649 0.014511 0.0254502 0.0338845 0.0477611 -0.00402076 0.00336137 -0.00998501 -0.0230438 -0.034118 0.00221562
internal_weight=3027.8 2743.17 284.628 2724.18 2222.55 457.175 378.103 131.789 80.4255 1765.38 152.84 144.35 124.439 114.837 501.624 478.185 469.574 456.491 442.151 1742.28 183.628 115.468 88.2139 55.0983 68.1597 1558.65 105.755 69.3226 54.0964 153.444
internal_count=16302 13088 3214 13010 10127 2317 1968 2271 1138 7810 943 908 807 748 2883 2759 2715 2638 2565 7711 839 553 415 260 286 6872 507 350 258 771
is_linear=0
shrinkage=0.05


Tree=46
num_leaves=31
num_cat=0
split_feature=9 5 17 17 5 7 13 5 5 12 26 26 4 4 3 13 24 17 27 17 16 16 16 6 9 10 17 24 18 10
split_gain=25.9366 21.4137 12.7941 9.9718 13.4816 9.70767 9.52017 15.1793 19.2945 11.0296 12.5818 9.43088 9.43058 15.2456 10.6424 10.1004 9.24547 12.5564 10.2606 10.2482 10.3748 9.45765 18.4895 14.179 9.9764 10.3675 10.9599 9.12364 8.66286 13.7972
threshold=0.96379074069383708 -0.012301554510647249 0.0082092603452426118 4.0000080406660604e-09 0.0020779253863720654 0.96700001287436332 1.097748315031376 0.21433149738518423 0.15382007445137694 1.0626997802308578 -0.17936229302494575 -0.13282416387042192 0.087011406956298609 0.011299541344841754 2.7352482016075498e-08 1.0532538208322137 114.23444300000001 0.013272108529103049 0.99858492931220821 0.64850014867582428 0.2775171607794763 0.0052991802097581966 0.012659159658862832 -0.048302129183980615 0.69050000866674566 0.39924336010120653 0.2631573890503705 1852.7254535000004 0.039525760311067949 0.13615879807639422
decision_type=2 2 2 2 2 2 2 2 2 2 2 2 2 2 2 2 2 2 2 2 2 2 2 2 2 2 2 2 2 2
left_child=2 5 3 6 -5 -2 7 8 12 -9 -11 -12 13 15 -15 -1 17 -4 19 20 -18 -19 23 -23 25 26 -24 -8 -20 -30
right_child=1 -3 16 4 -6 -7 27 9 -10 10 11 -13 -14 14 -16 -17 18 21 28 -21 -22 22 24 -25 -26 -27 -28 -29 29 -31
leaf_value=-0.0070476023703484811 -0.012315095966642146 -0.039015391893499153 0.039787295556586368 -0.03817797088491548 -0.0045219100776034199 0.049104971067859132 -0.036794868269811098 -0.0047509319757891881 -0.045010008785920291 -0.002138996583079018 0.089725326229350491 0.029487500061306855 -0.021203727056106077 0.027459620679100863 0.0014303551385246927 0.052481515103725812 0.0056176481884531787 -0.03258566140765462 -0.02317314732249132 0.03049343365578 -0.025480436928715856 -0.0089199724341035118 -0.024634430038954824 0.04667954951812342 -0.040254923668045617 0.032636221709226809 0.0032823450458816478 0.019307686096534934 -0.017017541299598756 0.0090618488952648006
leaf_weight=271.64119112864137 15.250494062900545 72.511716790497303 14.480078138411043 48.306601755321026 77.477007318288088 11.127266392111776 33.666180953383446 22.007979959249496 26.051612015813589 12.229728382080792 12.889799874275923 13.102379627525806 50.933296144008636 75.835082065314054 81.442771196365356 7.3175027370452872 1566.2472175508738 34.143852427601814 51.822884581983089 40.699324920773506 27.286920964717865 19.656741186976433 72.204224824905396 27.521623522043228 26.048845902085304 15.038055911660193 68.521332755684853 9.2344885915517789 79.782752126455307 139.19940735399723
leaf_count=2149 73 1350 77 416 552 57 247 130 178 80 74 71 329 445 470 47 6777 165 240 168 122 90 373 121 118 67 323 52 354 587
internal_value=0.000202102 -0.0249822 0.0010536 -0.00461763 -0.0174474 0.0135945 -0.00199937 -0.000299711 -0.00308648 0.0234465 0.0396824 0.0593601 -0.000844606 0.00153245 0.013981 -0.00548606 0.00298191 -0.00554267 0.00422417 0.00571791 0.00508514 -0.00803713 -0.00437681 0.0235142 -0.0116142 -0.00682453 -0.0110413 -0.0247186 -0.00479017 -0.000439772
internal_weight=3023.68 98.8895 2924.79 742.136 125.784 26.3778 616.352 573.451 513.221 60.2299 38.2219 25.9922 487.17 436.237 157.278 278.959 2182.65 277.615 1905.04 1634.23 1593.53 263.135 228.991 47.1784 181.812 155.764 140.726 42.9007 270.805 218.982
internal_count=16302 1480 14822 5240 968 130 4272 3973 3618 355 225 145 3440 3111 915 2196 9582 1334 8248 7067 6899 1257 1092 211 881 763 696 299 1181 941
is_linear=0
shrinkage=0.05


Tree=47
num_leaves=31
num_cat=0
split_feature=0 10 0 10 18 18 18 6 6 0 8 24 0 0 12 17 26 27 6 22 20 28 6 27 28 16 16 6 24 3
split_gain=26.6973 14.55 12.5184 11.0304 11.0424 16.6928 10.4466 8.95337 17.3794 9.22984 17.1742 16.9472 12.0497 16.4614 16.0615 14.7527 14.3252 11.4462 10.9851 12.378 10.4919 10.3642 8.91687 8.74487 10.6094 8.42906 8.37244 8.28878 10.8149 10.1237
threshold=0.93539893414295194 0.94687223319439096 0.98049999264211762 0.93833333365416649 0.8827349121466771 0.71494092004407561 0.040540540732624544 -0.84802711526767915 -1.0856257564948966 0.21000000052666681 0.24265284365907172 1.0532115000000002 0.17000000002371432 0.16000000024000002 0.9980348296181798 0.12121212121212128 -0.13608275713339932 0.97002146935859312 0.21130894500048861 5.1883470000000012 -11.263163533660238 0.96264043457468917 0.40546510810816455 0.0034802120542402112 0.16735917449878143 0.03308168799536846 0.0074429549699922435 -0.18232155620137724 10062.366602000004 0.0055468157492229676
decision_type=2 2 2 2 2 2 2 2 2 2 2 2 2 2 2 2 2 2 2 2 2 2 2 2 2 2 2 2 2 2
left_child=1 3 6 4 5 7 -2 8 -1 12 -11 -12 13 15 -15 16 25 18 23 -20 26 -17 27 -18 -25 -9 -13 28 -22 -29
right_child=2 -3 -4 -5 -6 -7 -8 9 -10 10 11 20 -14 14 -16 21 17 -19 19 -21 22 -23 -24 24 -26 -27 -28 29 -30 -31
leaf_value=-0.02436998799659916 -0.013170250954617206 0.045326356515974442 -0.048810109628898916 -0.040215523975590702 -0.044558619826323989 0.033706272618985282 0.043170240185073303 -0.0077347484142165704 0.046510164027497823 0.033431401225861142 -0.026669683553665027 0.008038516025467967 -0.019123923714365828 0.00035926495901491 0.079696024401223697 0.0063459629421487099 0.038243937937480883 -0.023347484368208382 0.087502884410664145 0.013718977361695615 -0.0025762103335064193 -0.013675449658266357 -0.022050693197314512 -0.043911509166240967 0.0016752788335021062 -0.027660713078606715 0.058086150501108359 0.0070657380109785135 -0.044867637631539788 -0.0035543496616593077
leaf_weight=12.499587312340735 245.47534021735191 18.968664541840553 24.352086003869772 15.842945635318754 12.880182340741156 40.498052626848221 8.5129128843545896 102.36443810164928 28.067489743232727 46.453323364257812 47.994254440069199 18.108071312308311 99.465884611010551 13.182370483875276 12.361388273537157 462.85224236547947 13.811269022524355 40.398093409836292 8.0094284787774104 19.57935044169426 84.7491724640131 75.130005121231079 34.992834739387035 14.480751387774943 107.59167193621397 110.22133587300777 15.517529636621473 974.45488107204437 18.398510858416557 291.53415783494711
leaf_count=56 2630 78 549 69 63 171 35 569 119 227 382 77 498 59 62 2005 75 225 54 108 359 349 180 89 663 663 64 4352 77 1395
internal_value=0.000188744 0.00168729 -0.0145652 0.00138312 0.00162671 0.00184763 -0.0112819 0.00136116 0.0246705 0.000999098 0.00349399 0.00255797 -0.00254224 -0.000859233 0.0387527 -0.00191937 -0.00898469 0.000484791 0.00637434 0.0351395 0.00353363 0.00354994 0.00287266 0.000534072 -0.00373242 -0.0180659 0.0311345 0.00350966 -0.0101198 0.00462013
internal_weight=3018.75 2740.41 278.34 2721.44 2705.6 2692.72 253.988 2652.22 40.5671 2611.65 1532.2 1485.75 1079.45 979.982 25.5438 954.439 416.456 203.871 163.472 27.5888 1437.76 537.982 1404.13 135.884 122.072 212.586 33.6256 1369.14 103.148 1265.99
internal_count=16302 13088 3214 13010 12941 12878 2665 12707 175 12532 7113 6886 5419 4921 121 4800 2446 1214 989 162 6504 2354 6363 827 752 1232 141 6183 436 5747
is_linear=0
shrinkage=0.05


Tree=48
num_leaves=31
num_cat=0
split_feature=0 0 9 18 18 18 2 6 7 15 27 6 13 15 23 15 29 23 6 6 11 4 18 17 9 0 23 21 18 20
split_gain=24.3522 12.1218 11.289 10.0056 15.2548 9.4552 9.17639 8.31893 9.014 10.2767 29.4424 12.4527 15.3927 10.6974 7.8702 7.71987 7.98469 7.65103 11.7988 9.96536 10.7526 11.4565 10.3358 11.4684 11.7694 11.3199 9.6235 8.8125 8.32101 8.23381
threshold=0.93539893414295194 0.98049999264211762 0.943824985703408 0.8827349121466771 0.71494092004407561 0.040540540732624544 0.10536042171099891 0.066445147052175579 0.93999999999306671 0.0034072485634878331 0.98492232720441475 0.025174460650482136 0.99441463094676963 0.0059714680911060053 36.995000000000005 0.0053783632488110565 -0.02852704870395812 68.011348500000011 -0.84802711526767915 1.0546007194199389 1.3957418638908889 0.047628049311411964 0.66302199302086251 0.35084848034848032 0.047657701163661262 0.024000002011666056 64.02166600000001 -0.042559614418795889 0.4450383095829612 7.4932657314500579
decision_type=2 2 2 2 2 2 2 2 2 2 2 2 2 2 2 2 2 2 2 2 2 2 2 2 2 2 2 2 2 2
left_child=2 5 3 4 6 7 17 8 -2 11 15 12 -10 -12 -13 16 -11 19 -19 20 21 22 23 26 25 -25 27 -1 -26 -23
right_child=1 -3 -4 -5 -6 -7 -8 -9 9 10 13 14 -14 -15 -16 -17 -18 18 -20 -21 -22 29 -24 24 28 -27 -28 -29 -30 -31
leaf_value=-0.039650021117727238 -0.037701690946889577 -0.048495683101512616 0.044290677189697931 -0.04288530253050956 0.032028311881047732 0.040946549967645698 -0.020894228380136555 -0.052092223862745361 0.036160004910066171 0.056361796049372748 0.12076089613182667 0.076189850210317711 -0.023024901348419047 0.028584045359694995 -0.012606037060610168 -0.029787384222543296 -0.0077068978754666869 0.038718314990783091 0.0029357002552973001 -0.04263096625899572 0.048934986852708633 -0.025831251217918096 -0.037458710372266751 0.02599014632869287 0.067001149860905315 -0.040678300069763168 -0.044507979977542279 0.00060059678168312329 0.017460216457545735 0.0090693064886684972
leaf_weight=13.888572484254835 26.829006485641003 23.310844581574202 15.399737209081648 12.717799499630926 40.488909304141998 8.5260843783617002 46.571309179067612 12.655259285122154 12.045195885002611 7.0422039590775958 6.8449537418782693 5.9999592117965204 124.90745021402836 5.8270922750234604 4.2722327001392841 21.253381948918104 15.715279724448921 23.350096926093102 1719.979664079845 15.057322047650812 10.398784086108206 77.386525563895702 18.09133306145668 14.306813821196558 16.227422520518303 11.473009809851645 12.507749661803244 651.32230324298143 17.744025632739067 21.621203355491161
leaf_count=66 175 549 63 63 171 35 248 125 69 51 54 79 1695 49 53 161 119 96 7750 94 66 443 83 67 69 50 56 3497 74 132
internal_value=0.000176794 -0.0140006 0.00160166 0.00136024 0.00156785 -0.0108087 0.00110592 -0.0126217 -0.0104568 -0.00687208 0.0112181 -0.013837 -0.0178195 0.0783744 0.0392594 -0.00811816 0.0121189 0.00149648 0.00341497 -0.00230404 -0.00160203 -0.00221699 -0.000121325 0.000794621 0.0217937 -0.00367987 -0.00105677 -0.000239774 0.0411248 -0.0182097
internal_weight=3013.76 275.229 2738.53 2723.13 2710.42 251.918 2669.93 243.392 230.737 203.908 56.6829 147.225 136.953 12.672 10.2722 44.0109 22.7575 2623.35 1743.33 880.025 864.968 854.569 755.561 737.47 59.7513 25.7798 677.719 665.211 33.9714 99.0077
internal_count=16302 3214 13088 13025 12962 2665 12791 2630 2505 2330 434 1896 1764 103 132 331 170 12543 7846 4697 4603 4537 3962 3879 260 117 3619 3563 143 575
is_linear=0
shrinkage=0.05


Tree=49
num_leaves=31
num_cat=0
split_feature=0 24 16 16 5 20 24 19 4 4 5 28 31 24 13 22 12 3 13 16 12 28 6 3 13 3 5 26 20 26
split_gain=22.4718 12.5683 14.9835 22.3531 20.7034 16.3308 10.5256 10.9212 14.5648 12.3577 10.4942 14.0185 10.3168 9.53223 9.78224 9.35246 15.533 11.1196 12.4078 11.5987 16.7145 10.7052 9.61544 8.26599 11.5332 10.9816 10.405 10.0481 9.74097 8.48764
threshold=0.95005158596861661 1548.2637325000003 0.0021921264418721534 0.0035721170906766225 0.017094435374554334 -3.3465055268286221 114.23444300000001 1.3716692538602695 0.0031380787473990796 0.10004363702066911 -0.46803947045346567 0.93882895950638123 25.500000000000004 449.66754800000007 0.88829139808856772 183.17865000000003 1.0597617561425341 -0.010174767199597411 1.0115052938088651 0.0062854148138642048 1.0158002821646297 0.11302559547109804 -0.2744368457017603 0.0010487587940754808 0.93126983821928755 1.6992570539508739e-08 -0.0094340278248362473 0.90075498085431238 -6.2619944191808825 1.2018887508447904
decision_type=2 2 2 2 2 2 2 2 2 2 2 2 2 2 2 2 2 2 2 2 2 2 2 2 2 2 2 2 2 2
left_child=6 2 -2 4 5 -4 -1 8 10 12 11 13 -10 14 -8 17 -17 18 -9 20 -19 -21 -23 24 -12 26 27 -26 -29 -25
right_child=1 -3 3 -5 -6 -7 7 15 9 -11 23 -13 -14 -15 -16 16 -18 19 -20 21 -22 22 -24 29 25 -27 -28 28 -30 -31
leaf_value=-0.0051853597497648965 -0.024252514660702051 -0.046464092282499037 0.094152276643784713 -0.019748577328808276 0.15442491360628502 -0.016768258926830665 0.029537241950036919 0.035792120028445527 0.040821474205434485 -0.011777960185153516 -0.011428711446420936 -0.024560115405378769 0.012858058684472873 0.037206533711808938 -0.031804892876786672 -0.0012790871036910346 0.030557936842961958 -0.0018718998086437789 -0.012999143431905958 -0.064236079275391794 0.068768213703378225 0.018429206765910418 -0.015176636268538601 -0.010252559890251679 0.011464851826077684 0.03114523707849309 -0.0010785921129792483 0.016610840005032143 -0.022475936990351428 0.028049683108256951
leaf_weight=533.27961477637291 76.069117147475481 32.13271464779973 5.4044927656650552 22.644237726926804 4.0486513413488856 8.5967335365712643 14.04864412546158 29.455168500542641 59.509253457188606 26.981248311698437 114.28539416193962 15.919142127037047 73.999295152723789 61.438968688249588 12.094301983714102 191.38408325612545 47.900540307164192 53.944384228438139 23.367199271917343 10.378267727792261 9.9127746075391752 23.068219125270844 275.39596966654062 185.73044098168612 489.92962341010571 39.514869526028633 483.79064830392599 24.535278379917145 45.499040767550468 15.68515159934759
leaf_count=3198 1370 472 26 283 63 129 59 125 285 134 484 68 333 252 50 942 225 308 99 58 42 106 1472 855 2053 180 2269 101 188 73
internal_value=0.000165197 -0.0187726 -0.0111521 0.0133364 0.0548428 0.0260472 0.00115077 0.00260234 0.00476776 0.0190851 0.00323843 0.0186013 0.0253223 0.0264465 0.00115902 -0.00281429 0.00509412 -0.00726143 0.0142082 -0.0103043 0.00909382 -0.0143151 -0.0125792 0.00210183 0.00367803 0.0052718 0.00429227 0.00893252 -0.00878258 -0.00726979
internal_weight=3009.94 148.896 116.763 40.6941 18.0499 14.0012 2861.05 2327.77 1662.96 160.49 1502.47 103.501 133.509 87.5819 26.1429 664.807 239.285 425.522 52.8224 372.7 63.8572 308.842 298.464 1398.97 1197.55 1083.27 1043.75 559.964 70.0343 201.416
internal_count=16302 2343 1871 501 218 155 13959 10761 7384 752 6632 429 618 361 109 3377 1167 2210 224 1986 350 1636 1578 6203 5275 4791 4611 2342 289 928
is_linear=0
shrinkage=0.05


Tree=50
num_leaves=31
num_cat=0
split_feature=0 13 2 10 30 12 17 10 13 13 4 23 6 31 16 28 31 16 16 12 6 25 8 6 28 15 12 12 10 28
split_gain=26.9504 12.2531 10.7092 8.76043 8.35641 11.9671 8.06187 12.0058 11.6249 9.65877 9.90891 7.58871 7.25546 20.2043 14.5074 10.9243 18.527 16.1073 10.394 14.527 11.4937 10.9165 9.12249 10.4371 8.92756 8.18157 7.66555 11.6209 14.8284 13.5596
threshold=0.95600000021392784 0.99936544286832796 -0.054067216840731069 0.95798141805068016 3.5000000000000004 1.0250590577952383 0.0202122350287216 0.94922392992619853 1.1218475068603559 1.055050258950325 0.061870418789738292 6425.8891114999997 -0.14310084274836557 97.500000000000014 0.022320884067251138 0.21710127517222008 4.5000000000000009 0.042943949019662149 0.034114771745560345 0.92633203823028454 -0.26236387446725301 0.0012972782840901173 0.05524742677178613 -0.59847805583389102 0.91306027261888179 0.010138802350221477 0.97014661213550968 0.94933077865227722 0.28985396197424318 0.26123790827624999
decision_type=2 2 2 2 2 2 2 2 2 2 2 2 2 2 2 2 2 2 2 2 2 2 2 2 2 2 2 2 2 2
left_child=2 -2 4 6 -1 11 7 8 9 -4 -11 -6 13 14 -8 17 -17 -16 19 -18 25 -21 23 -19 -15 -20 27 29 -29 -14
right_child=1 -3 3 -5 5 -7 12 -9 -10 10 -12 -13 26 24 15 16 18 22 20 21 -22 -23 -24 -25 -26 -27 -28 28 -30 -31
leaf_value=0.00092158026960357121 -0.0023428071841144482 -0.036274159538704644 -0.0029261445948615232 0.026664619282574516 0.02945824202395483 -0.005901936666939429 -0.021698770053235832 -0.035022755978505973 -0.030341198070320236 0.039161264620905113 -0.0074279618967730623 0.07702962527733058 0.039560254034289526 -0.039199681658210993 0.076123739643095906 -0.028986848932674419 -0.021998649879256593 0.034645874126039179 -0.018555115738985401 0.074089864591365295 -0.014540661413174722 0.020289380916438525 0.04615652520108976 -0.025506566752275691 0.009707950866955712 0.011224531798835383 0.0060734650531788937 -0.039531811684359895 -0.0011124936958443212 -0.0011307498537664403
leaf_weight=43.346019387245178 41.787534486502409 73.235532261431217 842.94436117634177 30.852014139294624 23.80659344792366 15.73362350463867 64.646129861474037 29.897184606641531 36.87422090023756 28.163135379552841 19.189089022576809 12.940081447362898 23.999487206339836 49.582963094115257 11.827114894986151 46.361739471554756 12.693748906254767 11.212556570768355 26.508803978562355 14.513506487011908 84.871125385165215 26.912098810076714 12.712827682495115 20.208097204566005 11.493785738945006 177.49431596696377 965.60742631554604 41.888277903199196 62.72122411429882 139.34860283136368
leaf_count=179 511 1534 5016 145 98 65 297 321 256 173 121 53 109 215 51 227 53 50 114 64 364 114 53 90 51 740 4192 198 265 614
internal_value=-0.000212467 -0.023947 0.000732716 0.00016873 0.0171681 0.0305869 -0.000127269 -0.00383682 -0.00283121 -0.00169181 0.0202814 0.0462102 0.00184008 -0.00281964 0.000435197 0.00364837 0.000679436 0.0243052 0.00468937 0.0247987 0.000921973 0.0391384 0.0104186 -0.00404098 -0.029996 0.00735487 0.00399715 -0.00348503 -0.0164966 0.00484767
internal_weight=3003.37 115.023 2888.35 2792.52 95.8263 52.4803 2761.67 957.068 927.171 890.297 47.3522 36.7467 1804.6 571.039 509.962 445.316 389.355 55.9606 342.994 54.1194 288.874 41.4256 44.1335 31.4207 61.0767 204.003 1233.57 267.958 104.61 163.348
internal_count=16333 2045 14288 13893 395 216 13748 5887 5566 5310 294 151 7861 2483 2217 1920 1676 244 1449 231 1218 178 193 140 266 854 5378 1186 463 723
is_linear=0
shrinkage=0.05


Tree=51
num_leaves=31
num_cat=0
split_feature=0 13 2 9 18 18 2 5 20 18 0 15 31 20 31 6 6 23 13 32 31 28 28 32 18 13 8 18 6 9
split_gain=24.8479 11.6929 9.95504 8.14957 11.1987 14.7212 7.64786 7.00985 9.9421 9.19225 6.81939 8.06872 7.94323 6.6807 6.5706 16.1499 18.093 11.8347 9.07163 8.75065 7.61878 7.23344 7.15661 6.98415 6.56413 13.1634 12.9011 12.8446 9.1777 13.0737
threshold=0.95600000021392784 0.99936544286832796 -0.015037821546346456 0.004377208541698545 0.82620639331722401 0.71494092004407561 0.10536042171099891 -0.01398623222917963 -0.84166701295658353 0.0062500089437587609 0.71999999814193549 0.095465502375814512 9.5000000000000018 -11.263163533660238 149.50000000000003 -0.13904183712664051 1.5300763917648684e-07 9087.644016000002 1.0060461117091204 0.028353765691287679 186.50000000000003 0.65095745896863999 0.94572364004083587 0.0066022475201056082 0.037803600190427167 1.1218475068603559 0.89757978057998178 0.029426884263828969 0.43156841558470321 0.076666666627748334
decision_type=2 2 2 2 2 2 2 2 2 2 2 2 2 2 2 2 2 2 2 2 2 2 2 2 2 2 2 2 2 2
left_child=2 7 10 -4 5 6 13 -2 -9 -10 11 12 -1 -5 17 -16 20 24 23 21 -17 -19 -23 -18 25 27 -26 28 29 -15
right_child=1 -3 3 4 -6 -7 -8 8 9 -11 -12 -13 -14 14 15 16 18 19 -20 -21 -22 22 -24 -25 26 -27 -28 -29 -30 -31
leaf_value=-0.034443904016109431 0.028321267325168872 -0.035583782565392977 0.038663378003587011 0.014419404141814588 -0.04150061044554576 0.03718370872837673 -0.021213176293060607 -0.048810514404208916 -0.031547132744369877 0.044691073498161593 0.038129377213090329 0.030586936304463637 0.0069096316628351724 -0.019611979073555955 -0.033408408291322959 0.063845754745100791 -0.053870515755676029 -0.0030339986160054142 0.013811888216186442 0.01536112003047824 0.023123715462006433 -0.040428865939295303 -0.0025217818301112808 0.0026149520865619683 0.0010062977710012235 -0.033731658673161857 0.031132442420263803 -0.018720262930084993 0.031469416482155108 0.0015882174444381632
leaf_weight=12.878553137183188 12.94856948405504 70.981294378638268 13.508719354867933 77.500823274254799 16.368536666035652 26.331533074378967 43.361096166074276 12.800021339207888 7.1972807645797738 8.7735681161284429 21.856453329324722 32.762585669755936 118.08611190319061 83.084217846393585 18.058212786912918 20.862834334373474 10.951298579573633 33.492891781032085 43.551744341850281 18.425392165780067 25.555264845490456 52.186848901212215 16.352566540241241 10.938416883349417 1407.2576506882906 35.206949345767498 36.457642897963524 105.65942827612162 22.41812252253294 583.00230570882559
leaf_count=54 69 1534 66 338 76 110 235 181 170 91 90 136 484 594 83 91 54 166 194 83 116 248 79 52 6367 250 155 494 140 3533
internal_value=-0.000204578 -0.0232367 0.00069481 -7.49935e-05 -0.000269746 -1.70411e-05 -0.000387477 -0.0022294 -0.015979 0.0103342 0.0118966 0.00839476 0.00284309 -4.02883e-05 -0.000484376 0.0104668 0.0175499 -0.00107879 0.000614032 -0.0163516 0.0414264 -0.0220784 -0.0313848 -0.0256444 -0.000269436 -0.00381444 0.00176706 -0.00248815 2.86668e-06 -0.00105619
internal_weight=2998.82 112.701 2886.12 2700.53 2687.02 2670.66 2644.32 41.7194 28.7709 15.9708 185.584 163.727 130.965 2600.96 2523.46 129.918 111.86 2393.54 65.4415 120.458 46.4181 102.032 68.5394 21.8897 2273.09 829.371 1443.72 794.164 688.505 666.087
internal_count=16333 2045 14288 13524 13458 13382 13272 511 442 261 764 674 538 13037 12699 590 507 12109 300 576 207 493 327 106 11533 5011 6522 4761 4267 4127
is_linear=0
shrinkage=0.05


Tree=52
num_leaves=31
num_cat=0
split_feature=0 13 24 18 0 19 15 16 13 15 23 22 10 13 13 9 12 5 24 5 24 23 20 24 10 5 13 10 9 23
split_gain=22.9507 11.0956 9.26822 10.0842 11.6751 8.79694 8.34418 10.6634 11.1364 10.1176 8.87554 9.34181 8.74027 22.7927 11.9755 10.0193 10.8539 10.3846 8.56003 15.377 11.4527 8.69832 7.44616 7.25015 10.7638 12.4436 12.7159 10.0903 12.5489 11.8194
threshold=0.95600000021392784 0.99936544286832796 119.43299000000002 0.36802485732595952 0.22000000305589426 4.5883191675024158 8.9712028307239214e-09 0.003405088040615744 1.0005516064303628 0.0034072485634878331 19.728290000000005 8.3498220000000014 0.25230514040902713 1.0168661692299537 0.95088861645585843 0.30433965730929374 1.0146028105117531 -0.046520004198743629 12633.946856000002 0.15415068587933531 102333.02062400003 6714.7963190000009 -7.0121390052594608 79.799493000000027 0.041500442045175646 -0.24116205502814944 1.0380818474227218 0.04742021468699447 0.076666666627748334 44.025000000000013
decision_type=2 2 2 2 2 2 2 2 2 2 2 2 2 2 2 2 2 2 2 2 2 2 2 2 2 2 2 2 2 2
left_child=2 -2 5 4 -4 23 7 8 -6 10 -8 -12 13 -11 22 16 -16 -17 21 20 -20 -19 -14 27 -25 -26 -27 -1 -29 -30
right_child=1 -3 3 -5 6 -7 9 -9 -10 12 11 -13 14 -15 15 17 -18 18 19 -21 -22 -23 -24 24 25 26 -28 28 29 -31
leaf_value=0.011759713771963352 -0.0021578096034105547 -0.034890133194202443 -0.0050942513189192783 0.010153502482190708 0.014943457679472451 -0.047748665769097885 -0.040737507076017004 0.0084832386631512741 0.088412000797837786 0.066835788638621024 0.00858227014055612 -0.016923548185533679 0.013262710177253313 -0.010370000603299135 -0.035243616063308204 0.01626410847170363 0.016227647723049122 0.0051654105123383545 -0.01333204788689093 0.048118719598250231 0.026660090091917138 0.045512049677110561 -0.024975215837420517 -0.048504526976328011 0.042796695036539406 -0.031016638579021399 0.02250489148108735 -0.027258061536810409 -0.003977991204965804 0.0414719188107859
leaf_weight=106.65301358699799 41.501594521105289 68.827991601079702 605.96472789347172 328.57377940416336 10.974259752780201 11.876895248889921 19.860004756599665 67.86186858266592 9.7323246449232084 18.700091645121574 66.988186720758677 77.355820942670107 16.386597782373428 19.557153783738613 31.071150794625282 182.92953832447529 15.278730019927023 587.22814270481467 173.34754440933466 12.453866094350813 19.963492304086685 13.669558212161062 57.080500394105911 21.092640601098537 10.373126342892645 41.658110503107309 15.127577811479567 57.059427544474602 270.24514812231064 15.103831041604279
leaf_count=630 511 1534 3001 1379 77 75 114 323 68 89 383 440 68 98 139 756 73 2690 775 54 91 60 255 121 47 239 79 364 1727 73
internal_value=-0.000196995 -0.0225775 0.00065914 0.00203374 0.000704032 -0.00518523 0.00321293 0.0180667 0.0494745 0.00221011 -0.0093985 -0.00508663 0.00387102 0.0273681 0.00306074 0.00444415 -0.0182767 0.00550833 0.00306921 -0.00573268 -0.00920201 0.00608324 -0.0164464 -0.0042444 -0.0173459 -0.00755991 -0.0167586 -0.00166963 -0.00585259 -0.00157228
internal_weight=2994.5 110.33 2884.17 2334.98 2006.4 549.19 1400.44 88.5685 20.7066 1311.87 164.204 144.344 1147.67 38.2572 1109.41 1035.94 46.3499 989.592 806.663 205.765 193.311 600.898 73.4671 537.313 88.2515 67.1588 56.7857 449.061 342.408 285.349
internal_count=16333 2045 14288 10933 9554 3355 6553 468 145 6085 937 823 5148 187 4961 4638 212 4426 3670 920 866 2750 323 3280 486 365 318 2794 2164 1800
is_linear=0
shrinkage=0.05


Tree=53
num_leaves=31
num_cat=0
split_feature=0 18 17 19 24 24 18 0 28 12 12 28 24 27 32 24 28 17 24 28 25 19 26 27 18 30 19 15 15 23
split_gain=21.1378 10.8445 11.358 10.4314 8.40902 9.73941 9.09564 10.8199 8.71933 7.85223 12.5926 8.66746 9.38226 10.2108 8.45101 9.16186 7.56511 12.7171 12.7664 12.6437 11.1164 9.88482 8.48381 13.5074 12.7369 10.2959 7.43552 7.43079 8.79331 8.60943
threshold=0.95600000021392784 0.0062500089437587609 8.0951967017838817e-09 -4.6578704283760546 114.23444300000001 107.86151700000001 0.36802485732595952 0.22000000305589426 0.21710127517222008 0.82776360018225603 0.85617428557426034 0.84624463350528722 478.39693050000011 0.50024468368383102 0.15013974993158252 478.39693050000011 0.5640309028921171 0.0010776014974962767 165.39196800000005 0.87321955864657186 0.12084129639781011 -6.0141303178487089 -0.24288110016728717 0.73957366601557972 0.20000001344000015 2.5000000000000004 4.5883191675024158 8.9712028307239214e-09 0.0034072485634878331 19.728290000000005
decision_type=2 2 2 2 2 2 2 2 2 2 2 2 2 2 2 2 2 2 2 2 2 2 2 2 2 2 2 2 2 2
left_child=4 -2 -3 -4 5 26 7 16 -8 11 -11 12 -10 -14 15 -12 21 18 -18 22 -20 -6 -19 24 -24 -25 -1 -9 29 -29
right_child=1 2 3 -5 6 -7 8 27 9 10 14 -13 13 -15 -16 -17 17 19 20 -21 -22 -23 23 25 -26 -27 -28 28 -30 -31
leaf_value=-0.0029476480780192054 -0.036582056627950603 0.060869680763336681 0.054067470031688804 -0.022183556231634236 -0.052205555940822393 -0.042612478926759685 0.03549782677886687 0.016919153638164441 -0.026230567994637955 0.046316084258737893 0.026277116403128183 -0.030686200445751172 0.046893192390262101 -0.0035718984433631279 0.048762407764092602 -0.00081728866178593269 0.044353978416034057 -0.0018045117925149347 -0.035159154767576743 -0.0074372049924830673 0.0072526726128834462 -0.0094145998101456668 0.02560632928117261 0.061905973192971468 -0.02370560343992606 0.018198846212869851 -0.045304911237484924 -0.039647405815448865 0.0036608205112565809 -0.0044708692642514911
leaf_weight=511.84466990083456 58.111679662019014 5.8135716170072547 5.0644387342035762 39.221556328237057 14.407371729612349 16.683817476034164 29.61245122551918 90.598259679973125 17.421778634190559 23.893669202923775 40.043226167559624 24.893281310796738 17.231957152485847 23.961277887225151 11.841777011752127 141.29167836904526 7.5844544768333426 58.820872187614441 56.684985436499119 128.58067779242992 21.238949723541737 213.34884862601757 29.810868702828884 26.236463874578476 23.353033468127251 27.699400514364243 10.574916452169417 19.771309211850166 1150.0936569608748 144.68514752015471
leaf_count=3138 1559 54 41 391 61 102 124 477 72 98 173 105 71 99 50 594 53 266 393 592 120 1051 139 118 101 124 67 115 5159 826
internal_value=-0.000190163 -0.0218852 -0.00483801 -0.0134637 0.000624368 -0.00500604 0.00191982 0.000658103 0.00961149 0.00706121 0.0120737 -0.00596814 0.0045294 0.0175387 0.00783831 0.00516583 -0.00491584 -0.000597195 -0.017572 0.00433145 -0.0235994 -0.0121215 0.0134516 0.0218305 0.00394533 0.0394597 -0.00380505 0.00306899 0.00211444 -0.00869987
internal_weight=2990.42 108.211 50.0996 44.286 2882.21 539.103 2343.11 2012.91 330.191 300.579 217.07 83.5083 58.615 41.1932 193.177 181.335 607.766 380.01 85.5084 294.501 77.9239 227.756 165.921 107.1 53.1639 53.9359 522.42 1405.15 1314.55 164.456
internal_count=16333 2045 486 432 14288 3307 10981 9595 1386 1262 915 347 242 170 817 767 3018 1906 566 1340 513 1112 748 482 240 242 3205 6577 6100 941
is_linear=0
shrinkage=0.05


Tree=54
num_leaves=31
num_cat=0
split_feature=0 18 6 13 13 5 5 15 5 2 32 12 24 6 13 18 17 31 2 24 26 0 17 18 18 10 13 0 6 12
split_gain=19.8392 10.5404 11.7878 8.39252 9.01244 16.5482 8.29228 9.4307 8.68834 7.62819 7.44332 11.0203 6.47148 6.46653 6.11389 7.15783 15.7238 8.33746 6.69316 6.11349 5.75931 5.56185 11.9678 16.0482 8.13843 8.99245 20.5021 7.53393 5.70997 13.7232
threshold=0.97900001014300042 0.010377033410386377 -1.0169793586049183e-07 1.1218475068603559 1.0380818474227218 0.063513274079275969 0.21433149738518423 0.07690491970850262 0.14716718168852999 -0.054067216840731069 0.013253327213662307 1.0250590577952383 7980.8027485000011 0.14310084364067335 0.5358504535122055 0.71494092004407561 0.73023863915041975 17.500000000000004 0.1011064968199311 1852.7254535000004 -0.16372534598037317 0.95400002148200158 0.0031266360937338166 0.0053878533107674298 4.5452407102682349e-07 0.66991692781889223 0.99661217779854316 0.97845218492716912 0.026394895954494891 1.0022517148522849
decision_type=2 2 2 2 2 2 2 2 2 2 2 2 2 2 2 2 2 2 2 2 2 2 2 2 2 2 2 2 2 2
left_child=1 2 -1 4 6 -6 8 -8 21 10 -3 12 -12 -7 -11 18 -17 -18 -16 -5 -20 22 24 -24 25 -4 -27 -23 -28 -30
right_child=-2 9 3 19 5 13 7 -9 -10 14 11 -13 -14 -15 15 16 17 -19 20 -21 -22 27 23 -25 -26 26 28 -29 29 -31
leaf_value=-0.034061638013211833 -0.047912125384568224 0.0019010580598787892 -0.013633820585199555 -0.041234899545185041 0.069947618867999314 0.030711507007183544 0.057550016245487105 -0.0096205309397798412 -0.044486244320354973 -0.034384975979239424 0.020890846951807478 -0.0039446835701893853 0.067609922730637401 -0.0063626775046531601 0.0011051572841865819 0.066590437430527782 -0.028377948733256497 0.026753109797867155 -0.054028511588409323 0.009260778106093423 -0.0083226509158403142 -0.028930651137040266 0.093106586707642491 -0.012652214844467364 -0.039170385807599468 0.078664880614719379 -0.009923708535014104 0.069826783676337031 0.058664252051270072 -0.000365801587935764
leaf_weight=35.781449887901545 21.61460942402482 49.482322037220001 120.09618594497442 24.452505677938461 11.074597816914318 16.000997275114059 10.761122569441797 10.15817917883396 15.169229079037903 12.1721014380455 13.002256631851198 15.851054131984709 17.24124276638031 44.393222246319056 2274.3300473317504 13.278088063001631 13.171846002340319 14.305931955575941 9.6112727373838407 7.9405203387141219 24.364045888185501 36.362310245633125 7.2913337498903257 7.0604574792087078 17.090654175728559 8.8454646989703161 69.055593639612198 2.0394917614758006 12.138876534998415 52.120046548545361
leaf_count=500 588 204 817 194 70 100 61 65 115 63 54 66 71 280 10436 57 56 60 51 46 122 916 56 57 135 54 629 54 78 278
internal_value=-0.000183228 0.000164754 -0.00639275 -0.00429545 -0.00248582 0.0137626 -0.00563978 0.0249327 -0.00748145 0.00152021 0.0153682 0.0298252 0.0475245 0.00345985 0.000959681 0.00114283 0.0219142 0.000325288 0.000776083 -0.0288569 -0.0212524 -0.0057912 -0.00345144 0.0410779 -0.00573919 -0.00356055 0.0049493 -0.0236857 5.82452e-05 0.0107853
internal_weight=2986.26 2964.64 507.832 472.051 439.658 71.4688 368.189 20.9193 347.27 2456.81 95.5769 46.0946 30.2435 60.3942 2361.23 2349.06 40.7559 27.4778 2308.31 32.393 33.9753 332.1 293.699 14.3518 279.347 262.256 142.16 38.4018 133.315 64.2589
internal_count=16333 15745 4505 4005 3765 450 3315 126 3189 11240 395 191 125 380 10845 10782 173 116 10609 240 173 3074 2104 113 1991 1856 1039 970 985 356
is_linear=0
shrinkage=0.05


Tree=55
num_leaves=31
num_cat=0
split_feature=0 6 6 28 10 8 27 0 26 0 8 16 18 8 29 30 5 6 0 24 26 27 31 27 6 31 8 28 2 31
split_gain=17.8461 11.0109 12.7621 10.2303 13.7398 12.466 14.4141 14.0637 10.9791 10.6909 13.0909 9.53273 8.6001 11.2634 8.24951 8.03094 7.5674 12.0086 12.7296 11.5237 11.3087 11.2531 10.2031 8.66605 13.7031 11.4452 10.6148 8.39692 8.19172 9.88728
threshold=0.98049999264211762 -0.0051072728894148087 -4.439816005122415e-07 0.57216160279470452 0.085458485958557359 0.92949999801282734 0.012943127887695922 0.97400000617500027 11.692209578225997 0.048999997748449993 0.03426399145998156 0.12428543331911403 0.8827349121466771 0.0058750000000000017 0.09330152627487219 36.500000000000007 -0.61431120280231533 -0.16705408287442761 0.024000002011666056 135.17567850000003 -0.13820590654844192 0.49993836447331341 126.50000000000001 0.66354520764124014 -0.21735418549953076 4.5000000000000009 0.59749997268309063 0.33158184869069263 -0.016950321337592691 23.500000000000004
decision_type=2 2 2 2 2 2 2 2 2 2 2 2 2 2 2 2 2 2 2 2 2 2 2 2 2 2 2 2 2 2
left_child=1 12 -3 -4 9 6 -6 -7 11 10 14 15 13 -1 -5 -8 20 22 19 -19 21 -15 23 24 27 -25 -27 -18 -20 -30
right_child=-2 2 3 4 5 7 8 -9 -10 -11 -12 -13 -14 16 -16 -17 17 18 28 -21 -22 -23 -24 25 -26 26 -28 -29 29 -31
leaf_value=0.058806656197801802 -0.049529268437011803 -0.032517167794000809 -0.0083645713219224569 -0.022196715520960933 0.049393981127783343 -0.020030600268118107 0.004026550170459265 0.072095685134948101 0.054690025346764572 -0.021943459777753801 0.03160059998157061 -0.025333468063330616 -0.037499922613018898 0.037494193884711424 0.019936884190482531 0.046634495647364008 0.012226896916091032 0.082064091470234912 0.024344718602332657 0.010709617440308581 0.045330073261619794 -0.016051550920325623 -0.027328380411048604 -0.024629602993634508 -0.031219303050586573 0.0069679570616057538 0.054692105393154292 -0.0089917762896557837 0.008258479438609646 -0.0032623187498094517
leaf_weight=9.1255097687244398 18.31582497805357 35.769926495850086 472.79094629734755 44.020984642207623 18.190078914165497 77.623858515173197 668.29442537948489 4.3761292695999137 10.659627649933098 107.54745103418827 25.685180395841599 27.429469980299473 12.94683952629566 15.417204931378363 15.782605096697806 11.245328173041342 68.607582956552505 10.267405748367311 50.969172388315201 12.604743734002112 25.933955907821655 26.989027410745621 41.9543636739254 27.114150181412697 50.192583799362183 178.16534554958344 12.466645002365111 145.52122820913792 465.7697448246181 310.29954148083925
leaf_count=43 540 397 3217 257 89 820 3139 98 56 606 119 147 66 65 77 50 302 51 210 59 112 116 186 132 235 760 51 669 2323 1389
internal_value=-0.000325331 -2.32928e-05 -0.00300512 -0.0022936 0.000545874 0.00337796 0.00543872 -0.0151141 0.00432457 -0.0114526 0.00174528 0.00356516 0.00307068 0.00343258 -0.0110774 0.00473165 0.00308222 0.00227447 0.00594493 0.0427409 0.0193214 0.00341553 -0.00367865 -0.00162041 -0.00770507 0.00576573 0.0100889 -0.00219324 0.00492732 0.00365206
internal_weight=3002.08 2983.76 1519.42 1483.65 1010.86 817.819 735.819 82 717.629 193.036 85.4888 706.969 1464.35 1451.4 59.8036 679.54 1442.27 1373.93 849.911 22.8721 68.3402 42.4062 524.022 482.068 264.321 217.746 190.632 214.129 827.038 776.069
internal_count=16381 15841 9072 8675 5458 4399 3481 918 3392 1059 453 3336 6769 6703 334 3189 6660 6367 4032 110 293 181 2335 2149 1206 943 811 971 3922 3712
is_linear=0
shrinkage=0.05


Tree=56
num_leaves=31
num_cat=0
split_feature=1 5 4 1 27 27 12 9 1 1 5 31 20 20 11 26 17 18 18 26 9 28 26 20 18 24 15 10 27 31
split_gain=16.8989 7.79188 6.98885 9.37234 9.24973 9.75168 9.53621 9.23965 22.3367 15.8276 9.22699 10.0614 8.74018 12.1141 12.756 8.76849 8.64562 7.79845 12.291 12.0056 8.97684 7.53214 7.41251 7.69642 7.30918 13.1826 11.4161 9.93557 11.9439 9.72658
threshold=-0.019692770867536655 1.1042671594865083 -0.0082473888299913756 -0.070422465128547773 0.33337330470882465 0.47431791340361512 0.62109035179494665 0.10153184763711082 -3.0751982129250091 -3.2142833583149573 0.51082564296599131 1.5000000000000002 -6.8273381318499426 -0.41672765834066666 0.97593630150997424 -0.18484782786254597 0.029850737662017759 0.38095249770269962 2.0258431348978474e-07 -1.0000000180025095e-35 0.023575000521234478 0.30723870620209914 11.692209578225997 -10.728246467234014 0.090909114049589318 34.595086500000008 0.080114361789681676 0.1465681676189389 0.99185552803560484 161.50000000000003
decision_type=2 2 2 2 2 2 2 2 2 2 2 2 2 2 2 2 2 2 2 2 2 2 2 2 2 2 2 2 2 2
left_child=1 2 4 7 -1 -6 -7 8 9 10 11 17 -10 14 -14 -16 -5 18 19 -4 -20 -11 23 -9 -8 -26 29 28 -28 -27
right_child=-2 -3 3 16 5 6 24 22 12 21 -12 -13 13 -15 15 -17 -18 -19 20 -21 -22 -23 -24 -25 25 26 27 -29 -30 -31
leaf_value=0.011155559848750832 -0.049299530894088631 -0.024361841609938758 -0.052434027933653787 -0.014548109313248653 -0.015945884864458568 -0.043992285515623369 0.009462053723621194 0.03250840880020632 -0.049771968950236202 -0.002043856632276274 0.042242620443628476 -0.010557206336122841 0.038509716828721952 -0.020652837346086191 -0.043260668287419271 0.014732706877868941 0.03576394517436398 -0.013306216887980508 0.089240582059425019 0.0327774732568126 0.022002399030041222 0.050141720237967903 0.03833654842678158 0.00098664419781543575 -0.038783360074612173 -0.00073379021805858227 0.040650360180467415 -0.0052928736875486595 -0.0081323368901395111 -0.033579409268792215
leaf_weight=281.69484024494886 17.501708270981908 32.52793624997139 7.201417602598668 181.83723830059171 79.616902139037848 10.920466884970663 283.88647230342031 19.713106244802475 19.06859714537859 9.5588347762823087 11.697737894952295 139.61307062953711 19.85603840649128 168.49995582550764 13.224827058613302 12.852109491825102 8.9594216495752317 16.787931755185127 9.5998215824365634 9.7032747566699982 10.27939912676811 24.994119308888912 13.85958509147167 1095.2333633899689 21.610108315944672 354.07840995490551 47.650585800409317 34.91308157145977 17.032357677817345 24.07190403342247
leaf_count=1197 540 187 55 2390 336 47 1217 84 106 51 61 737 90 1066 66 64 40 94 53 71 58 128 68 5449 105 1498 199 145 72 107
internal_value=-0.000311771 -2.41153e-05 0.000244423 -0.00171016 0.00327665 0.000736602 0.00240906 -0.000462349 -0.00632926 0.00440144 -0.00087782 -0.00348885 -0.0173327 -0.014448 0.00831389 -0.0146784 -0.0121856 0.0149319 0.0278196 -0.00352272 0.0544722 0.0357049 0.00199572 0.00154397 0.00305602 -0.000585838 0.00114197 0.0162026 0.0278049 -0.00282464
internal_weight=2998.04 2980.54 2948.01 1792.54 1155.48 873.78 794.163 1601.74 472.937 239.436 204.883 193.185 233.502 214.433 45.933 26.0769 190.797 53.5718 36.7839 16.9047 19.8792 34.553 1128.81 1114.95 783.243 499.356 477.746 99.596 64.6829 378.15
internal_count=16381 15841 15654 10731 4923 3726 3390 8301 2700 1308 1129 1068 1392 1286 220 130 2430 331 237 126 111 179 5601 5533 3343 2126 2021 416 271 1605
is_linear=0
shrinkage=0.05


Tree=57
num_leaves=31
num_cat=0
split_feature=0 6 6 13 28 7 8 18 6 8 8 27 23 26 27 27 15 11 18 23 27 13 0 20 18 8 20 30 2 28
split_gain=16.001 9.59777 11.7322 9.89958 9.14111 11.576 13.0248 11.8564 11.5966 12.1773 15.9919 12.5031 10.2726 8.49083 10.7586 10.4279 8.21883 7.90816 10.8412 9.45509 10.2107 7.91158 13.3655 7.84332 7.58193 10.1736 7.51874 7.3918 7.37627 8.62115
threshold=0.98049999264211762 -0.0051072728894148087 -4.439816005122415e-07 1.0028047425088957 0.57216160279470452 0.074000000002550734 0.051500000006923653 0.24999999961931826 0.66907280185862528 0.92949999801282734 0.97434999963210578 0.012943127887695922 156.36833250000004 1.0468389310156256 0.93870307190121516 0.80611098111416879 0.073334357240301309 0.98612708843786978 0.11627902651162186 10061.6788755 0.13266523484496531 1.0187785037932275 0.1799999964 -0.77844372821283303 0.8827349121466771 0.0058750000000000017 4.6858106131190613 5.5000000000000009 0.0054767390713282571 0.75345367914101447
decision_type=2 2 2 2 2 2 2 2 2 2 2 2 2 2 2 2 2 2 2 2 2 2 2 2 2 2 2 2 2 2
left_child=1 24 3 -3 -4 6 16 -8 9 11 27 -7 -9 17 15 -15 -6 21 19 20 -19 -13 -23 -24 25 -1 -18 -11 29 -21
right_child=-2 2 4 -5 5 8 7 12 -10 10 -12 13 -14 14 -16 -17 26 18 -20 28 -22 22 23 -25 -26 -27 -28 -29 -30 -31
leaf_value=0.055572949531162763 -0.049068941824399852 -0.044597784349784036 -0.0078997513616446899 0.022522756403628316 -0.012209415765277738 0.047498015503587405 -0.048622059274889787 -0.040094396562084834 -0.022640576219969819 -0.013786969619323675 0.078928963833449217 0.031475308279529123 0.02677367538548503 0.027180653645003102 0.039330613005382348 -0.028065194746580608 0.0013996255427489194 -0.046991276821848699 -0.02048320484117698 0.019859628345887857 0.0069875780914258907 0.045804950982350545 -0.045026652602109279 0.0034625797481191399 -0.035582296353829021 0.0028641384707780286 0.048112485457937178 -0.061614628371900508 -0.051323212368228857 -0.024611721149353605
leaf_weight=9.2132636457681638 16.72441509924829 28.079939041286707 469.97505167499185 6.8295690119266501 61.176421105861664 17.910137481987476 35.642474383115768 10.284638255834581 42.376074515283108 67.277787275612354 4.359235953539609 46.11670944839716 13.008219629526137 17.953967675566673 38.882934331893921 16.292814016342163 25.284395225346088 8.9479628428816778 53.10656775534153 18.244178883731365 419.08099757507443 13.487533614039419 12.270990043878554 26.031057700514793 12.713566601276396 1441.5847218520939 13.065396353602408 9.1809480562806112 11.643268540501593 27.064727649092674
leaf_count=43 540 349 3217 48 361 87 220 50 235 756 78 198 56 82 188 76 120 42 237 82 2038 59 51 109 66 6660 68 84 58 123
internal_value=-0.000299113 -2.51383e-05 -0.00281676 -0.0314666 -0.00214037 0.000543082 -0.0118642 -0.0304926 0.00285549 0.0041929 -0.0142192 0.00623961 -0.00275099 0.00519756 0.0213324 0.00089759 -0.000833258 0.0033423 0.000964035 0.00331256 0.00585915 0.0164131 0.00300077 -0.0120721 0.00286197 0.00319886 0.0173142 -0.01953 -0.0158266 -0.00670479
internal_weight=2993.81 2977.09 1513.57 34.9095 1478.66 1008.69 158.462 58.9353 850.228 807.852 80.818 727.034 23.2929 709.124 73.1297 34.2468 99.5262 635.994 538.088 484.981 428.029 97.9063 51.7896 38.302 1463.51 1450.8 38.3498 76.4587 56.9522 45.3089
internal_count=16381 15841 9072 397 8675 5458 875 326 4583 4348 918 3430 106 3343 346 158 549 2997 2580 2343 2080 417 219 160 6769 6703 188 840 263 205
is_linear=0
shrinkage=0.05


Tree=58
num_leaves=31
num_cat=0
split_feature=0 6 9 18 18 18 15 14 28 0 13 9 9 0 7 18 24 17 24 7 9 18 24 31 21 6 14 5 24 6
split_gain=15.1498 8.73871 10.0676 12.5083 8.12505 8.09158 8.0678 5.9721 9.71365 5.78601 10.2531 9.11488 7.07398 20.2057 19.0802 13.0914 11.101 9.25856 15.792 13.0274 9.00244 7.84722 7.81339 6.78789 6.94583 6.50782 12.6074 9.32928 7.65541 10.9829
threshold=0.98049999264211762 0.66907280185862528 0.004377208541698545 0.8827349121466771 0.71494092004407561 0.77262664836539441 0.020772372102887172 0.18425235641168058 0.95278391121205908 0.93800000031000008 1.0181653124915422 0.943824985703408 0.10153184763711082 0.045857449782366409 0.040100002595811902 0.34796304347826096 2.0865960000000006 0.11111111111111115 91.235949500000018 0.047400000405372573 0.044678223911617444 0.37416455752262578 12.378737500000002 1.5000000000000002 -0.1574070838628501 -0.16705408287442761 0.060777838065441799 -0.051293306237550816 2895.5589070000005 1.5966666860886088e-08
decision_type=2 2 2 2 2 2 2 2 2 2 2 2 2 2 2 2 2 2 2 2 2 2 2 2 2 2 2 2 2 2
left_child=1 2 -1 4 9 -6 -3 8 -8 11 -11 12 13 14 16 20 -4 21 -19 -20 -16 -15 -18 -24 -25 26 27 -21 29 -27
right_child=-2 6 3 -5 5 -7 7 -9 -10 10 -12 -13 -14 17 15 -17 22 18 19 25 -22 -23 23 24 -26 28 -28 -29 -30 -31
leaf_value=0.047381860911491408 -0.048837033685438166 -0.042455962419025092 0.030461271962138766 -0.057201583500509301 0.050540456398265036 -0.0014377733099992015 0.011269263463265785 -0.032315077420645939 -0.042235531249905471 -0.0053108432659855634 -0.059851975219096409 0.035297925717046423 0.002215286638751853 -0.01851220356243008 0.033581305421435857 0.063208700685787864 -0.035326629582230228 -0.051403100393308268 -0.049757101397157444 -0.0088482890547838151 -0.012640074868557886 -0.065436743969846708 0.027068852190569953 0.027892514116502478 -0.0058918163109922721 0.054874793390387616 0.021433808280754345 -0.059773700482121883 -0.00080248247279369762 0.0014564311290062395
leaf_weight=11.387487068772314 15.982409385964273 20.889127127826214 26.148596778512001 9.4344580322504026 16.062452375888828 14.025054901838301 44.202879555523396 17.836930885910988 10.497226759791372 217.91082174703479 8.9716120995581132 19.070792555809021 1873.3131693527102 148.59529820084572 24.945510290563107 19.746254280209541 18.14721404761076 16.472173437476158 12.192796513438223 31.470348879694939 18.23528054356575 9.4778236299753171 19.387886621057987 16.290731333196163 230.10413973778486 20.385964125394821 24.341113358736038 12.591608121991156 44.26686318218708 18.224072352051735
leaf_count=55 540 135 165 48 69 62 218 92 62 2530 92 79 8695 982 126 82 109 93 54 135 81 50 110 76 1106 91 102 59 200 83
internal_value=-0.000287075 -2.62206e-05 0.000461785 0.000275605 0.000465184 0.0263112 -0.015076 -0.00719114 0.00100142 0.000190427 -0.00746756 0.000857807 0.00060366 -0.00364244 0.0043813 0.029484 -0.000713027 -0.0124967 -0.00474083 -3.89479e-05 0.014062 -0.0213257 -0.00358403 -0.0014167 -0.00365812 0.00396821 -0.00744679 -0.0234013 0.0133897 0.0296611
internal_weight=2990.61 2974.63 2881.2 2869.81 2860.38 30.0875 93.4262 72.537 54.7001 2830.29 226.882 2603.41 2584.34 711.024 373.006 62.927 310.079 338.018 179.945 163.473 43.1808 158.073 283.93 265.783 246.395 151.28 68.4031 44.062 82.8769 38.61
internal_count=16381 15841 15334 15279 15231 131 507 372 280 15100 2622 12478 12399 3704 1855 289 1566 1849 817 724 207 1032 1401 1292 1182 670 296 194 374 174
is_linear=0
shrinkage=0.05


Tree=59
num_leaves=31
num_cat=0
split_feature=0 5 26 18 13 5 28 26 24 15 15 28 7 11 26 31 13 10 15 9 5 20 19 24 0 28 20 18 18 24
split_gain=14.3431 6.68808 5.99454 5.97782 12.6502 11.1702 10.3191 9.9562 12.0983 10.3341 8.37527 9.14998 8.03377 7.01626 6.33898 6.21161 8.25509 6.10828 13.5579 10.2381 21.0736 12.8514 6.18861 11.5256 13.0115 7.83308 6.03962 5.8785 8.00666 9.95797
threshold=0.98049999264211762 1.1042671594865083 -0.48018815899020856 0.0081674515174824831 1.0093546393063806 0.060624640071337568 0.87321955864657186 -0.13608275077320933 232.72317900000004 0.0052900354461582833 0.030099008012652743 0.96762371558854687 0.02800000099948843 1.0484253875722389 -0.061404987501904894 29.500000000000004 1.0301603349303834 0.94771548883531664 0.00365585122124947 0.93833332505362421 0.012121355437074969 2.2045383853752463 4.5883146774111871 38.184826500000007 0.23000000007700003 0.84398003853691117 3.4629004910416872 0.8827349121466771 0.71494092004407561 388.37423350000006
decision_type=2 2 2 2 2 2 2 2 2 2 2 2 2 2 2 2 2 2 2 2 2 2 2 2 2 2 2 2 2 2
left_child=1 2 -1 4 17 7 12 8 -6 -10 11 13 -7 -8 -9 -14 -17 19 -19 22 21 -21 -4 -24 -25 26 -26 28 -5 -30
right_child=-2 -3 3 27 5 6 10 14 9 -11 -12 -13 15 -15 -16 16 -18 18 -20 20 -22 -23 23 24 25 -27 -28 -29 29 -31
leaf_value=-0.024600185465565631 -0.048603341703201422 -0.022849280952576642 -0.017638198732157103 0.0012632425199811045 0.081093766531411676 0.029707058733203326 0.051548010788957301 -0.036264546241302216 -0.0085901550747322312 0.054269969552964953 0.039352932764329634 -0.020059191605305678 -0.032893965074129602 -0.0044047127659353749 0.014345484979928796 -0.03812007292944089 0.018552691452125961 -0.03465624901794858 0.083222636073123413 0.02748142228922756 -0.054044868470817291 0.13618690606097253 0.055797638994523793 -0.056448861189616999 0.057484543612924738 -0.019217402694097541 0.0039014194453863785 -0.031605254494982013 -0.0094927526135443197 0.046628226443315587
leaf_weight=24.127892404794693 15.274206899106501 31.758028380572796 135.82217035070062 2394.5995393879712 11.418994620442389 8.7066700384020788 11.159147955477239 8.769837040454151 14.62486467510462 11.824719969183205 18.727264769375324 26.207745566964149 43.678562369197607 11.252355460077522 21.008495414629579 10.239372693002226 17.251668371260166 45.220005828887224 2.5783595517277709 7.872295308858158 5.3777113035321227 4.1533030457794666 8.4640510417520982 10.598840370774267 8.9528913423419016 17.132218226790428 12.745557464659212 13.398750126361845 12.584572687745093 21.253106042742729
leaf_count=121 540 187 1037 11081 82 59 56 59 107 70 118 177 306 65 148 58 89 1144 60 100 85 45 59 80 55 102 74 70 55 92
internal_value=-0.000275322 -2.69049e-05 0.000219644 0.000425038 -0.00471471 0.0042538 -0.0034739 0.0210719 0.0380819 0.0195125 0.0109424 -7.75504e-07 -0.0156288 0.0234553 -0.00055937 -0.0211751 -0.00255577 -0.0121575 -0.0282976 -0.00850328 0.028232 0.0650252 -0.0118036 0.0018849 -0.00734684 0.00605557 0.0260101 0.0014223 0.00160453 0.0257563
internal_weight=2986.78 2971.51 2939.75 2915.62 473.787 214.87 147.223 67.6469 37.8686 26.4496 67.3465 48.6192 79.8763 22.4115 29.7783 71.1696 27.491 258.917 47.7984 211.119 17.4033 12.0256 193.716 57.8936 49.4295 38.8307 21.6984 2441.84 2428.44 33.8377
internal_count=16381 15841 15654 15533 4235 1394 928 466 259 177 416 298 512 121 207 453 147 2841 1204 1637 230 145 1407 370 311 231 129 11298 11228 147
is_linear=0
shrinkage=0.05


Tree=60
num_leaves=31
num_cat=0
split_feature=0 20 18 4 16 21 17 17 16 16 23 10 13 4 26 5 23 27 21 27 13 23 18 20 0 20 23 4 19 18
split_gain=12.7105 9.33796 13.3858 9.6335 16.3419 7.69906 8.1594 10.6118 6.98685 10.2916 13.08 9.09042 7.2868 6.71168 11.6012 11.7505 8.55033 8.05879 9.11752 15.4216 13.6718 12.3206 10.9915 9.81175 8.54286 8.92472 8.4802 8.04056 16.4907 9.39332
threshold=0.95005158596861661 -7.3606391386305967 0.013513535216219601 0.015267699403681544 0.0041339885588330934 0.78077431935486663 0.70057471264367821 0.7986007723736499 0.15907461917256607 0.14145566858016781 53.745000000000012 0.045615554466496296 0.94949315603348683 0.049596944666888416 -0.13608275077320933 0.45198435132838993 4.995000000000001 0.33337330470882465 0.006299235037673317 0.12132907691990201 1.0115052938088651 175.06060400000001 0.0010346614253812683 5.3491967086953496 0.86999941873066378 -2.619354506060005 605.98935800000015 0.011560823736241496 0.91240777327945255 0.0032923854521419056
decision_type=2 2 2 2 2 2 2 2 2 2 2 2 2 2 2 2 2 2 2 2 2 2 2 2 2 2 2 2 2 2
left_child=5 2 -2 -3 -5 6 8 -8 9 13 -11 -10 -12 17 16 -16 -15 18 21 20 -20 22 -1 26 -24 -26 -23 29 -29 -19
right_child=1 3 -4 4 -6 -7 7 -9 11 10 12 -13 -14 14 15 -17 -18 27 19 -21 -22 23 24 -25 25 -27 -28 28 -30 -31
leaf_value=0.054721809827168677 -0.030867522095310747 -0.025464846240902946 0.055658991942203598 0.11943422280692409 -0.014102413694023652 -0.040654471989562194 0.045010125743909273 -0.011491922039693236 0.0079107420887393164 -0.016319239248115895 0.078024969225755136 -0.022700962764892869 0.021532428018009659 -0.046701761310004163 0.0006558885914315361 0.043668983758216824 -0.0093684809378569364 -0.011674600306426756 0.017272650646917281 0.040578165821057 -0.034865948290178909 -0.019220356055870903 0.015672396031712926 -0.04916410170001833 0.013198046395363176 -0.045584395311502157 0.0066732649159054434 0.038230159326631041 0.0035539890381468126 0.00067613152892652038
leaf_weight=14.898454286158083 7.885327152907851 99.260103642940521 10.319223321974276 3.1741471141576758 8.2352653946727497 11.024149358272551 23.239011883735657 12.935559973120688 37.81712444126606 10.859131596982477 11.645936653018 67.610888577997684 11.19551010429859 16.464060992002487 160.66486768424511 17.619297742843628 223.96843655407429 173.42716750130057 50.534622572362423 51.891690075397491 16.737583629786968 49.055455602705479 106.67197281122208 12.2830179259181 12.834668572992088 12.994843516498802 88.963512666523457 39.962420038878918 241.37261958420277 1370.6286984756589
leaf_count=99 143 1968 53 67 126 47 101 58 171 61 50 327 51 105 827 91 1212 1393 221 223 74 224 472 61 63 71 400 183 1148 6271
internal_value=0.000354005 -0.0150047 0.0181799 -0.0204634 0.023048 0.00104917 0.00121127 0.0248057 0.000906448 0.00140047 0.0288579 -0.0117205 0.0503357 0.00105273 -0.00475823 0.00490675 -0.0119249 0.00213786 0.00841038 0.0200981 0.00430037 0.00373204 0.0140034 -0.00634103 0.00942507 -0.0163754 -0.00252999 0.000705404 0.00847959 -0.000711093
internal_weight=2976.17 128.874 18.2046 110.67 11.4094 2847.3 2836.28 36.1746 2800.1 2694.67 33.7006 105.428 22.8414 2660.97 418.717 178.284 240.432 2242.26 416.866 119.164 67.2722 297.702 147.4 150.302 132.501 25.8295 138.019 1825.39 281.335 1544.06
internal_count=16361 2357 196 2161 193 14004 13957 159 13798 13300 162 498 101 13138 2235 918 1317 10903 1908 518 295 1390 705 685 606 134 624 8995 1331 7664
is_linear=0
shrinkage=0.05


end of trees

feature_importances:
dd_120=133
price=126
dd_60=98
vol_total_60=93
buy_ratio_60=91
ret_72h=84
ma_60=82
momentum_z_60=82
vol_60=80
n_trades_60=78
ret_120h=73
ma_120=71
ma60_over_ma120=69
ret_24h=57
ma_5=54
ret_6h=51
ret_1h=49
ma_20=49
ma20_over_ma60=47
ma5_over_ma60=43
vol_20=43
momentum_z_20=42
vol_total_20=42
vol_zscore_60=38
buy_ratio_20=36
vol_total_5=24
log_price=23
accel=18
vol_5=12
vol_ratio_5_60=12
high_low_range_5=11
n_trades_5=10
buy_sell_imbalance_5=9

parameters:
[boosting: gbdt]
[objective: binary]
[metric: binary_logloss]
[tree_learner: serial]
[device_type: cpu]
[data_sample_strategy: bagging]
[data: ]
[valid: ]
[num_iterations: 500]
[learning_rate: 0.05]
[num_leaves: 31]
[num_threads: 0]
[seed: 0]
[deterministic: 0]
[force_col_wise: 0]
[force_row_wise: 0]
[histogram_pool_size: -1]
[max_depth: -1]
[min_data_in_leaf: 50]
[min_sum_hessian_in_leaf: 0.001]
[bagging_fraction: 0.8]
[pos_bagging_fraction: 1]
[neg_bagging_fraction: 1]
[bagging_freq: 5]
[bagging_seed: 3]
[bagging_by_query: 0]
[feature_fraction: 0.8]
[feature_fraction_bynode: 1]
[feature_fraction_seed: 2]
[extra_trees: 0]
[extra_seed: 6]
[early_stopping_round: 0]
[early_stopping_min_delta: 0]
[first_metric_only: 0]
[max_delta_step: 0]
[lambda_l1: 0]
[lambda_l2: 0]
[linear_lambda: 0]
[min_gain_to_split: 0]
[drop_rate: 0.1]
[max_drop: 50]
[skip_drop: 0.5]
[xgboost_dart_mode: 0]
[uniform_drop: 0]
[drop_seed: 4]
[top_rate: 0.2]
[other_rate: 0.1]
[min_data_per_group: 100]
[max_cat_threshold: 32]
[cat_l2: 10]
[cat_smooth: 10]
[max_cat_to_onehot: 4]
[top_k: 20]
[monotone_constraints: ]
[monotone_constraints_method: basic]
[monotone_penalty: 0]
[feature_contri: ]
[forcedsplits_filename: ]
[refit_decay_rate: 0.9]
[cegb_tradeoff: 1]
[cegb_penalty_split: 0]
[cegb_penalty_feature_lazy: ]
[cegb_penalty_feature_coupled: ]
[path_smooth: 0]
[interaction_constraints: ]
[verbosity: -1]
[saved_feature_importance_type: 0]
[use_quantized_grad: 0]
[num_grad_quant_bins: 4]
[quant_train_renew_leaf: 0]
[stochastic_rounding: 1]
[linear_tree: 0]
[max_bin: 255]
[max_bin_by_feature: ]
[min_data_in_bin: 3]
[bin_construct_sample_cnt: 200000]
[data_random_seed: 1]
[is_enable_sparse: 1]
[enable_bundle: 1]
[use_missing: 1]
[zero_as_missing: 0]
[feature_pre_filter: 1]
[pre_partition: 0]
[two_round: 0]
[header: 0]
[label_column: ]
[weight_column: ]
[group_column: ]
[ignore_column: ]
[categorical_feature: ]
[forcedbins_filename: ]
[precise_float_parser: 0]
[parser_config_file: ]
[objective_seed: 5]
[num_class: 1]
[is_unbalance: 0]
[scale_pos_weight: 1]
[sigmoid: 1]
[boost_from_average: 1]
[reg_sqrt: 0]
[alpha: 0.9]
[fair_c: 1]
[poisson_max_delta_step: 0.7]
[tweedie_variance_power: 1.5]
[lambdarank_truncation_level: 30]
[lambdarank_norm: 1]
[label_gain: ]
[lambdarank_position_bias_regularization: 0]
[eval_at: ]
[multi_error_top_k: 1]
[auc_mu_weights: ]
[num_machines: 1]
[local_listen_port: 12400]
[time_out: 120]
[machine_list_filename: ]
[machines: ]
[gpu_platform_id: -1]
[gpu_device_id: -1]
[gpu_use_dp: 0]
[num_gpu: 1]

end of parameters

pandas_categorical:null
